buyer_id,age,gender,annual_income_usd,city_type,daily_commute_km,number_of_cars_owned,current_car_type,charging_stations_near_home,charging_stations_near_work,home_charging_possible,environmental_concern_level,subsidy_available,range_anxiety_level,will_buy_ev,age_group
EV00001,56,Male,44906.0,Rural,18.1,1,Truck,1,0,Yes,4,Yes,Low,No,51-60
EV00002,36,Male,88754.0,Rural,5.0,1,SUV,2,3,Yes,1,Yes,Low,No,31-40
EV00003,42,Male,155958.0,Urban,32.2,2,Sedan,14,3,No,2,Yes,Medium,Yes,41-50
EV00004,31,Male,37059.0,Rural,89.9,1,Sedan,2,1,Yes,4,No,Low,No,31-40
EV00005,48,Female,48552.0,Rural,71.0,1,Sedan,2,0,Yes,3,Yes,Low,No,41-50
EV00006,36,Male,65370.0,Urban,75.7,2,SUV,6,8,Yes,5,Yes,Low,No,31-40
EV00007,34,Female,128669.0,Rural,85.4,1,Hatchback,2,2,Yes,5,Yes,Low,Yes,31-40
EV00008,38,Male,93811.0,Urban,12.0,3,Hatchback,14,10,No,2,Yes,Low,No,31-40
EV00009,65,Female,104837.0,Urban,40.6,2,Truck,13,3,No,3,Yes,Low,Yes,61-70
EV00010,29,Female,87121.0,Suburban,42.9,2,SUV,5,2,Yes,5,No,Low,No,18-30
EV00011,65,Other,88554.0,Urban,45.0,2,Hatchback,8,8,Yes,3,No,Low,No,61-70
EV00012,53,Male,109461.0,Suburban,49.5,2,Sedan,5,6,Yes,1,No,Low,No,51-60
EV00013,25,Male,83760.0,Urban,44.7,3,SUV,12,9,No,2,Yes,Low,Yes,18-30
EV00014,30,Female,60341.0,Urban,30.6,2,Hatchback,7,4,No,5,Yes,Low,No,18-30
EV00015,37,Male,85800.0,Suburban,35.4,2,Truck,0,2,No,2,No,Medium,No,31-40
EV00016,54,Male,106008.0,Rural,22.9,1,Sedan,1,1,Yes,5,Yes,Low,No,51-60
EV00017,65,Female,98346.0,Rural,26.9,2,SUV,1,3,Yes,5,No,Low,No,61-70
EV00018,44,Male,120226.0,Urban,49.1,3,Hatchback,2,19,No,4,Yes,Medium,No,41-50
EV00019,33,Male,75736.0,Suburban,52.1,2,Truck,2,8,Yes,1,Yes,Low,No,31-40
EV00020,54,Female,54729.0,Suburban,67.6,1,SUV,1,9,Yes,1,Yes,Low,No,51-60
EV00021,59,Male,56001.0,Urban,85.2,2,SUV,9,16,No,5,Yes,Low,Yes,51-60
EV00022,69,Female,56342.0,Urban,95.0,2,Sedan,9,19,Yes,1,Yes,Low,No,61-70
EV00023,33,Female,79934.0,Suburban,40.0,2,Hatchback,7,5,Yes,3,Yes,Low,No,31-40
EV00024,44,Female,108205.0,Urban,81.3,1,Sedan,13,19,Yes,2,No,Low,No,41-50
EV00025,35,Female,112801.0,Urban,21.8,1,Sedan,8,3,No,1,Yes,Low,No,31-40
EV00026,37,Male,115169.0,Suburban,27.0,1,SUV,5,1,No,3,Yes,Medium,No,31-40
EV00027,56,Male,77164.0,Suburban,18.3,2,Sedan,4,6,Yes,1,Yes,Low,No,51-60
EV00028,68,Male,59698.0,Suburban,56.0,1,Sedan,0,3,Yes,4,No,Low,No,61-70
EV00029,48,Male,151911.0,Urban,22.4,1,SUV,9,16,Yes,1,Yes,Low,No,41-50
EV00030,25,Female,102879.0,Urban,50.7,3,Sedan,2,8,Yes,1,No,Low,No,18-30
EV00031,66,Male,59703.0,Urban,42.3,2,Hatchback,4,4,Yes,1,Yes,Low,No,61-70
EV00032,34,Male,87624.0,Urban,16.7,2,Sedan,8,12,No,3,Yes,Low,Yes,31-40
EV00033,33,Male,90104.0,Rural,58.5,2,SUV,0,0,Yes,5,No,Low,No,31-40
EV00034,61,Male,116015.0,Urban,5.0,2,SUV,2,10,No,3,Yes,Low,No,61-70
EV00035,44,Female,128080.0,Suburban,21.7,2,Sedan,7,4,Yes,2,No,Low,No,41-50
EV00036,60,Male,84708.0,Urban,33.1,4,SUV,6,12,No,4,No,Medium,No,51-60
EV00037,53,Female,105536.0,Urban,37.1,2,Hatchback,10,12,Yes,5,No,Low,No,51-60
EV00038,32,Male,83198.0,Suburban,45.1,1,SUV,6,9,Yes,2,No,Low,No,31-40
EV00039,35,Female,137112.0,Urban,22.0,2,SUV,7,18,No,2,No,Low,No,31-40
EV00040,64,Male,36128.0,Urban,64.7,1,Hatchback,12,14,Yes,3,Yes,Low,No,61-70
EV00041,63,Male,88159.0,Urban,8.3,2,Hatchback,10,11,No,2,Yes,Low,Yes,61-70
EV00042,34,Male,74022.0,Suburban,11.9,2,Hatchback,5,4,Yes,3,No,Low,No,31-40
EV00043,43,Male,86147.0,Rural,5.0,2,Hatchback,1,0,Yes,5,No,Low,No,41-50
EV00044,32,Male,42679.0,Urban,19.4,1,SUV,9,8,No,1,Yes,Low,No,31-40
EV00045,64,Male,45307.0,Suburban,60.5,2,SUV,7,2,No,1,Yes,Medium,No,61-70
EV00046,40,Male,88503.0,Urban,5.0,1,SUV,11,8,No,2,Yes,Low,No,31-40
EV00047,69,Male,45787.0,Urban,45.8,2,Sedan,7,9,No,3,No,Medium,No,61-70
EV00048,25,Male,30000.0,Suburban,59.2,1,SUV,0,1,Yes,5,Yes,Low,No,18-30
EV00049,67,Male,54878.0,Urban,38.9,2,Sedan,9,9,Yes,3,Yes,Low,No,61-70
EV00050,37,Male,51068.0,Suburban,42.1,2,SUV,6,6,Yes,3,No,Low,No,31-40
EV00051,42,Male,124042.0,Suburban,46.7,2,Hatchback,2,3,Yes,5,Yes,Low,Yes,41-50
EV00052,36,Male,54580.0,Suburban,60.5,1,SUV,2,9,Yes,4,No,Low,No,31-40
EV00053,40,Male,39063.0,Urban,5.0,2,Sedan,14,7,Yes,3,Yes,Low,No,31-40
EV00054,58,Male,68155.0,Suburban,24.4,2,Sedan,1,4,No,2,Yes,Medium,No,51-60
EV00055,54,Female,30000.0,Urban,35.3,2,Sedan,2,8,Yes,3,No,Low,No,51-60
EV00056,49,Female,47733.0,Urban,50.1,1,Truck,2,6,Yes,2,Yes,Low,No,41-50
EV00057,61,Female,56454.0,Urban,78.9,1,Hatchback,9,18,No,1,Yes,Low,No,61-70
EV00058,44,Other,118688.0,Urban,81.1,1,Sedan,13,9,Yes,2,Yes,Low,No,41-50
EV00059,60,Male,84708.0,Rural,32.9,2,Hatchback,0,0,Yes,5,Yes,Low,Yes,51-60
EV00060,55,Female,101814.0,Urban,5.0,2,Sedan,8,8,No,2,Yes,Medium,No,51-60
EV00061,35,Male,116042.0,Suburban,58.9,1,SUV,2,6,Yes,2,No,Low,No,31-40
EV00062,64,Female,63647.0,Urban,40.6,1,Sedan,14,9,No,1,No,Low,No,61-70
EV00063,45,Male,92502.0,Urban,49.3,1,Sedan,13,19,No,5,Yes,Low,No,41-50
EV00064,52,Male,99320.0,Suburban,40.2,2,SUV,3,9,No,1,No,Low,No,51-60
EV00065,33,Male,34931.0,Urban,51.8,1,Hatchback,2,13,No,3,Yes,Medium,No,31-40
EV00066,47,Male,41847.0,Urban,49.4,3,Hatchback,7,9,Yes,5,Yes,Low,No,41-50
EV00067,51,Female,91292.0,Urban,71.4,2,Sedan,6,5,No,1,Yes,Low,No,51-60
EV00068,48,Male,63912.0,Urban,29.2,1,Hatchback,5,16,No,2,Yes,Low,No,41-50
EV00069,62,Female,46223.0,Suburban,44.3,2,Sedan,3,7,Yes,3,No,Low,No,61-70
EV00070,47,Female,102868.0,Suburban,52.2,1,Sedan,7,2,Yes,4,Yes,Low,Yes,41-50
EV00071,34,Female,84708.0,Suburban,69.6,2,SUV,4,2,Yes,3,Yes,Low,Yes,31-40
EV00072,27,Female,77759.0,Rural,13.0,2,Hatchback,1,1,Yes,5,Yes,Low,Yes,18-30
EV00073,43,Female,137568.0,Rural,15.2,1,Sedan,0,1,Yes,2,No,Low,No,41-50
EV00074,53,Female,68713.0,Urban,50.9,2,Sedan,10,11,Yes,4,Yes,Low,Yes,51-60
EV00075,36,Female,97685.0,Urban,26.4,1,Sedan,6,4,Yes,3,No,Low,No,31-40
EV00076,35,Female,52349.0,Suburban,74.5,1,Hatchback,6,5,No,4,No,Medium,No,31-40
EV00077,55,Male,90350.0,Suburban,64.2,2,SUV,0,5,No,4,Yes,High,No,51-60
EV00078,60,Male,71949.0,Suburban,25.1,1,SUV,5,4,Yes,1,No,Low,No,51-60
EV00079,53,Male,143044.0,Urban,27.3,2,Sedan,5,13,Yes,4,Yes,Low,Yes,51-60
EV00080,28,Male,75226.0,Suburban,69.5,2,SUV,7,6,No,4,Yes,Medium,No,18-30
EV00081,44,Male,30000.0,Urban,36.2,1,SUV,13,16,Yes,3,Yes,Low,No,41-50
EV00082,45,Female,81991.0,Urban,19.5,2,SUV,3,9,No,3,No,Medium,No,41-50
EV00083,39,Male,30000.0,Urban,31.0,1,SUV,13,15,No,3,Yes,Medium,No,31-40
EV00084,30,Female,30000.0,Urban,26.4,3,SUV,9,8,Yes,1,No,Low,No,18-30
EV00085,30,Female,88411.0,Rural,41.5,3,Sedan,0,3,Yes,4,Yes,Low,No,18-30
EV00086,31,Female,82374.0,Urban,81.2,2,Sedan,8,14,No,3,No,Low,No,31-40
EV00087,49,Male,135989.0,Suburban,5.0,2,Truck,3,2,No,3,Yes,Low,Yes,41-50
EV00088,64,Male,80731.0,Urban,72.7,1,SUV,9,10,Yes,1,No,Low,No,61-70
EV00089,62,Female,30000.0,Suburban,43.9,2,Sedan,5,9,Yes,3,Yes,Low,No,61-70
EV00090,32,Male,119804.0,Suburban,80.9,2,Hatchback,6,7,Yes,4,Yes,Low,Yes,31-40
EV00091,62,Female,147235.0,Urban,43.2,1,Sedan,11,16,Yes,1,Yes,Low,No,61-70
EV00092,29,Male,95129.0,Suburban,5.0,2,Hatchback,1,9,Yes,1,Yes,Low,No,18-30
EV00093,48,Female,161488.0,Urban,33.4,3,Sedan,13,14,No,2,No,Low,No,41-50
EV00094,60,Male,72262.0,Urban,40.9,2,SUV,8,11,No,1,Yes,Medium,No,51-60
EV00095,40,Female,68909.0,Urban,44.3,2,Sedan,11,4,No,4,Yes,Low,Yes,31-40
EV00096,59,Male,73458.0,Suburban,28.2,1,Hatchback,3,5,Yes,2,Yes,Low,No,51-60
EV00097,28,Male,96810.0,Urban,40.6,2,Sedan,5,12,Yes,1,No,Low,No,18-30
EV00098,43,Male,109349.0,Suburban,5.0,2,Hatchback,5,1,Yes,3,Yes,Low,No,41-50
EV00099,38,Female,98035.0,Urban,78.0,2,Sedan,7,5,No,1,No,Medium,No,31-40
EV00100,28,Male,57048.0,Suburban,40.2,2,Sedan,0,5,Yes,2,Yes,Low,No,18-30
EV00101,62,Male,73961.0,Rural,44.2,1,Sedan,0,3,Yes,1,Yes,Low,No,61-70
EV00102,54,Male,66570.0,Suburban,50.6,1,SUV,7,6,Yes,1,Yes,Low,No,51-60
EV00103,47,Female,78293.0,Urban,39.3,1,Truck,10,8,No,4,Yes,High,No,41-50
EV00104,46,Male,114842.0,Urban,30.0,1,SUV,2,3,No,4,No,Low,Yes,41-50
EV00105,46,Male,172772.0,Suburban,50.4,2,SUV,6,9,Yes,3,Yes,Low,Yes,41-50
EV00106,42,Male,92251.0,Urban,61.1,1,Sedan,9,16,No,5,Yes,Low,Yes,41-50
EV00107,48,Female,70475.0,Rural,60.9,1,SUV,1,2,No,1,Yes,Medium,No,41-50
EV00108,68,Male,75946.0,Rural,31.6,2,SUV,1,0,Yes,4,No,Low,No,61-70
EV00109,55,Male,134063.0,Urban,48.5,2,Sedan,4,12,Yes,5,Yes,Low,Yes,51-60
EV00110,61,Male,100474.0,Suburban,67.2,1,Sedan,6,5,Yes,4,Yes,Low,Yes,61-70
EV00111,32,Female,30000.0,Rural,5.0,2,Sedan,1,0,Yes,3,Yes,Low,Yes,31-40
EV00112,45,Female,90029.0,Suburban,53.5,2,Sedan,4,5,Yes,2,No,Low,No,41-50
EV00113,52,Female,100447.0,Suburban,86.0,1,Sedan,1,1,Yes,3,No,Low,No,51-60
EV00114,36,Female,59901.0,Urban,102.8,3,Sedan,2,18,No,3,Yes,Medium,No,31-40
EV00115,30,Female,32083.0,Urban,19.4,1,SUV,13,19,No,4,Yes,Low,No,18-30
EV00116,47,Female,132386.0,Urban,39.4,2,SUV,4,4,No,2,No,Medium,No,41-50
EV00117,50,Male,68380.0,Rural,5.0,1,Hatchback,0,2,Yes,4,Yes,Low,No,41-50
EV00118,43,Male,64417.0,Urban,5.4,1,Sedan,6,14,No,5,No,Low,No,41-50
EV00119,38,Male,45138.0,Suburban,55.3,1,SUV,4,8,Yes,1,No,Low,No,31-40
EV00120,63,Female,30033.0,Urban,6.5,4,SUV,4,12,No,2,No,Low,No,61-70
EV00121,28,Female,80601.0,Suburban,62.5,1,Sedan,7,5,No,4,No,Medium,No,18-30
EV00122,39,Male,72949.0,Urban,17.4,2,SUV,13,4,Yes,4,Yes,Low,Yes,31-40
EV00123,48,Male,93316.0,Urban,34.5,1,Sedan,14,9,No,2,No,Low,No,41-50
EV00124,38,Male,30000.0,Rural,20.1,2,Truck,0,0,Yes,1,Yes,Low,No,31-40
EV00125,49,Female,89539.0,Suburban,32.1,2,Sedan,2,5,No,3,Yes,Low,No,41-50
EV00126,45,Female,95247.0,Urban,40.2,2,Sedan,3,11,No,3,Yes,Medium,No,41-50
EV00127,25,Male,122872.0,Urban,72.1,1,SUV,13,17,Yes,5,No,Low,No,18-30
EV00128,54,Other,71212.0,Urban,54.3,2,Truck,10,12,No,5,Yes,Low,No,51-60
EV00129,36,Female,84708.0,Suburban,55.1,2,Sedan,1,9,Yes,2,No,Low,No,31-40
EV00130,65,Female,184032.0,Suburban,45.6,1,Sedan,2,3,No,3,No,Low,No,61-70
EV00131,52,Female,104538.0,Suburban,21.2,1,Truck,1,5,Yes,5,Yes,Low,Yes,51-60
EV00132,58,Female,67575.0,Urban,29.7,2,Sedan,3,13,No,3,Yes,Low,No,51-60
EV00133,49,Female,40878.0,Rural,5.0,1,Hatchback,2,0,Yes,3,Yes,Low,No,41-50
EV00134,61,Female,65775.0,Rural,26.9,2,Sedan,0,3,Yes,5,Yes,Low,Yes,61-70
EV00135,63,Male,53486.0,Suburban,5.0,2,Sedan,6,4,Yes,3,No,Low,No,61-70
EV00136,34,Male,133659.0,Urban,19.0,1,SUV,10,18,No,3,Yes,Low,No,31-40
EV00137,28,Male,72182.0,Suburban,21.7,1,Sedan,4,5,Yes,1,Yes,Low,No,18-30
EV00138,68,Male,105134.0,Rural,12.7,2,Sedan,2,2,Yes,2,No,Low,No,61-70
EV00139,26,Female,57160.0,Urban,94.0,2,Truck,14,5,No,3,Yes,Low,No,18-30
EV00140,40,Male,124982.0,Urban,65.3,1,Hatchback,9,11,No,5,Yes,Low,Yes,31-40
EV00141,29,Male,90353.0,Urban,40.2,1,Sedan,6,4,No,3,No,Medium,No,18-30
EV00142,29,Male,145914.0,Urban,32.7,1,Sedan,6,6,Yes,1,No,Low,No,18-30
EV00143,61,Male,84708.0,Suburban,35.2,2,Sedan,7,5,Yes,1,No,Low,No,61-70
EV00144,43,Female,30244.0,Urban,59.4,1,Sedan,11,14,Yes,2,Yes,Low,No,41-50
EV00145,39,Male,73940.0,Suburban,59.1,2,Sedan,7,8,Yes,1,Yes,Low,No,31-40
EV00146,53,Male,117729.0,Urban,71.7,4,SUV,13,13,Yes,5,No,Low,No,51-60
EV00147,42,Male,30000.0,Urban,64.5,3,Sedan,2,10,No,4,Yes,High,No,41-50
EV00148,48,Female,77008.0,Suburban,81.3,1,Hatchback,2,7,Yes,5,Yes,Low,Yes,41-50
EV00149,41,Male,84708.0,Urban,15.1,3,Truck,8,7,Yes,4,No,Low,No,41-50
EV00150,31,Male,44080.0,Rural,45.9,1,SUV,0,2,Yes,4,No,Low,No,31-40
EV00151,32,Male,72754.0,Suburban,57.4,1,Sedan,2,4,Yes,4,No,Low,No,31-40
EV00152,45,Male,110321.0,Urban,8.4,1,Sedan,13,18,No,4,Yes,Low,Yes,41-50
EV00153,35,Male,75822.0,Urban,73.4,2,Sedan,3,4,No,2,Yes,Low,No,31-40
EV00154,67,Female,126746.0,Rural,23.0,2,SUV,1,1,Yes,3,Yes,Low,Yes,61-70
EV00155,57,Male,54139.0,Urban,45.7,3,SUV,5,13,No,2,No,Medium,No,51-60
EV00156,68,Male,84708.0,Suburban,44.5,2,Hatchback,4,7,Yes,4,Yes,Low,Yes,61-70
EV00157,64,Male,79224.0,Suburban,38.6,2,Sedan,4,9,Yes,5,Yes,Low,No,61-70
EV00158,48,Female,35750.0,Suburban,31.7,2,Sedan,1,9,No,5,Yes,High,No,41-50
EV00159,47,Female,70350.0,Rural,5.0,1,Sedan,2,0,Yes,3,Yes,Low,No,41-50
EV00160,46,Male,124058.0,Suburban,41.6,1,SUV,5,6,Yes,2,Yes,Low,No,41-50
EV00161,51,Female,62144.0,Urban,5.0,1,Sedan,5,14,No,1,No,Low,No,51-60
EV00162,37,Male,63825.0,Suburban,40.2,4,Sedan,4,2,Yes,5,Yes,Low,Yes,31-40
EV00163,27,Female,95207.0,Suburban,42.7,3,Sedan,4,2,Yes,4,No,Low,No,18-30
EV00164,65,Female,30000.0,Urban,39.3,2,Sedan,7,16,Yes,4,Yes,Low,No,61-70
EV00165,42,Female,123312.0,Urban,45.7,1,Hatchback,2,3,Yes,5,No,Low,No,41-50
EV00166,26,Male,65556.0,Suburban,14.0,1,SUV,3,9,Yes,5,No,Low,No,18-30
EV00167,50,Female,78252.0,Rural,44.7,1,Sedan,2,3,Yes,5,Yes,Low,Yes,41-50
EV00168,27,Male,30000.0,Suburban,37.6,1,SUV,2,2,Yes,5,Yes,Low,No,18-30
EV00169,41,Female,97763.0,Urban,67.3,2,Sedan,13,17,No,4,Yes,Low,No,41-50
EV00170,27,Male,96295.0,Urban,12.1,2,Sedan,3,18,Yes,2,No,Low,No,18-30
EV00171,49,Male,144762.0,Urban,27.5,1,Truck,2,6,Yes,3,No,Low,No,41-50
EV00172,40,Female,114869.0,Rural,63.3,1,SUV,0,2,Yes,1,Yes,Low,Yes,31-40
EV00173,54,Female,30000.0,Rural,27.3,3,Hatchback,1,2,Yes,3,No,Low,No,51-60
EV00174,31,Female,98373.0,Rural,32.7,1,Hatchback,2,3,Yes,3,Yes,Low,Yes,31-40
EV00175,53,Male,92473.0,Suburban,29.8,1,Truck,6,3,No,1,Yes,Medium,No,51-60
EV00176,67,Male,116886.0,Suburban,69.1,2,SUV,4,6,Yes,2,No,Low,No,61-70
EV00177,47,Female,133640.0,Suburban,85.0,2,Sedan,7,1,Yes,1,Yes,Medium,No,41-50
EV00178,45,Male,47885.0,Urban,57.9,3,SUV,6,13,Yes,4,Yes,Low,Yes,41-50
EV00179,50,Female,35150.0,Rural,25.0,1,SUV,1,3,Yes,1,No,Low,No,41-50
EV00180,58,Female,92385.0,Suburban,70.1,3,Truck,0,5,Yes,5,Yes,Low,Yes,51-60
EV00181,32,Female,86258.0,Urban,55.1,2,Sedan,12,10,No,3,No,Medium,No,31-40
EV00182,33,Male,94589.0,Urban,17.3,1,Sedan,4,12,Yes,1,No,Low,No,31-40
EV00183,41,Female,112037.0,Suburban,7.0,2,Hatchback,6,3,Yes,4,Yes,Low,Yes,41-50
EV00184,54,Male,98396.0,Suburban,17.3,3,SUV,5,6,Yes,3,Yes,Low,Yes,51-60
EV00185,25,Male,51207.0,Suburban,40.8,1,Sedan,1,9,Yes,5,Yes,Low,Yes,18-30
EV00186,69,Female,108462.0,Urban,76.3,4,Sedan,8,3,No,2,Yes,Medium,No,61-70
EV00187,65,Male,40588.0,Urban,45.4,1,SUV,13,8,No,4,Yes,Medium,No,61-70
EV00188,64,Male,72483.0,Rural,46.4,2,Sedan,0,2,Yes,2,Yes,Low,No,61-70
EV00189,41,Male,58052.0,Rural,55.5,3,SUV,1,1,Yes,4,No,Low,No,41-50
EV00190,63,Female,36242.0,Urban,46.4,2,SUV,3,15,Yes,3,Yes,Low,No,61-70
EV00191,64,Other,92760.0,Suburban,28.9,1,Sedan,1,9,Yes,2,No,Low,No,61-70
EV00192,64,Female,30000.0,Suburban,53.4,1,Sedan,5,2,Yes,2,No,Low,No,61-70
EV00193,60,Male,76110.0,Rural,45.4,2,Truck,1,1,Yes,4,No,Low,No,51-60
EV00194,50,Female,59336.0,Rural,22.7,1,Sedan,2,2,Yes,3,Yes,Low,No,41-50
EV00195,56,Male,72047.0,Urban,75.0,2,Sedan,10,4,No,2,No,Medium,No,51-60
EV00196,36,Female,123501.0,Urban,33.7,2,Hatchback,9,15,No,1,No,Low,No,31-40
EV00197,33,Male,44583.0,Suburban,45.0,3,Sedan,3,6,Yes,2,Yes,Low,Yes,31-40
EV00198,36,Male,73155.0,Suburban,39.6,1,Sedan,7,1,Yes,5,Yes,Low,No,31-40
EV00199,37,Male,40754.0,Urban,5.0,1,Sedan,6,8,Yes,1,Yes,Low,No,31-40
EV00200,40,Female,122777.0,Urban,72.6,1,SUV,5,10,Yes,4,No,Low,No,31-40
EV00201,47,Male,120429.0,Urban,19.6,1,SUV,2,3,Yes,4,No,Low,No,41-50
EV00202,62,Female,126487.0,Suburban,26.7,1,SUV,2,5,Yes,2,No,Low,No,61-70
EV00203,27,Male,137573.0,Suburban,85.4,2,SUV,7,1,Yes,4,No,Low,No,18-30
EV00204,63,Male,140561.0,Urban,57.5,2,Sedan,8,19,No,3,Yes,Low,Yes,61-70
EV00205,67,Male,112536.0,Suburban,24.6,2,Sedan,4,3,No,5,Yes,Low,Yes,61-70
EV00206,26,Female,119807.0,Suburban,48.4,2,Sedan,5,3,Yes,3,Yes,Low,No,18-30
EV00207,59,Female,52740.0,Suburban,10.2,2,Sedan,7,5,Yes,2,No,Low,No,51-60
EV00208,62,Male,66471.0,Urban,73.9,2,SUV,12,7,No,5,No,Medium,No,61-70
EV00209,60,Female,134700.0,Urban,37.2,2,Sedan,12,18,No,2,Yes,Low,Yes,51-60
EV00210,67,Male,131660.0,Rural,94.6,1,Sedan,0,2,Yes,3,No,Low,Yes,61-70
EV00211,62,Female,99628.0,Suburban,40.3,2,Sedan,6,4,Yes,5,Yes,Low,Yes,61-70
EV00212,69,Male,57622.0,Urban,50.7,1,SUV,12,3,No,1,No,Medium,No,61-70
EV00213,69,Female,102455.0,Suburban,37.9,1,SUV,1,6,Yes,2,Yes,Low,No,61-70
EV00214,56,Female,95334.0,Urban,5.0,1,Truck,11,17,Yes,5,Yes,Low,Yes,51-60
EV00215,40,Male,202395.0,Suburban,40.7,2,Hatchback,0,9,Yes,2,No,Low,No,31-40
EV00216,46,Male,30000.0,Urban,53.2,2,Hatchback,4,8,Yes,4,No,Low,No,41-50
EV00217,28,Male,96964.0,Urban,52.7,1,Hatchback,14,15,No,2,Yes,Low,No,18-30
EV00218,34,Male,59286.0,Urban,5.0,1,Hatchback,5,6,No,4,No,Medium,No,31-40
EV00219,54,Female,87726.0,Urban,42.9,2,Sedan,9,4,Yes,5,No,Low,Yes,51-60
EV00220,55,Female,30000.0,Suburban,19.8,2,Hatchback,0,9,Yes,5,Yes,Low,Yes,51-60
EV00221,60,Male,96891.0,Suburban,14.4,4,Truck,1,6,Yes,5,Yes,Low,No,51-60
EV00222,65,Female,87712.0,Urban,5.0,2,Truck,12,17,Yes,2,Yes,Low,No,61-70
EV00223,49,Female,79769.0,Urban,30.3,2,Sedan,12,18,Yes,3,Yes,Low,No,41-50
EV00224,55,Male,95679.0,Urban,5.0,1,Truck,7,3,Yes,2,No,Low,No,51-60
EV00225,64,Female,134501.0,Urban,48.9,1,Sedan,13,19,Yes,4,No,Low,No,61-70
EV00226,47,Female,91775.0,Rural,32.1,1,Hatchback,2,3,Yes,2,Yes,Low,No,41-50
EV00227,42,Male,107212.0,Suburban,72.4,2,SUV,5,3,No,3,No,Medium,No,41-50
EV00228,29,Male,73985.0,Urban,32.3,1,SUV,10,12,No,4,Yes,Low,Yes,18-30
EV00229,42,Male,66977.0,Urban,5.0,1,Hatchback,2,10,No,4,Yes,Low,No,41-50
EV00230,43,Other,155798.0,Urban,48.2,3,SUV,8,13,No,2,Yes,Low,No,41-50
EV00231,44,Female,93100.0,Rural,82.9,1,Sedan,0,3,Yes,2,Yes,Low,No,41-50
EV00232,43,Female,133234.0,Urban,5.0,2,SUV,13,8,Yes,3,No,Low,No,41-50
EV00233,32,Female,94902.0,Urban,50.4,1,Sedan,12,13,No,3,No,Medium,No,31-40
EV00234,28,Male,39901.0,Suburban,78.8,2,Truck,1,4,Yes,3,No,Low,No,18-30
EV00235,59,Female,55542.0,Suburban,13.1,1,Hatchback,5,9,Yes,2,Yes,Low,No,51-60
EV00236,37,Female,61690.0,Urban,60.3,2,SUV,2,12,No,2,Yes,Medium,No,31-40
EV00237,55,Male,77274.0,Urban,41.2,2,Sedan,8,16,No,4,No,Medium,No,51-60
EV00238,45,Female,115755.0,Urban,33.1,1,SUV,11,17,Yes,5,Yes,Low,Yes,41-50
EV00239,30,Male,83367.0,Urban,65.1,3,Sedan,5,3,No,2,Yes,Medium,No,18-30
EV00240,34,Female,109775.0,Urban,39.6,1,SUV,9,18,No,3,No,Low,No,31-40
EV00241,59,Male,164179.0,Urban,65.1,2,SUV,4,11,No,2,Yes,Medium,No,51-60
EV00242,30,Female,57624.0,Urban,66.5,1,SUV,13,12,No,2,Yes,Medium,No,18-30
EV00243,50,Male,105601.0,Suburban,56.8,4,Sedan,5,5,Yes,5,Yes,Low,Yes,41-50
EV00244,39,Female,104074.0,Urban,34.0,2,SUV,5,17,Yes,1,No,Low,No,31-40
EV00245,53,Male,75723.0,Urban,16.5,2,Hatchback,11,16,No,5,Yes,Low,Yes,51-60
EV00246,35,Male,30000.0,Urban,43.7,2,Sedan,14,16,Yes,5,Yes,Low,No,31-40
EV00247,36,Male,121824.0,Urban,55.3,2,Truck,8,13,No,1,No,Medium,No,31-40
EV00248,58,Female,30000.0,Suburban,99.0,1,SUV,1,3,Yes,4,Yes,Low,No,51-60
EV00249,34,Male,69465.0,Urban,6.0,1,Hatchback,10,10,No,4,Yes,Low,Yes,31-40
EV00250,68,Female,64020.0,Urban,53.3,1,Sedan,14,15,Yes,3,Yes,Low,No,61-70
EV00251,45,Male,66434.0,Urban,96.0,3,Hatchback,2,3,No,1,No,Medium,No,41-50
EV00252,43,Male,102231.0,Suburban,75.5,2,Sedan,2,5,Yes,3,No,Medium,No,41-50
EV00253,55,Male,89729.0,Rural,18.4,2,Sedan,0,3,Yes,2,Yes,Low,No,51-60
EV00254,28,Male,30000.0,Urban,67.0,2,Truck,8,9,No,4,No,Medium,No,18-30
EV00255,54,Female,30000.0,Urban,25.2,3,Sedan,6,16,No,4,No,Low,No,51-60
EV00256,52,Female,84708.0,Urban,28.3,1,SUV,6,18,No,4,Yes,Low,No,51-60
EV00257,42,Female,53122.0,Suburban,18.9,1,Sedan,3,2,Yes,5,No,Low,No,41-50
EV00258,32,Female,88201.0,Suburban,61.8,3,SUV,7,3,Yes,5,Yes,Low,Yes,31-40
EV00259,50,Female,112540.0,Rural,69.1,2,SUV,1,1,Yes,4,No,Low,No,41-50
EV00260,55,Female,47030.0,Urban,25.0,1,Truck,2,3,Yes,3,Yes,Low,Yes,51-60
EV00261,63,Female,128429.0,Urban,85.4,1,Sedan,8,19,No,1,No,Low,No,61-70
EV00262,46,Female,80353.0,Urban,51.5,1,Sedan,14,4,Yes,3,Yes,Low,No,41-50
EV00263,54,Male,30000.0,Suburban,5.0,1,Sedan,6,1,Yes,1,No,Low,No,51-60
EV00264,31,Female,40256.0,Urban,76.1,1,Hatchback,13,9,Yes,3,No,Low,No,31-40
EV00265,31,Female,87678.0,Urban,42.2,3,SUV,6,6,No,2,Yes,Low,No,31-40
EV00266,36,Female,76258.0,Suburban,5.0,2,Sedan,7,7,No,4,Yes,Low,No,31-40
EV00267,58,Male,63571.0,Urban,66.0,2,Sedan,13,14,Yes,3,No,Low,No,51-60
EV00268,69,Male,102883.0,Suburban,92.1,3,SUV,5,8,Yes,5,Yes,Low,Yes,61-70
EV00269,59,Male,73232.0,Suburban,33.0,1,SUV,3,1,Yes,1,Yes,Low,No,51-60
EV00270,64,Male,67598.0,Urban,35.2,1,Sedan,14,19,No,1,No,Low,No,61-70
EV00271,57,Male,64221.0,Urban,41.5,3,Sedan,7,3,No,4,Yes,Low,No,51-60
EV00272,48,Male,71090.0,Suburban,25.8,3,Sedan,2,5,Yes,4,Yes,Low,Yes,41-50
EV00273,39,Female,103376.0,Urban,53.8,3,SUV,2,8,Yes,3,No,Low,No,31-40
EV00274,46,Female,68476.0,Suburban,67.3,4,Truck,1,9,Yes,2,No,Low,No,41-50
EV00275,51,Female,71934.0,Urban,28.2,2,Hatchback,7,9,No,1,Yes,Low,No,51-60
EV00276,39,Male,93141.0,Urban,92.1,2,Sedan,12,4,No,2,Yes,Medium,No,31-40
EV00277,45,Male,101793.0,Rural,82.1,2,SUV,1,0,Yes,1,Yes,Low,No,41-50
EV00278,26,Female,72223.0,Rural,40.0,1,SUV,2,1,Yes,1,No,Low,No,18-30
EV00279,31,Male,109262.0,Urban,28.6,1,SUV,9,19,No,1,No,Low,No,31-40
EV00280,50,Female,64358.0,Urban,96.6,1,Truck,14,19,Yes,1,Yes,Low,No,41-50
EV00281,57,Female,90805.0,Suburban,34.3,4,Sedan,7,6,Yes,1,No,Low,No,51-60
EV00282,57,Male,115831.0,Suburban,31.6,1,Hatchback,6,4,Yes,2,No,Low,No,51-60
EV00283,56,Female,56521.0,Urban,31.4,2,SUV,10,7,No,3,Yes,Low,No,51-60
EV00284,66,Female,108802.0,Suburban,82.6,1,Sedan,0,4,Yes,3,Yes,Low,No,61-70
EV00285,67,Female,30000.0,Urban,5.0,2,Sedan,5,4,Yes,2,No,Low,No,61-70
EV00286,40,Male,59962.0,Urban,9.1,2,SUV,13,4,Yes,2,No,Low,No,31-40
EV00287,48,Female,124829.0,Urban,62.7,2,Sedan,2,12,No,5,No,Medium,No,41-50
EV00288,47,Female,109149.0,Suburban,58.1,1,SUV,2,5,Yes,5,Yes,Low,Yes,41-50
EV00289,55,Male,62006.0,Urban,22.0,2,Truck,3,15,No,1,No,Low,No,51-60
EV00290,64,Male,81449.0,Urban,20.4,2,Sedan,8,9,Yes,2,Yes,Low,No,61-70
EV00291,32,Female,32275.0,Rural,31.8,1,Hatchback,2,0,Yes,2,Yes,Low,No,31-40
EV00292,49,Male,90350.0,Suburban,54.1,2,SUV,5,1,Yes,4,No,Low,No,41-50
EV00293,66,Female,100048.0,Suburban,5.0,2,SUV,4,8,Yes,4,Yes,Low,Yes,61-70
EV00294,61,Female,81108.0,Suburban,38.0,1,Sedan,6,9,Yes,4,No,Low,No,61-70
EV00295,56,Female,77121.0,Urban,80.3,2,Sedan,9,9,Yes,5,Yes,Low,Yes,51-60
EV00296,41,Female,30000.0,Suburban,43.1,1,Sedan,0,7,Yes,4,No,Low,No,41-50
EV00297,48,Male,107191.0,Urban,17.9,1,SUV,6,12,No,2,Yes,Low,No,41-50
EV00298,47,Male,40478.0,Urban,96.7,1,Sedan,4,19,Yes,3,No,Low,No,41-50
EV00299,57,Female,86732.0,Urban,57.2,2,SUV,5,6,No,1,Yes,Low,No,51-60
EV00300,28,Male,51317.0,Urban,34.2,2,Hatchback,7,6,No,5,Yes,Low,No,18-30
EV00301,37,Female,93603.0,Urban,29.8,1,Hatchback,6,15,Yes,4,Yes,Low,No,31-40
EV00302,32,Male,82783.0,Urban,51.3,3,Sedan,6,4,No,2,Yes,Medium,No,31-40
EV00303,34,Male,44909.0,Rural,36.4,1,Truck,2,3,Yes,4,Yes,Low,No,31-40
EV00304,48,Female,152819.0,Suburban,24.6,1,SUV,0,1,Yes,4,Yes,Low,No,41-50
EV00305,56,Female,73288.0,Suburban,5.5,1,Truck,6,6,Yes,3,No,Low,No,51-60
EV00306,64,Female,90003.0,Suburban,52.9,1,SUV,2,4,Yes,3,Yes,Low,Yes,61-70
EV00307,64,Male,51726.0,Rural,28.0,1,SUV,0,0,Yes,2,Yes,Low,No,61-70
EV00308,25,Female,119401.0,Suburban,17.2,2,Sedan,3,1,Yes,3,Yes,Low,No,18-30
EV00309,49,Male,131482.0,Suburban,32.3,1,SUV,3,5,Yes,1,Yes,Medium,No,41-50
EV00310,37,Male,102679.0,Suburban,60.9,2,Sedan,0,4,Yes,2,Yes,Low,No,31-40
EV00311,54,Female,134191.0,Urban,44.3,3,Hatchback,8,12,Yes,4,Yes,Low,Yes,51-60
EV00312,44,Female,89671.0,Rural,30.4,1,Sedan,1,3,Yes,5,No,Low,No,41-50
EV00313,56,Male,83359.0,Suburban,49.0,2,Sedan,6,8,Yes,1,No,Low,No,51-60
EV00314,29,Male,55613.0,Rural,59.2,3,Sedan,0,2,Yes,4,Yes,Low,No,18-30
EV00315,30,Female,96869.0,Suburban,46.1,1,SUV,7,4,No,1,No,Medium,No,18-30
EV00316,32,Female,107495.0,Urban,78.0,1,Sedan,4,8,No,5,Yes,Medium,Yes,31-40
EV00317,65,Male,72600.0,Suburban,23.6,1,Hatchback,2,3,No,1,Yes,Low,No,61-70
EV00318,34,Male,117588.0,Urban,49.1,1,SUV,8,18,No,4,No,Low,Yes,31-40
EV00319,47,Male,122743.0,Urban,11.0,1,Hatchback,6,3,No,2,Yes,Medium,No,41-50
EV00320,39,Female,109272.0,Suburban,43.4,2,Sedan,2,6,Yes,3,Yes,Low,No,31-40
EV00321,58,Female,93217.0,Suburban,72.3,1,SUV,4,1,Yes,2,No,Low,No,51-60
EV00322,63,Male,106779.0,Suburban,62.7,2,SUV,3,7,Yes,3,No,Low,No,61-70
EV00323,50,Female,51202.0,Rural,42.3,1,Sedan,2,0,Yes,2,Yes,Low,No,41-50
EV00324,65,Male,96161.0,Urban,10.6,2,Sedan,2,10,Yes,1,No,Low,No,61-70
EV00325,42,Male,104489.0,Suburban,40.2,2,Truck,5,5,Yes,1,Yes,Low,No,41-50
EV00326,69,Male,67689.0,Urban,14.6,1,Sedan,7,12,Yes,3,Yes,Low,No,61-70
EV00327,57,Female,78720.0,Urban,55.1,1,Sedan,7,15,No,2,No,Medium,No,51-60
EV00328,44,Female,64373.0,Suburban,8.5,1,SUV,0,5,Yes,5,Yes,Low,Yes,41-50
EV00329,58,Male,54241.0,Urban,18.1,2,SUV,11,15,No,1,Yes,Low,No,51-60
EV00330,64,Male,76940.0,Urban,42.5,3,Sedan,13,10,No,5,Yes,Low,No,61-70
EV00331,65,Female,84708.0,Urban,80.3,3,Sedan,6,10,Yes,4,Yes,Low,No,61-70
EV00332,52,Female,84708.0,Rural,54.3,2,SUV,2,2,Yes,4,Yes,Low,Yes,51-60
EV00333,38,Female,69340.0,Urban,49.5,3,SUV,6,7,Yes,1,Yes,Low,No,31-40
EV00334,31,Male,73253.0,Urban,13.5,2,SUV,12,3,No,4,No,Medium,No,31-40
EV00335,40,Female,84708.0,Suburban,92.6,2,SUV,6,4,Yes,3,Yes,Low,No,31-40
EV00336,53,Female,38341.0,Rural,30.4,2,Hatchback,2,3,Yes,1,No,Low,No,51-60
EV00337,43,Female,113143.0,Suburban,44.7,1,Sedan,6,5,No,5,No,Medium,No,41-50
EV00338,55,Male,101747.0,Urban,30.5,1,SUV,7,8,No,2,No,Low,No,51-60
EV00339,26,Female,77719.0,Suburban,46.4,3,SUV,6,2,No,2,Yes,Medium,No,18-30
EV00340,65,Male,50809.0,Urban,22.7,2,Sedan,5,17,Yes,4,Yes,Low,No,61-70
EV00341,69,Female,97474.0,Rural,32.0,2,Sedan,1,1,Yes,2,Yes,Low,No,61-70
EV00342,43,Male,125860.0,Rural,66.3,1,Sedan,2,0,Yes,4,No,Low,No,41-50
EV00343,59,Male,109156.0,Urban,5.0,1,SUV,5,13,No,4,No,Low,No,51-60
EV00344,30,Female,31488.0,Suburban,5.0,1,Truck,3,2,Yes,5,Yes,Low,No,18-30
EV00345,44,Female,86934.0,Suburban,66.2,1,Hatchback,1,7,Yes,3,Yes,Low,No,41-50
EV00346,52,Female,89212.0,Rural,70.6,2,Truck,2,1,Yes,1,No,Low,No,51-60
EV00347,51,Male,142842.0,Urban,21.7,1,Truck,3,16,No,3,No,Low,No,51-60
EV00348,45,Male,64584.0,Urban,78.3,1,Hatchback,14,13,Yes,3,No,Low,No,41-50
EV00349,48,Male,41327.0,Rural,44.8,1,Sedan,2,3,Yes,3,Yes,Low,No,41-50
EV00350,45,Female,92887.0,Suburban,10.1,2,Sedan,0,6,No,1,Yes,Medium,No,41-50
EV00351,42,Female,54116.0,Suburban,76.1,2,SUV,3,7,No,4,Yes,High,No,41-50
EV00352,25,Female,81190.0,Urban,65.6,3,SUV,11,7,Yes,3,Yes,Low,Yes,18-30
EV00353,69,Male,106333.0,Rural,31.3,1,SUV,0,3,Yes,2,No,Low,No,61-70
EV00354,29,Male,87595.0,Suburban,65.5,2,Truck,6,8,Yes,5,Yes,Low,No,18-30
EV00355,35,Female,47771.0,Urban,82.9,3,Truck,7,19,No,4,No,Low,No,31-40
EV00356,43,Male,103485.0,Suburban,46.5,3,Sedan,7,5,Yes,4,Yes,Low,Yes,41-50
EV00357,62,Male,42562.0,Urban,47.1,2,Sedan,7,3,Yes,3,No,Low,No,61-70
EV00358,54,Female,71462.0,Rural,42.7,2,SUV,1,1,No,1,Yes,Medium,No,51-60
EV00359,34,Male,70443.0,Rural,5.0,2,SUV,2,0,Yes,5,Yes,Low,Yes,31-40
EV00360,30,Male,129606.0,Suburban,82.3,3,Sedan,0,2,Yes,4,Yes,Low,No,18-30
EV00361,62,Female,124368.0,Urban,28.6,2,Sedan,11,13,Yes,2,Yes,Low,No,61-70
EV00362,60,Male,184215.0,Suburban,44.3,2,Sedan,3,9,No,3,Yes,Medium,Yes,51-60
EV00363,40,Female,67081.0,Urban,10.4,2,Sedan,11,17,Yes,3,No,Low,No,31-40
EV00364,65,Female,82508.0,Suburban,65.8,3,SUV,7,4,No,1,No,Low,No,61-70
EV00365,67,Female,95721.0,Suburban,5.0,2,SUV,4,3,Yes,4,No,Low,No,61-70
EV00366,32,Male,113725.0,Urban,24.2,3,Sedan,3,5,Yes,4,No,Low,No,31-40
EV00367,62,Other,53431.0,Urban,18.2,1,Sedan,12,19,No,5,No,Low,No,61-70
EV00368,32,Male,108881.0,Urban,5.0,2,SUV,11,3,No,3,Yes,Low,Yes,31-40
EV00369,52,Male,126405.0,Urban,34.4,2,SUV,8,6,No,1,Yes,Low,No,51-60
EV00370,58,Female,127346.0,Urban,60.6,3,Sedan,7,5,Yes,5,Yes,Low,Yes,51-60
EV00371,61,Other,93027.0,Rural,46.9,1,Hatchback,0,1,Yes,5,No,Low,No,61-70
EV00372,68,Female,30689.0,Urban,15.6,1,SUV,6,9,No,5,Yes,Low,No,61-70
EV00373,52,Male,67830.0,Urban,62.3,2,Sedan,7,10,No,1,No,Medium,No,51-60
EV00374,27,Female,122988.0,Urban,33.4,1,Sedan,5,12,No,2,Yes,Medium,No,18-30
EV00375,28,Male,45249.0,Suburban,81.3,2,SUV,7,1,Yes,2,Yes,Low,No,18-30
EV00376,31,Male,63410.0,Urban,24.8,2,SUV,13,10,No,1,Yes,Low,No,31-40
EV00377,66,Male,80295.0,Suburban,13.0,3,SUV,7,9,Yes,4,Yes,Low,No,61-70
EV00378,28,Female,83548.0,Suburban,22.2,2,SUV,4,3,Yes,2,Yes,Low,No,18-30
EV00379,33,Male,85499.0,Rural,26.7,2,SUV,2,2,Yes,4,Yes,Low,Yes,31-40
EV00380,49,Male,74057.0,Urban,41.5,2,Sedan,13,7,Yes,3,Yes,Low,No,41-50
EV00381,28,Male,73743.0,Urban,124.9,1,SUV,8,17,No,4,No,Low,No,18-30
EV00382,36,Male,95539.0,Urban,18.0,1,Hatchback,6,4,Yes,4,Yes,Low,No,31-40
EV00383,30,Male,30000.0,Suburban,42.9,1,SUV,7,1,Yes,3,No,Low,No,18-30
EV00384,69,Male,30000.0,Suburban,17.6,2,Hatchback,7,9,Yes,3,Yes,Low,No,61-70
EV00385,53,Male,84708.0,Suburban,34.1,2,SUV,1,9,Yes,3,No,Low,No,51-60
EV00386,45,Other,94487.0,Urban,68.5,1,SUV,13,7,Yes,5,Yes,Low,Yes,41-50
EV00387,66,Female,62930.0,Suburban,41.4,1,Sedan,1,2,Yes,4,No,Low,No,61-70
EV00388,40,Male,65608.0,Urban,40.2,1,Sedan,11,6,No,1,Yes,Medium,No,31-40
EV00389,34,Male,64387.0,Suburban,48.1,2,Sedan,6,6,Yes,4,Yes,Low,No,31-40
EV00390,30,Female,64417.0,Urban,37.2,2,SUV,12,10,No,2,No,Low,No,18-30
EV00391,58,Female,55166.0,Urban,30.7,2,Sedan,7,18,No,3,Yes,Low,No,51-60
EV00392,52,Male,30000.0,Urban,13.7,2,Hatchback,5,3,Yes,1,Yes,Low,No,51-60
EV00393,63,Male,98379.0,Suburban,68.2,2,SUV,3,9,Yes,3,Yes,Low,No,61-70
EV00394,40,Male,136288.0,Rural,20.2,1,Hatchback,0,3,No,4,No,Medium,No,31-40
EV00395,67,Female,82735.0,Rural,49.9,3,Sedan,1,0,Yes,3,Yes,Low,Yes,61-70
EV00396,33,Female,65003.0,Urban,97.0,1,Hatchback,11,9,No,3,Yes,Medium,No,31-40
EV00397,28,Male,92864.0,Urban,5.0,2,Sedan,3,7,No,2,No,Medium,No,18-30
EV00398,49,Female,167638.0,Rural,26.8,3,SUV,0,0,Yes,5,Yes,Low,Yes,41-50
EV00399,33,Male,92902.0,Suburban,35.5,3,SUV,4,3,Yes,4,No,Low,No,31-40
EV00400,66,Female,79300.0,Suburban,5.0,2,Hatchback,3,4,Yes,1,No,Low,No,61-70
EV00401,49,Female,83083.0,Urban,20.0,2,Sedan,11,17,Yes,2,No,Low,No,41-50
EV00402,54,Female,101125.0,Urban,91.4,4,SUV,8,19,No,5,Yes,Low,Yes,51-60
EV00403,53,Female,125126.0,Urban,52.8,1,Hatchback,12,8,No,3,No,Low,No,51-60
EV00404,56,Male,102351.0,Urban,80.3,1,Hatchback,7,19,No,3,No,Medium,No,51-60
EV00405,68,Female,108147.0,Urban,5.0,1,Truck,7,8,Yes,4,Yes,Low,Yes,61-70
EV00406,30,Female,96272.0,Urban,113.9,1,SUV,11,13,No,2,Yes,Medium,No,18-30
EV00407,67,Male,30000.0,Suburban,68.8,2,Sedan,5,2,Yes,3,No,Low,No,61-70
EV00408,27,Other,62809.0,Rural,24.9,2,Sedan,1,0,Yes,2,Yes,Low,No,18-30
EV00409,43,Female,133315.0,Suburban,5.0,2,Sedan,7,1,No,1,No,Low,No,41-50
EV00410,27,Male,107505.0,Urban,57.3,1,SUV,11,8,No,1,Yes,Medium,No,18-30
EV00411,49,Male,108778.0,Suburban,35.0,2,Sedan,7,5,No,5,Yes,Low,Yes,41-50
EV00412,39,Female,40242.0,Urban,5.0,1,SUV,5,17,No,2,Yes,Low,No,31-40
EV00413,39,Female,90753.0,Suburban,15.4,2,Hatchback,4,3,Yes,5,Yes,Low,Yes,31-40
EV00414,39,Female,127868.0,Suburban,45.8,4,SUV,1,1,Yes,2,Yes,Low,No,31-40
EV00415,52,Female,84640.0,Urban,57.0,4,SUV,4,10,Yes,4,Yes,Low,Yes,51-60
EV00416,29,Male,110770.0,Suburban,51.2,3,Sedan,6,7,Yes,2,Yes,Low,No,18-30
EV00417,46,Male,155088.0,Urban,109.2,2,Sedan,13,10,Yes,1,No,Low,No,41-50
EV00418,63,Male,44546.0,Suburban,21.3,1,Sedan,7,7,Yes,2,Yes,Low,No,61-70
EV00419,67,Female,97126.0,Suburban,31.5,3,SUV,0,2,Yes,1,Yes,Medium,No,61-70
EV00420,55,Female,128079.0,Suburban,75.1,1,Hatchback,4,8,Yes,4,No,Low,No,51-60
EV00421,49,Male,101467.0,Urban,61.3,1,SUV,6,16,Yes,5,Yes,Low,Yes,41-50
EV00422,40,Female,68762.0,Suburban,66.2,2,SUV,2,1,Yes,2,Yes,Low,No,31-40
EV00423,26,Female,150385.0,Suburban,25.9,3,Sedan,2,9,Yes,4,Yes,Low,Yes,18-30
EV00424,54,Male,91313.0,Urban,38.9,3,Hatchback,3,4,No,2,Yes,Medium,No,51-60
EV00425,62,Female,76871.0,Suburban,60.3,2,Hatchback,1,9,Yes,4,Yes,Low,Yes,61-70
EV00426,48,Other,114834.0,Rural,66.5,2,SUV,0,2,Yes,2,Yes,Low,Yes,41-50
EV00427,27,Other,57821.0,Rural,5.7,2,Sedan,0,1,Yes,2,No,Low,No,18-30
EV00428,41,Female,125496.0,Suburban,49.4,1,Sedan,0,7,Yes,5,Yes,Low,Yes,41-50
EV00429,50,Female,41017.0,Rural,14.0,2,Truck,0,3,Yes,1,Yes,Low,No,41-50
EV00430,60,Male,79179.0,Suburban,69.2,2,Truck,0,7,No,3,Yes,Medium,No,51-60
EV00431,55,Female,86075.0,Suburban,40.2,2,SUV,1,4,Yes,2,No,Low,No,51-60
EV00432,66,Male,169446.0,Urban,48.6,1,Sedan,8,15,Yes,2,Yes,Low,Yes,61-70
EV00433,33,Male,56394.0,Urban,36.6,1,Sedan,12,17,No,5,Yes,Low,Yes,31-40
EV00434,51,Female,135186.0,Suburban,17.3,3,Hatchback,2,6,Yes,4,No,Low,No,51-60
EV00435,48,Male,50425.0,Rural,67.5,1,Hatchback,1,3,Yes,3,No,Low,No,41-50
EV00436,26,Male,135917.0,Suburban,52.3,1,Sedan,2,1,Yes,3,No,Low,Yes,18-30
EV00437,50,Male,100223.0,Rural,36.4,1,Hatchback,1,1,Yes,4,Yes,Low,Yes,41-50
EV00438,31,Female,30000.0,Suburban,5.0,1,SUV,7,9,Yes,5,No,Low,No,31-40
EV00439,58,Female,91889.0,Urban,21.1,4,Sedan,5,9,Yes,3,Yes,Low,Yes,51-60
EV00440,53,Female,58080.0,Suburban,44.7,1,Sedan,0,3,Yes,5,No,Low,No,51-60
EV00441,41,Female,98376.0,Suburban,53.8,3,Sedan,6,9,Yes,2,Yes,Low,No,41-50
EV00442,56,Male,90812.0,Suburban,58.2,1,Sedan,6,5,Yes,4,Yes,Low,Yes,51-60
EV00443,66,Male,138487.0,Urban,43.8,2,Sedan,14,14,Yes,5,No,Low,Yes,61-70
EV00444,36,Female,57321.0,Urban,33.1,2,Hatchback,2,11,No,4,Yes,Medium,No,31-40
EV00445,47,Female,39229.0,Urban,13.4,2,SUV,8,11,No,3,Yes,Low,No,41-50
EV00446,40,Male,178668.0,Rural,14.7,2,SUV,2,1,Yes,4,Yes,Low,Yes,31-40
EV00447,56,Male,89915.0,Rural,75.3,1,SUV,0,0,Yes,2,Yes,Medium,No,51-60
EV00448,52,Male,53170.0,Urban,14.2,3,Truck,6,12,Yes,4,Yes,Low,Yes,51-60
EV00449,44,Male,49610.0,Urban,35.4,2,Hatchback,14,8,Yes,5,Yes,Low,No,41-50
EV00450,30,Female,156760.0,Suburban,30.2,3,SUV,2,2,Yes,1,Yes,Low,Yes,18-30
EV00451,26,Female,146892.0,Urban,12.8,2,Hatchback,6,8,Yes,2,Yes,Low,No,18-30
EV00452,38,Female,107100.0,Suburban,41.9,2,SUV,0,3,Yes,1,Yes,Low,No,31-40
EV00453,48,Female,73646.0,Urban,47.7,1,Truck,11,7,Yes,5,No,Low,No,41-50
EV00454,53,Male,103307.0,Urban,5.0,1,Hatchback,2,12,Yes,4,No,Low,No,51-60
EV00455,31,Male,59321.0,Urban,55.1,2,Sedan,10,9,No,2,Yes,Medium,No,31-40
EV00456,30,Male,81652.0,Urban,23.7,4,Sedan,9,13,No,3,Yes,Low,Yes,18-30
EV00457,28,Female,84708.0,Suburban,20.8,1,Sedan,7,6,Yes,4,No,Low,No,18-30
EV00458,66,Male,128015.0,Suburban,40.2,2,Sedan,6,2,Yes,3,No,Low,No,61-70
EV00459,37,Male,133382.0,Suburban,21.9,2,Sedan,2,5,Yes,1,Yes,Low,No,31-40
EV00460,51,Female,94308.0,Suburban,22.3,1,SUV,7,4,Yes,5,No,Low,No,51-60
EV00461,57,Female,65470.0,Rural,65.5,1,SUV,0,1,No,4,No,Medium,No,51-60
EV00462,48,Female,71968.0,Urban,22.2,2,Sedan,14,12,Yes,3,Yes,Low,No,41-50
EV00463,35,Female,117876.0,Urban,49.7,1,Truck,14,15,No,3,Yes,Low,No,31-40
EV00464,60,Male,38694.0,Suburban,5.0,2,Hatchback,1,8,Yes,4,No,Low,No,51-60
EV00465,65,Female,62606.0,Urban,52.4,1,Truck,13,7,No,3,No,Low,No,61-70
EV00466,58,Male,59870.0,Suburban,85.9,2,Hatchback,3,1,Yes,5,No,Low,No,51-60
EV00467,25,Male,63831.0,Suburban,38.8,2,Sedan,5,6,Yes,4,Yes,Low,No,18-30
EV00468,56,Female,146677.0,Urban,5.0,1,SUV,7,4,Yes,3,No,Low,No,51-60
EV00469,28,Male,102187.0,Urban,15.5,2,Sedan,5,15,Yes,1,Yes,Low,No,18-30
EV00470,49,Male,102183.0,Urban,5.0,1,Sedan,9,5,No,3,No,Low,No,41-50
EV00471,63,Male,30000.0,Suburban,7.3,4,SUV,3,1,No,5,Yes,Medium,No,61-70
EV00472,54,Male,84190.0,Urban,123.5,1,Hatchback,4,5,No,4,Yes,High,No,51-60
EV00473,56,Female,115953.0,Suburban,49.7,2,Sedan,1,4,Yes,1,Yes,Low,No,51-60
EV00474,49,Male,142270.0,Rural,5.0,2,SUV,2,1,Yes,5,No,Low,No,41-50
EV00475,34,Other,84043.0,Urban,80.3,1,Sedan,2,5,Yes,1,No,Low,No,31-40
EV00476,56,Female,68204.0,Urban,60.6,4,SUV,14,6,No,5,No,Medium,No,51-60
EV00477,38,Other,71095.0,Urban,15.3,2,Sedan,9,16,Yes,2,No,Low,No,31-40
EV00478,60,Male,95079.0,Rural,57.0,2,Sedan,0,1,Yes,5,No,Low,No,51-60
EV00479,69,Female,98334.0,Rural,34.4,3,SUV,0,0,Yes,4,No,Low,No,61-70
EV00480,27,Female,49648.0,Urban,46.5,1,Sedan,8,15,No,2,Yes,Low,No,18-30
EV00481,42,Male,55125.0,Suburban,116.4,2,SUV,1,6,Yes,4,Yes,Low,Yes,41-50
EV00482,47,Female,151786.0,Urban,74.0,3,SUV,9,7,No,1,No,Medium,No,41-50
EV00483,55,Female,113948.0,Suburban,51.2,3,Hatchback,5,6,Yes,2,Yes,Low,No,51-60
EV00484,61,Female,73569.0,Urban,50.0,4,Sedan,9,3,Yes,2,No,Low,No,61-70
EV00485,47,Female,84708.0,Urban,28.9,4,Sedan,9,19,No,5,Yes,Low,No,41-50
EV00486,58,Male,117937.0,Urban,57.5,2,Sedan,7,14,Yes,3,No,Low,No,51-60
EV00487,65,Female,95235.0,Rural,81.0,1,SUV,1,3,Yes,4,No,Low,No,61-70
EV00488,63,Other,86800.0,Rural,60.3,3,SUV,1,2,Yes,4,Yes,Low,No,61-70
EV00489,53,Male,65619.0,Urban,44.9,2,Hatchback,4,18,No,3,No,Low,No,51-60
EV00490,29,Female,70595.0,Urban,29.5,2,Sedan,6,8,No,3,No,Low,No,18-30
EV00491,69,Female,57932.0,Urban,5.0,3,SUV,7,11,Yes,2,No,Low,No,61-70
EV00492,62,Male,93680.0,Suburban,51.4,2,Sedan,2,3,Yes,1,No,Low,No,61-70
EV00493,25,Female,57359.0,Rural,24.8,2,Sedan,0,1,Yes,5,Yes,Low,Yes,18-30
EV00494,37,Male,54300.0,Urban,50.2,3,Sedan,13,18,Yes,1,No,Low,No,31-40
EV00495,51,Female,123112.0,Urban,32.5,4,Truck,10,5,No,3,Yes,Low,Yes,51-60
EV00496,27,Male,71981.0,Suburban,5.0,1,Truck,4,6,Yes,3,No,Low,No,18-30
EV00497,32,Male,71132.0,Urban,72.2,1,Sedan,12,14,No,3,Yes,Low,Yes,31-40
EV00498,62,Female,99336.0,Urban,48.6,1,Sedan,6,7,No,3,Yes,Low,No,61-70
EV00499,69,Female,93572.0,Urban,41.6,1,Sedan,14,6,Yes,1,Yes,Low,No,61-70
EV00500,37,Male,78096.0,Urban,68.6,1,Sedan,10,12,Yes,3,Yes,Low,Yes,31-40
EV00501,59,Male,81774.0,Urban,39.6,2,SUV,5,13,Yes,5,No,Low,No,51-60
EV00502,28,Female,53133.0,Urban,60.8,3,Sedan,14,19,No,4,Yes,Low,No,18-30
EV00503,57,Male,151628.0,Suburban,26.5,2,Hatchback,4,5,Yes,2,Yes,Low,No,51-60
EV00504,52,Male,46895.0,Suburban,40.2,4,SUV,1,8,Yes,1,Yes,Low,No,51-60
EV00505,68,Male,79039.0,Urban,43.9,4,Hatchback,8,3,No,5,Yes,Medium,No,61-70
EV00506,32,Male,95149.0,Suburban,40.3,1,Sedan,1,7,Yes,3,No,Low,No,31-40
EV00507,67,Male,65120.0,Urban,22.1,2,Sedan,7,16,Yes,4,Yes,Low,Yes,61-70
EV00508,27,Female,98914.0,Urban,12.9,2,Sedan,6,5,No,5,Yes,Low,Yes,18-30
EV00509,34,Female,30000.0,Suburban,36.3,1,SUV,6,3,Yes,5,No,Low,No,31-40
EV00510,30,Male,67762.0,Urban,41.0,1,SUV,6,5,No,2,No,Medium,No,18-30
EV00511,51,Female,121345.0,Rural,18.5,2,Hatchback,2,3,Yes,4,Yes,Low,Yes,51-60
EV00512,27,Female,42324.0,Urban,69.2,2,SUV,8,6,Yes,5,Yes,Low,No,18-30
EV00513,47,Male,38274.0,Suburban,74.6,1,Sedan,3,6,Yes,1,Yes,Low,No,41-50
EV00514,52,Female,200083.0,Urban,25.4,2,SUV,5,11,No,3,Yes,Low,Yes,51-60
EV00515,39,Other,155701.0,Urban,31.7,3,SUV,11,6,No,5,No,Low,No,31-40
EV00516,35,Male,154904.0,Suburban,37.8,2,Sedan,2,8,No,2,No,High,No,31-40
EV00517,28,Male,42782.0,Urban,41.1,3,Sedan,8,15,Yes,5,Yes,Low,No,18-30
EV00518,55,Male,56202.0,Urban,40.2,2,Truck,14,19,Yes,4,Yes,Low,Yes,51-60
EV00519,61,Male,64511.0,Urban,28.4,1,Sedan,3,12,Yes,2,Yes,Low,No,61-70
EV00520,66,Female,102245.0,Urban,26.1,3,Sedan,8,6,No,4,Yes,Low,Yes,61-70
EV00521,43,Female,143397.0,Suburban,70.2,4,Hatchback,2,5,Yes,4,No,Low,No,41-50
EV00522,62,Male,56892.0,Urban,5.0,4,Hatchback,8,4,Yes,3,No,Low,No,61-70
EV00523,43,Male,134325.0,Suburban,72.1,1,SUV,4,2,Yes,2,No,Low,No,41-50
EV00524,27,Female,67341.0,Suburban,59.9,2,SUV,7,8,Yes,5,Yes,Low,No,18-30
EV00525,58,Female,97151.0,Urban,63.9,1,Sedan,5,12,Yes,3,Yes,Low,No,51-60
EV00526,45,Female,143922.0,Suburban,43.9,2,Sedan,3,1,No,2,Yes,Medium,No,41-50
EV00527,34,Male,46346.0,Suburban,6.4,2,Sedan,3,1,Yes,2,No,Low,No,31-40
EV00528,48,Male,108200.0,Suburban,20.1,3,Sedan,1,2,Yes,3,No,Low,No,41-50
EV00529,65,Other,83713.0,Urban,24.4,4,Sedan,7,14,Yes,1,No,Low,No,61-70
EV00530,38,Other,149408.0,Urban,68.4,3,Sedan,2,11,No,3,Yes,Medium,Yes,31-40
EV00531,63,Female,85079.0,Suburban,25.5,1,SUV,0,3,Yes,3,No,Low,No,61-70
EV00532,56,Female,188839.0,Urban,61.7,2,Hatchback,7,4,No,5,Yes,Medium,Yes,51-60
EV00533,41,Female,133358.0,Urban,11.6,2,Hatchback,6,12,No,2,Yes,Low,Yes,41-50
EV00534,63,Male,61541.0,Suburban,24.6,1,Hatchback,2,2,No,2,No,Medium,No,61-70
EV00535,48,Male,120437.0,Suburban,73.6,3,SUV,0,6,Yes,1,Yes,Low,No,41-50
EV00536,33,Male,181126.0,Rural,27.9,2,Hatchback,1,0,No,2,No,Medium,No,31-40
EV00537,39,Male,99325.0,Urban,35.9,1,SUV,5,14,No,4,No,Low,No,31-40
EV00538,44,Male,113129.0,Urban,67.8,3,SUV,14,17,No,3,Yes,Medium,No,41-50
EV00539,51,Female,82460.0,Suburban,29.2,2,SUV,2,1,Yes,2,Yes,Low,Yes,51-60
EV00540,66,Other,75363.0,Urban,73.6,1,Sedan,8,3,Yes,3,Yes,Low,No,61-70
EV00541,45,Female,78255.0,Urban,25.9,1,SUV,3,17,Yes,2,No,Low,No,41-50
EV00542,39,Female,85051.0,Urban,35.3,2,SUV,4,12,No,1,Yes,Medium,No,31-40
EV00543,67,Male,93544.0,Suburban,11.9,1,Sedan,7,7,No,4,No,Low,No,61-70
EV00544,69,Female,99757.0,Urban,28.2,3,Hatchback,6,10,Yes,4,Yes,Low,No,61-70
EV00545,31,Female,88412.0,Suburban,5.0,1,Hatchback,2,4,No,4,No,Medium,No,31-40
EV00546,54,Other,125419.0,Urban,35.9,1,SUV,3,4,No,4,Yes,Medium,No,51-60
EV00547,67,Male,41126.0,Suburban,67.0,2,SUV,3,6,Yes,5,No,Low,No,61-70
EV00548,47,Male,62211.0,Urban,85.3,3,SUV,13,10,No,1,Yes,Medium,No,41-50
EV00549,28,Male,72805.0,Urban,30.0,2,Sedan,10,4,No,2,No,Low,No,18-30
EV00550,33,Male,88108.0,Suburban,44.4,3,SUV,2,6,No,1,Yes,Medium,No,31-40
EV00551,62,Female,80871.0,Suburban,47.8,3,Sedan,5,4,Yes,2,Yes,Low,No,61-70
EV00552,31,Female,126891.0,Rural,28.5,1,SUV,1,3,Yes,5,No,Low,No,31-40
EV00553,64,Male,117475.0,Urban,81.7,3,Sedan,13,12,No,3,Yes,Medium,No,61-70
EV00554,30,Female,75582.0,Urban,37.5,2,SUV,13,14,Yes,1,Yes,Low,No,18-30
EV00555,65,Male,90597.0,Rural,46.7,2,SUV,0,3,Yes,5,Yes,Low,Yes,61-70
EV00556,49,Female,30000.0,Urban,40.2,2,Truck,3,17,No,3,No,Low,No,41-50
EV00557,37,Male,53192.0,Urban,58.5,1,Sedan,2,5,No,5,Yes,Low,No,31-40
EV00558,31,Female,147199.0,Urban,40.1,3,SUV,12,7,Yes,2,Yes,Low,Yes,31-40
EV00559,30,Female,106431.0,Suburban,63.9,1,SUV,2,4,Yes,5,No,Low,No,18-30
EV00560,43,Male,84708.0,Urban,48.4,4,Hatchback,5,18,No,4,Yes,Low,No,41-50
EV00561,33,Male,78897.0,Urban,5.0,1,SUV,4,6,Yes,1,No,Low,No,31-40
EV00562,68,Male,85462.0,Suburban,5.8,1,SUV,3,1,Yes,3,No,Low,No,61-70
EV00563,53,Male,30000.0,Rural,46.3,2,Sedan,1,2,Yes,1,No,Low,No,51-60
EV00564,46,Female,84708.0,Urban,40.2,1,SUV,9,14,Yes,4,Yes,Low,Yes,41-50
EV00565,67,Male,99247.0,Urban,47.0,4,Sedan,7,16,Yes,1,Yes,Low,No,61-70
EV00566,69,Female,82465.0,Urban,40.2,1,Hatchback,3,16,Yes,5,No,Low,No,61-70
EV00567,64,Male,93922.0,Suburban,52.7,4,SUV,4,4,No,2,No,Medium,No,61-70
EV00568,63,Male,52886.0,Urban,61.9,1,SUV,12,3,No,1,No,Medium,No,61-70
EV00569,66,Male,43248.0,Suburban,38.5,2,Hatchback,6,2,Yes,1,No,Low,No,61-70
EV00570,59,Male,72637.0,Urban,23.8,2,Hatchback,7,6,Yes,5,Yes,Low,Yes,51-60
EV00571,41,Male,61515.0,Urban,34.4,2,Truck,10,19,No,2,Yes,Low,No,41-50
EV00572,54,Female,186488.0,Suburban,50.7,1,SUV,4,6,Yes,4,No,Low,No,51-60
EV00573,41,Male,86436.0,Suburban,84.1,2,SUV,0,5,No,4,No,Medium,No,41-50
EV00574,62,Female,96968.0,Urban,50.5,3,Sedan,5,17,No,4,Yes,Low,Yes,61-70
EV00575,64,Male,39412.0,Rural,23.2,1,Hatchback,1,3,Yes,1,No,Low,No,61-70
EV00576,66,Male,30000.0,Rural,64.9,1,Truck,0,0,No,4,Yes,Medium,No,61-70
EV00577,65,Male,112357.0,Urban,69.1,1,Hatchback,2,15,Yes,2,Yes,Low,Yes,61-70
EV00578,33,Other,89376.0,Urban,74.4,3,Truck,7,19,No,2,No,Low,No,31-40
EV00579,33,Female,84708.0,Urban,37.4,3,Sedan,13,5,No,1,No,Low,No,31-40
EV00580,47,Male,107490.0,Rural,16.2,2,Sedan,0,0,Yes,2,Yes,Low,No,41-50
EV00581,67,Male,36350.0,Suburban,32.3,2,Sedan,0,5,Yes,2,Yes,Low,No,61-70
EV00582,63,Male,49270.0,Urban,44.9,2,Hatchback,2,11,Yes,1,Yes,Low,No,61-70
EV00583,63,Male,104732.0,Suburban,46.2,4,Sedan,7,5,Yes,2,No,Low,No,61-70
EV00584,41,Other,94763.0,Suburban,55.0,2,Sedan,0,4,Yes,5,Yes,Low,No,41-50
EV00585,42,Male,30000.0,Rural,57.7,2,Sedan,0,1,Yes,5,No,Low,No,41-50
EV00586,47,Male,73842.0,Urban,15.9,2,SUV,3,9,No,1,Yes,Low,No,41-50
EV00587,40,Female,78274.0,Suburban,34.7,2,SUV,5,1,Yes,1,No,Low,No,31-40
EV00588,43,Male,91603.0,Rural,75.1,2,Sedan,2,2,Yes,2,Yes,Low,No,41-50
EV00589,62,Female,67941.0,Urban,74.0,1,SUV,9,4,No,2,Yes,Low,No,61-70
EV00590,27,Other,30000.0,Urban,40.9,2,Sedan,12,19,No,1,No,Medium,No,18-30
EV00591,27,Female,35856.0,Urban,14.3,2,SUV,2,12,No,2,Yes,Low,No,18-30
EV00592,56,Other,84427.0,Suburban,37.1,3,Sedan,5,3,Yes,3,Yes,Low,Yes,51-60
EV00593,39,Female,155116.0,Urban,16.1,1,Sedan,11,13,Yes,5,Yes,Low,Yes,31-40
EV00594,31,Male,111132.0,Rural,32.1,4,Sedan,1,1,Yes,5,Yes,Low,Yes,31-40
EV00595,65,Male,99853.0,Urban,46.3,2,Sedan,3,19,Yes,1,Yes,Low,No,61-70
EV00596,30,Male,83207.0,Suburban,31.9,1,Truck,3,5,Yes,3,No,Low,No,18-30
EV00597,59,Male,73361.0,Urban,39.0,1,SUV,5,16,No,4,No,Low,No,51-60
EV00598,56,Male,94575.0,Urban,28.8,1,SUV,14,16,Yes,1,Yes,Low,No,51-60
EV00599,29,Female,53786.0,Urban,67.1,3,Hatchback,13,7,Yes,1,Yes,Low,No,18-30
EV00600,31,Female,53217.0,Suburban,39.0,1,Sedan,7,3,Yes,3,Yes,Low,No,31-40
EV00601,45,Male,66983.0,Urban,46.0,2,Hatchback,12,19,Yes,4,No,Low,No,41-50
EV00602,43,Male,64973.0,Suburban,48.9,1,Sedan,4,6,No,2,No,High,No,41-50
EV00603,27,Female,30000.0,Suburban,44.0,1,Sedan,0,4,Yes,5,Yes,Low,Yes,18-30
EV00604,48,Female,132670.0,Urban,14.1,2,SUV,2,17,Yes,3,Yes,Low,No,41-50
EV00605,48,Female,65525.0,Urban,70.6,1,Sedan,8,11,No,1,No,Medium,No,41-50
EV00606,62,Female,118904.0,Suburban,54.0,1,SUV,0,1,Yes,4,Yes,Low,No,61-70
EV00607,25,Female,45187.0,Urban,29.5,1,Truck,2,9,No,3,No,Low,No,18-30
EV00608,31,Male,95812.0,Urban,35.6,2,Sedan,9,14,No,1,Yes,Medium,No,31-40
EV00609,64,Female,86449.0,Suburban,41.6,1,Sedan,5,5,Yes,5,Yes,Low,No,61-70
EV00610,54,Male,68043.0,Suburban,80.2,1,SUV,1,2,No,5,No,High,No,51-60
EV00611,58,Male,105787.0,Suburban,37.4,2,Hatchback,1,7,Yes,2,No,Low,No,51-60
EV00612,43,Female,55197.0,Rural,43.0,3,Sedan,0,0,Yes,5,Yes,Low,No,41-50
EV00613,25,Female,40848.0,Suburban,64.9,2,SUV,5,6,No,5,Yes,High,No,18-30
EV00614,26,Male,37821.0,Rural,60.3,1,Hatchback,1,3,Yes,4,Yes,Low,No,18-30
EV00615,35,Male,30000.0,Rural,53.7,3,SUV,1,0,Yes,3,No,Low,No,31-40
EV00616,47,Male,30000.0,Suburban,33.9,1,Sedan,5,6,Yes,5,No,Low,No,41-50
EV00617,27,Female,30000.0,Urban,78.6,1,Sedan,11,5,No,1,No,Medium,No,18-30
EV00618,63,Female,84708.0,Rural,17.4,2,SUV,1,0,Yes,2,Yes,Low,No,61-70
EV00619,37,Female,84708.0,Urban,13.6,2,Truck,7,6,No,5,Yes,Low,Yes,31-40
EV00620,58,Male,117413.0,Suburban,42.6,1,Sedan,6,6,Yes,3,Yes,Low,Yes,51-60
EV00621,40,Male,85332.0,Urban,45.7,1,SUV,4,16,No,2,No,Low,No,31-40
EV00622,67,Male,171971.0,Urban,22.8,1,Sedan,10,14,Yes,4,Yes,Low,Yes,61-70
EV00623,32,Male,38174.0,Urban,38.0,2,Hatchback,13,5,No,3,Yes,Low,No,31-40
EV00624,26,Female,80200.0,Suburban,49.1,2,SUV,4,7,Yes,3,Yes,Low,No,18-30
EV00625,29,Female,45123.0,Suburban,69.4,1,Sedan,3,7,Yes,5,Yes,Low,Yes,18-30
EV00626,67,Male,54268.0,Rural,80.5,3,SUV,2,0,No,2,No,High,No,61-70
EV00627,64,Female,56805.0,Suburban,43.7,2,Truck,6,8,No,4,Yes,Low,Yes,61-70
EV00628,26,Female,127423.0,Urban,5.0,1,Hatchback,7,4,No,4,No,Low,No,18-30
EV00629,30,Female,63441.0,Urban,24.9,3,Truck,11,9,Yes,5,No,Low,No,18-30
EV00630,28,Male,30000.0,Urban,33.4,1,Sedan,6,14,Yes,5,Yes,Low,Yes,18-30
EV00631,53,Male,63254.0,Suburban,38.0,1,Sedan,5,3,No,2,No,Medium,No,51-60
EV00632,27,Female,88670.0,Urban,48.0,3,Sedan,11,11,Yes,4,Yes,Low,Yes,18-30
EV00633,52,Female,79786.0,Suburban,46.6,1,Sedan,5,9,No,3,Yes,Low,No,51-60
EV00634,39,Male,154059.0,Suburban,52.2,2,Sedan,6,4,Yes,5,Yes,Low,Yes,31-40
EV00635,37,Female,47920.0,Urban,69.6,4,Sedan,9,6,No,5,No,Medium,No,31-40
EV00636,29,Female,85667.0,Suburban,5.0,2,Hatchback,5,8,No,1,No,Medium,No,18-30
EV00637,48,Female,105077.0,Urban,91.6,2,Sedan,2,8,Yes,3,Yes,Low,No,41-50
EV00638,38,Female,112422.0,Suburban,34.3,2,SUV,5,4,Yes,1,Yes,Low,No,31-40
EV00639,43,Female,85292.0,Urban,17.4,3,Hatchback,5,17,No,4,Yes,Low,Yes,41-50
EV00640,61,Male,95892.0,Urban,68.1,2,Sedan,7,6,Yes,1,No,Low,No,61-70
EV00641,29,Male,50395.0,Urban,55.6,2,SUV,14,5,No,1,No,Low,No,18-30
EV00642,50,Female,52265.0,Suburban,41.7,1,Sedan,7,6,Yes,3,No,Low,No,41-50
EV00643,47,Male,155970.0,Suburban,47.8,1,Truck,5,8,Yes,4,No,Low,No,41-50
EV00644,65,Male,63828.0,Urban,116.0,1,SUV,7,19,No,2,No,Low,No,61-70
EV00645,32,Male,84657.0,Suburban,7.9,1,SUV,7,9,No,2,Yes,Low,No,31-40
EV00646,67,Other,107147.0,Urban,16.1,1,Hatchback,8,19,No,1,No,Low,No,61-70
EV00647,27,Female,91553.0,Urban,35.4,3,Sedan,10,19,No,1,Yes,Low,No,18-30
EV00648,44,Male,95160.0,Suburban,49.0,2,Sedan,2,4,Yes,3,Yes,Low,Yes,41-50
EV00649,44,Female,84233.0,Suburban,37.2,2,SUV,0,9,Yes,4,Yes,Low,No,41-50
EV00650,29,Female,147596.0,Urban,84.4,2,Sedan,4,5,No,1,No,Medium,No,18-30
EV00651,68,Female,44040.0,Rural,34.5,2,Sedan,1,2,Yes,1,Yes,Low,No,61-70
EV00652,50,Male,87558.0,Urban,85.3,1,SUV,11,8,No,5,Yes,High,No,41-50
EV00653,41,Male,85132.0,Urban,47.5,2,SUV,8,19,No,1,No,Medium,No,41-50
EV00654,26,Female,41767.0,Suburban,7.0,1,Truck,6,9,Yes,4,No,Low,No,18-30
EV00655,27,Female,68691.0,Suburban,43.6,2,Truck,3,4,Yes,3,Yes,Low,No,18-30
EV00656,34,Male,84708.0,Suburban,74.0,2,SUV,0,7,Yes,3,Yes,Low,Yes,31-40
EV00657,62,Male,102259.0,Suburban,61.0,2,SUV,5,8,No,5,Yes,Medium,Yes,61-70
EV00658,26,Female,98140.0,Suburban,40.2,2,SUV,1,2,Yes,4,No,Low,No,18-30
EV00659,49,Other,111342.0,Suburban,19.6,2,Hatchback,4,5,Yes,3,No,Low,No,41-50
EV00660,45,Male,96593.0,Urban,92.3,1,SUV,2,3,No,2,No,High,No,41-50
EV00661,42,Male,96355.0,Urban,46.6,2,Truck,6,9,Yes,2,Yes,Low,No,41-50
EV00662,46,Female,121660.0,Urban,10.4,2,SUV,12,10,Yes,1,Yes,Low,No,41-50
EV00663,58,Female,30000.0,Urban,13.6,2,SUV,10,16,Yes,3,No,Low,No,51-60
EV00664,66,Male,98803.0,Urban,73.2,3,Sedan,12,6,Yes,3,Yes,Low,No,61-70
EV00665,69,Male,30000.0,Urban,34.5,1,Sedan,8,11,No,3,Yes,Low,No,61-70
EV00666,61,Male,107621.0,Urban,53.3,2,Sedan,12,14,Yes,2,Yes,Low,No,61-70
EV00667,63,Female,59758.0,Urban,44.3,1,Sedan,8,4,No,5,No,Low,No,61-70
EV00668,54,Female,98225.0,Suburban,25.1,3,SUV,2,5,Yes,2,Yes,Low,No,51-60
EV00669,57,Male,41632.0,Suburban,26.0,1,Sedan,3,2,Yes,5,No,Low,No,51-60
EV00670,30,Male,133907.0,Suburban,13.8,1,SUV,7,4,Yes,5,No,Low,No,18-30
EV00671,37,Other,71174.0,Rural,73.3,1,Truck,2,3,Yes,3,Yes,Low,No,31-40
EV00672,44,Female,92577.0,Urban,40.9,2,Sedan,7,3,No,3,No,Medium,No,41-50
EV00673,58,Male,87683.0,Suburban,6.6,3,Sedan,4,8,Yes,2,Yes,Low,No,51-60
EV00674,37,Male,53081.0,Urban,71.6,1,Sedan,8,18,Yes,4,Yes,Low,No,31-40
EV00675,66,Female,111748.0,Urban,16.2,3,Sedan,4,19,No,2,Yes,Low,No,61-70
EV00676,46,Male,33757.0,Urban,51.7,4,SUV,3,5,Yes,3,Yes,Low,No,41-50
EV00677,45,Male,58781.0,Rural,5.0,1,Sedan,0,0,Yes,4,No,Low,No,41-50
EV00678,38,Male,96322.0,Urban,12.1,2,Sedan,8,15,No,5,Yes,Low,Yes,31-40
EV00679,60,Female,69202.0,Suburban,25.1,1,Sedan,6,3,Yes,4,No,Low,No,51-60
EV00680,29,Male,30000.0,Urban,45.8,2,SUV,12,19,Yes,5,No,Low,No,18-30
EV00681,44,Female,78012.0,Urban,34.5,2,Sedan,3,19,Yes,2,Yes,Low,No,41-50
EV00682,66,Female,49450.0,Suburban,16.3,1,Sedan,5,2,Yes,2,No,Low,No,61-70
EV00683,64,Male,188549.0,Urban,69.3,3,SUV,11,8,No,4,No,Medium,No,61-70
EV00684,36,Female,30000.0,Suburban,62.8,2,Sedan,1,5,Yes,1,Yes,Medium,No,31-40
EV00685,64,Male,106439.0,Suburban,33.4,3,Sedan,2,7,Yes,3,No,Low,No,61-70
EV00686,53,Other,70908.0,Urban,36.4,1,Sedan,3,5,No,1,No,Medium,No,51-60
EV00687,59,Male,60218.0,Suburban,53.9,1,Sedan,6,4,Yes,4,Yes,Low,No,51-60
EV00688,62,Male,146538.0,Urban,20.7,2,Sedan,13,9,No,1,No,Low,No,61-70
EV00689,36,Female,144676.0,Urban,50.7,3,SUV,6,8,Yes,3,No,Low,No,31-40
EV00690,36,Male,96599.0,Suburban,40.2,3,Truck,1,7,No,5,Yes,Medium,No,31-40
EV00691,44,Male,147480.0,Suburban,33.9,1,SUV,6,7,No,3,Yes,Low,Yes,41-50
EV00692,50,Female,61924.0,Urban,15.5,1,Truck,4,14,No,5,Yes,Low,Yes,41-50
EV00693,57,Female,130118.0,Urban,98.8,2,Sedan,9,18,Yes,2,No,Low,No,51-60
EV00694,65,Female,32236.0,Rural,5.0,2,SUV,0,2,No,1,Yes,Medium,No,61-70
EV00695,62,Female,93259.0,Urban,50.9,1,Sedan,14,10,No,3,No,Low,No,61-70
EV00696,52,Male,69148.0,Suburban,9.4,1,Hatchback,0,9,Yes,5,Yes,Low,Yes,51-60
EV00697,55,Male,107814.0,Suburban,55.0,1,Truck,5,5,Yes,5,Yes,Low,Yes,51-60
EV00698,53,Male,107293.0,Rural,39.5,1,Hatchback,2,1,Yes,2,No,Low,No,51-60
EV00699,47,Female,111390.0,Rural,48.3,2,SUV,0,1,Yes,3,Yes,Low,Yes,41-50
EV00700,35,Male,98239.0,Urban,38.3,2,Truck,7,18,No,1,Yes,Low,No,31-40
EV00701,42,Female,101226.0,Rural,84.6,2,SUV,0,1,Yes,2,Yes,Low,No,41-50
EV00702,30,Female,105817.0,Suburban,80.6,1,Truck,1,8,Yes,4,Yes,Low,Yes,18-30
EV00703,46,Male,81562.0,Urban,21.3,1,Sedan,9,19,Yes,3,Yes,Low,No,41-50
EV00704,29,Male,78941.0,Urban,48.9,2,Sedan,11,16,No,1,Yes,Low,No,18-30
EV00705,30,Male,30000.0,Suburban,49.7,2,Sedan,3,7,Yes,1,Yes,Low,No,18-30
EV00706,54,Male,84748.0,Urban,5.0,1,Sedan,10,16,Yes,4,Yes,Low,Yes,51-60
EV00707,66,Female,101888.0,Urban,50.5,2,Hatchback,6,9,No,1,No,Medium,No,61-70
EV00708,63,Female,68868.0,Suburban,20.2,1,Sedan,4,9,Yes,2,Yes,Low,No,61-70
EV00709,47,Male,81105.0,Urban,62.2,2,Sedan,4,7,No,1,No,Medium,No,41-50
EV00710,35,Female,79043.0,Suburban,9.5,1,Sedan,6,4,Yes,1,Yes,Low,No,31-40
EV00711,26,Male,67819.0,Suburban,37.5,1,Sedan,4,4,Yes,5,No,Low,No,18-30
EV00712,38,Female,79890.0,Suburban,18.6,1,SUV,2,9,Yes,5,Yes,Low,Yes,31-40
EV00713,33,Male,40892.0,Rural,44.4,1,Truck,1,3,No,5,Yes,Medium,No,31-40
EV00714,51,Female,69054.0,Urban,19.5,2,Truck,13,7,Yes,1,Yes,Low,No,51-60
EV00715,41,Male,103884.0,Urban,34.8,2,Sedan,14,8,Yes,5,Yes,Low,Yes,41-50
EV00716,25,Female,89609.0,Suburban,56.1,2,Sedan,3,8,Yes,5,Yes,Low,Yes,18-30
EV00717,42,Female,106085.0,Rural,33.4,3,SUV,2,2,Yes,2,Yes,Low,No,41-50
EV00718,45,Female,91687.0,Rural,22.2,1,SUV,2,0,Yes,1,Yes,Low,No,41-50
EV00719,27,Female,148268.0,Suburban,28.9,1,SUV,6,1,Yes,5,Yes,Low,Yes,18-30
EV00720,45,Female,71973.0,Urban,66.2,1,Truck,2,6,No,1,Yes,Medium,No,41-50
EV00721,63,Male,113137.0,Urban,42.7,2,SUV,13,7,Yes,5,Yes,Low,Yes,61-70
EV00722,55,Male,73597.0,Urban,32.8,2,Sedan,14,4,No,3,No,Medium,No,51-60
EV00723,51,Female,41173.0,Rural,23.2,2,SUV,0,3,Yes,5,Yes,Low,Yes,51-60
EV00724,49,Female,34942.0,Suburban,42.4,2,Truck,0,9,Yes,5,Yes,Low,Yes,41-50
EV00725,46,Male,93586.0,Suburban,5.0,2,Sedan,2,6,Yes,5,Yes,Low,Yes,41-50
EV00726,63,Female,58519.0,Urban,47.7,1,Hatchback,12,19,Yes,2,No,Low,No,61-70
EV00727,35,Male,98754.0,Rural,30.1,2,Sedan,1,0,Yes,5,No,Low,No,31-40
EV00728,57,Male,146435.0,Rural,37.5,1,Truck,1,0,Yes,4,No,Low,Yes,51-60
EV00729,44,Male,30000.0,Suburban,51.8,1,Truck,0,4,No,3,No,Medium,No,41-50
EV00730,38,Other,82436.0,Suburban,52.1,2,Truck,3,1,Yes,4,Yes,Medium,Yes,31-40
EV00731,30,Female,72135.0,Rural,69.5,1,SUV,2,1,No,1,No,Medium,No,18-30
EV00732,31,Male,32979.0,Urban,14.5,1,Sedan,9,9,No,1,No,Low,No,31-40
EV00733,52,Male,71332.0,Suburban,25.3,2,SUV,2,7,Yes,2,No,Low,No,51-60
EV00734,53,Male,64103.0,Urban,58.3,3,Sedan,7,5,No,1,No,Medium,No,51-60
EV00735,31,Male,50896.0,Urban,52.0,2,SUV,4,16,No,4,No,Low,No,31-40
EV00736,66,Female,88310.0,Urban,15.4,1,Hatchback,14,18,Yes,4,Yes,Low,No,61-70
EV00737,58,Female,56734.0,Suburban,67.6,1,Sedan,3,8,Yes,2,Yes,Low,No,51-60
EV00738,32,Female,30000.0,Suburban,19.9,1,Hatchback,5,5,Yes,5,No,Low,No,31-40
EV00739,48,Female,77067.0,Urban,33.9,3,Sedan,7,16,Yes,4,Yes,Low,Yes,41-50
EV00740,51,Male,49346.0,Urban,33.2,3,Hatchback,11,19,Yes,4,Yes,Low,No,51-60
EV00741,39,Male,97033.0,Suburban,40.2,2,SUV,2,5,Yes,5,No,Low,No,31-40
EV00742,46,Male,30000.0,Urban,75.5,4,Truck,3,6,No,1,No,Medium,No,41-50
EV00743,64,Female,89051.0,Suburban,42.5,1,Hatchback,3,5,Yes,1,No,Low,No,61-70
EV00744,40,Female,74862.0,Urban,51.8,3,Hatchback,8,19,Yes,5,No,Low,No,31-40
EV00745,25,Male,81951.0,Urban,47.4,2,SUV,11,19,Yes,1,Yes,Low,No,18-30
EV00746,66,Male,30000.0,Urban,55.3,2,Sedan,7,3,No,1,Yes,Medium,No,61-70
EV00747,27,Female,106111.0,Suburban,34.5,3,SUV,7,9,Yes,3,No,Low,No,18-30
EV00748,47,Male,72991.0,Rural,22.7,2,Sedan,2,1,Yes,5,Yes,Low,Yes,41-50
EV00749,44,Female,140560.0,Urban,31.3,1,Truck,6,18,Yes,2,Yes,Low,Yes,41-50
EV00750,64,Male,74541.0,Suburban,34.7,3,SUV,1,8,No,5,No,Low,No,61-70
EV00751,38,Female,133134.0,Rural,39.3,2,Sedan,1,3,Yes,5,No,Low,No,31-40
EV00752,30,Other,67070.0,Suburban,32.2,2,SUV,6,3,Yes,1,Yes,Low,No,18-30
EV00753,69,Other,160772.0,Urban,29.1,2,SUV,9,12,Yes,4,No,Low,No,61-70
EV00754,40,Male,30000.0,Urban,54.4,2,SUV,11,14,Yes,3,Yes,Low,No,31-40
EV00755,36,Male,125088.0,Suburban,48.3,2,SUV,3,5,No,4,Yes,Medium,No,31-40
EV00756,31,Male,30000.0,Suburban,24.4,3,SUV,1,2,Yes,3,No,Low,No,31-40
EV00757,61,Male,103664.0,Urban,64.2,2,SUV,8,12,No,1,No,Low,No,61-70
EV00758,37,Female,126744.0,Urban,52.6,1,Sedan,4,4,Yes,1,No,Low,No,31-40
EV00759,38,Male,46543.0,Urban,12.3,1,SUV,2,16,No,4,Yes,Low,No,31-40
EV00760,54,Male,95212.0,Suburban,96.8,2,Sedan,5,3,Yes,5,No,Low,No,51-60
EV00761,46,Female,115317.0,Urban,70.3,1,SUV,10,15,Yes,5,Yes,Low,Yes,41-50
EV00762,68,Male,131577.0,Suburban,5.0,2,Hatchback,7,3,Yes,2,Yes,Low,Yes,61-70
EV00763,53,Male,91988.0,Urban,103.9,2,Sedan,4,5,No,4,No,High,No,51-60
EV00764,45,Male,100545.0,Urban,16.3,2,Sedan,14,5,Yes,1,No,Low,No,41-50
EV00765,31,Female,62670.0,Suburban,18.3,3,Sedan,3,9,Yes,3,No,Low,No,31-40
EV00766,39,Male,96538.0,Suburban,83.7,1,SUV,3,6,No,3,Yes,Medium,No,31-40
EV00767,44,Male,121749.0,Rural,58.5,1,SUV,2,3,Yes,4,Yes,Low,Yes,41-50
EV00768,40,Female,53838.0,Suburban,28.7,3,SUV,3,7,Yes,3,No,Low,No,31-40
EV00769,68,Male,98242.0,Urban,72.7,2,SUV,5,13,Yes,3,Yes,Low,No,61-70
EV00770,58,Female,66291.0,Urban,58.3,2,Sedan,8,12,No,3,Yes,Low,No,51-60
EV00771,58,Male,113851.0,Urban,41.2,1,Sedan,9,19,Yes,4,Yes,Low,Yes,51-60
EV00772,36,Female,100067.0,Urban,66.3,2,SUV,14,10,No,3,No,Low,No,31-40
EV00773,65,Male,100317.0,Urban,79.6,1,Sedan,8,19,No,2,Yes,Low,No,61-70
EV00774,69,Male,128072.0,Urban,63.1,1,SUV,10,12,Yes,2,Yes,Low,No,61-70
EV00775,68,Female,107925.0,Urban,75.3,2,SUV,10,10,No,1,Yes,Medium,No,61-70
EV00776,54,Female,92749.0,Suburban,41.1,2,Sedan,3,5,Yes,5,Yes,Low,Yes,51-60
EV00777,28,Female,53551.0,Urban,9.3,2,Truck,2,14,Yes,1,Yes,Low,No,18-30
EV00778,64,Male,50395.0,Urban,10.5,1,Sedan,6,17,No,2,Yes,Low,No,61-70
EV00779,38,Male,87836.0,Urban,36.1,1,Sedan,7,8,No,4,No,Low,No,31-40
EV00780,63,Male,94641.0,Suburban,69.5,2,SUV,7,1,Yes,3,No,Medium,No,61-70
EV00781,28,Male,96517.0,Urban,76.0,3,Truck,14,6,Yes,5,No,Low,Yes,18-30
EV00782,57,Male,137541.0,Suburban,21.1,2,SUV,1,6,Yes,2,Yes,Low,Yes,51-60
EV00783,33,Male,66839.0,Rural,19.9,2,SUV,1,0,Yes,1,Yes,Low,No,31-40
EV00784,34,Male,107798.0,Suburban,46.6,1,Hatchback,3,5,Yes,2,No,Low,No,31-40
EV00785,38,Female,139785.0,Urban,68.9,3,Sedan,9,14,Yes,3,No,Low,No,31-40
EV00786,40,Male,86903.0,Rural,24.9,2,Sedan,0,1,Yes,4,Yes,Low,No,31-40
EV00787,30,Male,100878.0,Urban,42.9,1,SUV,2,6,Yes,4,Yes,Low,Yes,18-30
EV00788,58,Female,40640.0,Suburban,20.1,1,SUV,5,7,Yes,3,Yes,Low,No,51-60
EV00789,54,Male,64626.0,Suburban,42.9,2,Hatchback,4,5,Yes,4,Yes,Low,No,51-60
EV00790,40,Female,52251.0,Urban,59.0,2,Sedan,3,19,No,1,No,Medium,No,31-40
EV00791,50,Other,75904.0,Urban,35.7,3,SUV,4,12,Yes,1,Yes,Low,No,41-50
EV00792,61,Male,94236.0,Urban,13.8,2,SUV,2,6,Yes,5,Yes,Low,Yes,61-70
EV00793,68,Male,96803.0,Rural,55.6,2,SUV,1,2,Yes,1,Yes,Low,No,61-70
EV00794,55,Female,100678.0,Rural,40.2,1,Sedan,1,0,Yes,4,No,Low,No,51-60
EV00795,29,Female,97630.0,Rural,46.8,1,Sedan,1,2,Yes,4,Yes,Low,Yes,18-30
EV00796,69,Female,119322.0,Urban,54.4,2,Truck,6,18,No,5,No,Low,No,61-70
EV00797,30,Male,93729.0,Suburban,30.1,1,Sedan,0,4,Yes,5,Yes,Low,Yes,18-30
EV00798,66,Female,86844.0,Rural,35.3,1,Sedan,2,2,Yes,2,Yes,Low,No,61-70
EV00799,66,Male,119835.0,Urban,28.6,2,SUV,2,14,Yes,3,No,Low,No,61-70
EV00800,39,Male,67778.0,Suburban,19.2,2,Truck,0,6,No,2,Yes,Medium,No,31-40
EV00801,28,Male,75888.0,Rural,35.9,3,Sedan,2,3,Yes,4,Yes,Low,Yes,18-30
EV00802,25,Female,72768.0,Urban,36.0,4,Truck,2,6,No,4,No,Low,No,18-30
EV00803,48,Female,71121.0,Rural,36.2,2,Sedan,0,1,No,3,Yes,Medium,No,41-50
EV00804,41,Male,106993.0,Urban,76.1,3,SUV,8,18,Yes,5,No,Low,No,41-50
EV00805,67,Male,76946.0,Suburban,62.2,1,Truck,2,4,Yes,3,No,Low,No,61-70
EV00806,45,Male,150089.0,Urban,37.5,1,Sedan,9,6,Yes,3,No,Low,No,41-50
EV00807,49,Female,96727.0,Urban,63.1,2,Sedan,7,18,No,3,Yes,Medium,No,41-50
EV00808,65,Male,46893.0,Urban,61.5,2,SUV,6,15,No,1,No,Medium,No,61-70
EV00809,50,Female,58259.0,Suburban,48.3,1,Sedan,1,6,Yes,4,Yes,Low,No,41-50
EV00810,65,Male,111593.0,Urban,25.3,3,Sedan,12,18,Yes,4,Yes,Low,Yes,61-70
EV00811,35,Male,166757.0,Urban,45.7,3,Sedan,13,15,No,2,Yes,Low,Yes,31-40
EV00812,39,Female,79750.0,Urban,43.7,2,Hatchback,5,4,Yes,1,No,Low,No,31-40
EV00813,58,Female,103079.0,Rural,41.6,2,Sedan,0,2,Yes,3,Yes,Low,No,51-60
EV00814,26,Male,143438.0,Urban,35.7,4,Hatchback,9,6,No,4,Yes,Medium,No,18-30
EV00815,33,Female,101725.0,Urban,27.0,2,Sedan,12,5,Yes,2,No,Low,No,31-40
EV00816,39,Male,55532.0,Urban,55.1,1,SUV,6,15,No,1,Yes,Medium,No,31-40
EV00817,62,Female,90674.0,Suburban,47.8,1,SUV,0,9,No,5,Yes,Medium,No,61-70
EV00818,53,Female,109211.0,Suburban,30.8,1,Hatchback,0,3,No,4,No,Low,No,51-60
EV00819,41,Male,91728.0,Suburban,17.1,2,SUV,3,8,Yes,1,Yes,Low,No,41-50
EV00820,42,Male,107418.0,Suburban,20.9,1,Sedan,5,3,Yes,3,No,Low,No,41-50
EV00821,52,Male,121075.0,Urban,44.1,1,Sedan,8,5,Yes,5,Yes,Low,Yes,51-60
EV00822,58,Male,33144.0,Rural,18.4,2,Sedan,2,2,No,5,No,Medium,No,51-60
EV00823,39,Male,76495.0,Suburban,50.2,2,Hatchback,2,1,Yes,2,Yes,Low,No,31-40
EV00824,46,Female,120518.0,Suburban,5.0,2,Sedan,0,1,No,3,Yes,Medium,No,41-50
EV00825,50,Female,92642.0,Urban,25.6,1,Hatchback,14,17,Yes,3,No,Low,No,41-50
EV00826,57,Male,145403.0,Urban,31.5,1,Sedan,2,17,No,2,No,Low,No,51-60
EV00827,61,Male,140587.0,Urban,13.4,2,Sedan,9,9,Yes,2,Yes,Low,No,61-70
EV00828,25,Male,103229.0,Suburban,116.1,1,Sedan,2,1,Yes,3,No,Low,No,18-30
EV00829,45,Female,58652.0,Suburban,77.6,2,Sedan,7,8,Yes,3,Yes,Low,No,41-50
EV00830,31,Female,165093.0,Urban,63.6,1,SUV,3,14,No,1,No,Low,No,31-40
EV00831,37,Female,95106.0,Urban,16.9,2,Hatchback,10,17,No,5,Yes,Low,No,31-40
EV00832,56,Male,105071.0,Urban,47.4,3,Hatchback,13,16,No,2,No,Low,No,51-60
EV00833,68,Male,79234.0,Suburban,5.0,2,SUV,4,7,Yes,2,Yes,Low,Yes,61-70
EV00834,55,Male,75891.0,Suburban,35.7,2,Sedan,1,3,Yes,2,No,Low,No,51-60
EV00835,65,Male,86844.0,Suburban,66.9,2,Sedan,1,7,Yes,3,No,Low,No,61-70
EV00836,29,Female,68341.0,Suburban,41.2,1,SUV,3,2,No,3,Yes,Medium,No,18-30
EV00837,49,Male,151110.0,Urban,56.4,2,Truck,8,17,No,2,Yes,Low,No,41-50
EV00838,61,Female,30000.0,Urban,56.8,1,SUV,11,3,Yes,3,No,Low,No,61-70
EV00839,34,Male,30000.0,Urban,5.0,2,SUV,5,7,Yes,1,Yes,Low,No,31-40
EV00840,40,Male,72570.0,Suburban,14.8,2,Truck,0,3,No,1,Yes,Low,No,31-40
EV00841,35,Female,30000.0,Urban,5.0,2,Sedan,12,17,Yes,4,No,Low,No,31-40
EV00842,55,Male,41365.0,Rural,23.3,2,SUV,0,1,Yes,5,Yes,Low,No,51-60
EV00843,31,Female,94660.0,Urban,55.1,2,Sedan,10,11,No,3,Yes,Medium,No,31-40
EV00844,67,Male,70893.0,Rural,49.5,1,SUV,2,0,Yes,2,No,Low,No,61-70
EV00845,51,Female,101720.0,Urban,46.8,2,Sedan,7,18,No,1,Yes,Low,No,51-60
EV00846,58,Male,47216.0,Rural,42.0,3,Sedan,2,1,Yes,2,No,Low,No,51-60
EV00847,25,Female,79595.0,Urban,43.9,2,Sedan,7,17,Yes,5,Yes,Low,Yes,18-30
EV00848,47,Male,108244.0,Suburban,26.2,2,Sedan,1,5,Yes,1,Yes,Low,No,41-50
EV00849,54,Male,62705.0,Rural,58.3,1,Sedan,0,1,Yes,1,Yes,Low,No,51-60
EV00850,56,Male,51741.0,Urban,24.3,2,Truck,6,4,Yes,1,Yes,Low,No,51-60
EV00851,47,Male,128293.0,Urban,63.2,1,Sedan,14,12,No,4,No,Low,No,41-50
EV00852,51,Female,104990.0,Urban,33.0,1,Hatchback,4,7,No,5,No,Medium,No,51-60
EV00853,28,Female,95621.0,Urban,5.3,2,Sedan,7,9,No,3,No,Low,No,18-30
EV00854,34,Male,132496.0,Urban,5.0,2,Truck,4,18,No,2,No,Low,No,31-40
EV00855,54,Female,96613.0,Rural,20.0,2,Truck,1,2,Yes,1,Yes,Low,No,51-60
EV00856,67,Male,121025.0,Urban,42.5,1,SUV,14,7,No,5,Yes,Low,Yes,61-70
EV00857,26,Male,101603.0,Suburban,65.9,2,Sedan,3,7,Yes,2,No,Low,No,18-30
EV00858,40,Male,66408.0,Urban,32.3,1,Truck,7,7,Yes,2,Yes,Low,No,31-40
EV00859,68,Female,46929.0,Rural,36.9,1,Sedan,0,2,Yes,5,Yes,Low,No,61-70
EV00860,63,Female,99359.0,Rural,14.0,4,Hatchback,2,2,Yes,1,Yes,Low,No,61-70
EV00861,26,Male,107315.0,Urban,59.3,4,SUV,4,11,No,4,No,Low,No,18-30
EV00862,35,Female,48028.0,Suburban,18.8,3,Hatchback,0,1,Yes,2,Yes,Low,No,31-40
EV00863,47,Male,30000.0,Suburban,44.9,2,SUV,2,4,Yes,4,Yes,Low,No,41-50
EV00864,59,Female,78418.0,Suburban,45.8,1,SUV,0,5,Yes,2,Yes,Low,No,51-60
EV00865,36,Male,86831.0,Urban,21.9,2,Hatchback,5,17,No,5,Yes,Low,Yes,31-40
EV00866,57,Female,85513.0,Urban,40.2,2,SUV,12,11,Yes,1,Yes,Low,No,51-60
EV00867,28,Male,66646.0,Suburban,32.4,2,SUV,0,8,Yes,5,Yes,Low,No,18-30
EV00868,68,Male,96854.0,Urban,59.7,3,Truck,12,11,No,2,Yes,Medium,No,61-70
EV00869,56,Male,121778.0,Suburban,52.4,1,Truck,1,1,No,3,No,Medium,No,51-60
EV00870,55,Male,85475.0,Urban,24.3,3,Sedan,3,13,No,3,No,Low,No,51-60
EV00871,64,Female,72649.0,Urban,61.1,2,Sedan,11,19,Yes,4,No,Low,No,61-70
EV00872,41,Female,51280.0,Suburban,21.3,2,Sedan,4,7,Yes,1,No,Low,No,41-50
EV00873,41,Female,85913.0,Suburban,61.2,1,Sedan,7,8,Yes,5,No,Low,No,41-50
EV00874,55,Male,61100.0,Suburban,95.9,1,SUV,3,1,Yes,3,Yes,Low,No,51-60
EV00875,50,Female,120602.0,Suburban,117.0,3,SUV,3,2,Yes,5,No,Medium,No,41-50
EV00876,67,Female,89340.0,Suburban,40.2,2,SUV,5,6,Yes,2,No,Low,No,61-70
EV00877,35,Male,92040.0,Urban,61.9,1,Sedan,14,14,Yes,5,No,Low,No,31-40
EV00878,47,Female,110708.0,Suburban,11.4,1,SUV,3,3,Yes,3,Yes,Low,Yes,41-50
EV00879,58,Male,72683.0,Urban,39.3,4,SUV,8,15,Yes,2,Yes,Low,Yes,51-60
EV00880,63,Other,154551.0,Suburban,51.9,2,Sedan,2,9,No,3,Yes,Low,Yes,61-70
EV00881,49,Male,135170.0,Suburban,38.9,1,Sedan,4,6,Yes,5,Yes,Low,Yes,41-50
EV00882,55,Male,96915.0,Urban,18.4,1,SUV,7,11,Yes,4,No,Low,No,51-60
EV00883,68,Female,128801.0,Rural,35.4,1,SUV,0,0,Yes,5,Yes,Low,Yes,61-70
EV00884,39,Female,84164.0,Suburban,39.2,1,SUV,2,2,No,5,Yes,Medium,No,31-40
EV00885,64,Male,110595.0,Rural,30.3,1,Sedan,0,0,Yes,2,No,Low,No,61-70
EV00886,32,Male,69719.0,Rural,71.4,1,SUV,2,2,Yes,3,Yes,Low,Yes,31-40
EV00887,44,Female,147129.0,Suburban,71.8,2,SUV,1,8,Yes,1,Yes,Low,No,41-50
EV00888,36,Male,42205.0,Suburban,40.9,2,Sedan,6,7,Yes,5,Yes,Low,Yes,31-40
EV00889,42,Female,102769.0,Urban,32.4,2,Sedan,10,5,Yes,5,Yes,Low,Yes,41-50
EV00890,32,Female,104625.0,Rural,37.8,2,Hatchback,1,1,Yes,4,No,Low,No,31-40
EV00891,48,Female,84708.0,Urban,38.6,3,Sedan,3,8,No,1,Yes,Medium,No,41-50
EV00892,64,Male,69957.0,Suburban,21.1,2,SUV,7,7,Yes,4,No,Low,No,61-70
EV00893,54,Female,134362.0,Suburban,109.7,2,SUV,5,4,Yes,3,Yes,Low,Yes,51-60
EV00894,37,Female,120423.0,Urban,70.3,1,SUV,12,15,Yes,3,No,Low,No,31-40
EV00895,53,Male,84609.0,Rural,80.3,2,Hatchback,1,1,Yes,3,Yes,Low,No,51-60
EV00896,45,Male,57898.0,Urban,5.0,2,Hatchback,7,15,Yes,5,Yes,Low,Yes,41-50
EV00897,65,Female,91032.0,Urban,40.4,2,Sedan,13,16,No,2,Yes,Low,No,61-70
EV00898,47,Female,200498.0,Urban,79.5,1,Sedan,10,8,No,1,No,Medium,No,41-50
EV00899,31,Male,42833.0,Suburban,77.7,2,Truck,7,5,Yes,1,Yes,Low,No,31-40
EV00900,35,Male,129664.0,Suburban,14.1,2,SUV,5,9,Yes,2,Yes,Low,Yes,31-40
EV00901,69,Male,94936.0,Urban,41.2,1,Hatchback,8,4,Yes,3,No,Low,No,61-70
EV00902,40,Male,116472.0,Urban,5.0,4,SUV,10,13,Yes,2,No,Low,No,31-40
EV00903,56,Female,80209.0,Urban,9.3,2,Sedan,9,13,No,3,No,Low,No,51-60
EV00904,48,Male,62412.0,Rural,30.3,1,SUV,2,1,Yes,1,No,Low,No,41-50
EV00905,41,Female,49809.0,Suburban,34.8,3,SUV,1,5,Yes,2,No,Low,No,41-50
EV00906,56,Female,59534.0,Urban,60.7,4,SUV,12,5,Yes,3,No,Low,No,51-60
EV00907,51,Female,88742.0,Urban,74.3,2,Sedan,3,10,Yes,1,No,Low,No,51-60
EV00908,51,Male,84529.0,Suburban,36.7,1,Sedan,0,7,Yes,2,Yes,Low,No,51-60
EV00909,40,Male,62210.0,Urban,40.2,2,Sedan,11,11,No,2,Yes,Low,No,31-40
EV00910,55,Female,65737.0,Suburban,19.4,2,SUV,2,4,Yes,2,Yes,Low,No,51-60
EV00911,67,Male,62724.0,Urban,31.5,2,SUV,14,14,No,3,Yes,Low,No,61-70
EV00912,26,Male,69825.0,Suburban,60.4,3,Sedan,2,3,No,5,Yes,Low,Yes,18-30
EV00913,46,Male,32282.0,Urban,67.2,1,SUV,10,8,No,3,Yes,Low,No,41-50
EV00914,59,Female,85720.0,Urban,44.7,1,Hatchback,6,15,Yes,5,No,Low,No,51-60
EV00915,51,Female,43864.0,Urban,28.4,3,SUV,4,9,No,2,No,Medium,No,51-60
EV00916,42,Female,80675.0,Urban,85.9,2,Sedan,11,19,No,2,Yes,Low,No,41-50
EV00917,67,Female,118144.0,Urban,41.3,1,SUV,11,7,Yes,1,Yes,Low,No,61-70
EV00918,40,Female,84708.0,Rural,76.7,3,SUV,2,3,Yes,1,Yes,Medium,No,31-40
EV00919,54,Male,119293.0,Urban,42.9,3,Hatchback,11,4,No,1,Yes,Low,No,51-60
EV00920,55,Male,60892.0,Urban,55.9,2,Sedan,11,6,No,4,Yes,Medium,No,51-60
EV00921,53,Other,73327.0,Suburban,62.3,3,Hatchback,6,4,No,4,Yes,Medium,No,51-60
EV00922,59,Male,94651.0,Rural,52.3,2,Hatchback,1,1,Yes,1,Yes,Low,No,51-60
EV00923,34,Female,101036.0,Urban,58.7,2,Hatchback,7,13,Yes,1,Yes,Low,No,31-40
EV00924,67,Male,44146.0,Urban,34.0,3,Sedan,12,19,Yes,5,No,Low,No,61-70
EV00925,38,Male,94814.0,Urban,65.4,2,Truck,12,19,No,1,Yes,Low,No,31-40
EV00926,52,Male,103598.0,Urban,5.0,1,Sedan,2,4,No,2,Yes,Low,Yes,51-60
EV00927,37,Male,94223.0,Urban,43.1,1,Sedan,9,17,Yes,3,Yes,Low,Yes,31-40
EV00928,25,Male,121810.0,Urban,29.3,2,Hatchback,14,8,No,4,No,Low,No,18-30
EV00929,46,Female,80577.0,Urban,45.8,2,SUV,4,11,No,1,Yes,Low,No,41-50
EV00930,29,Male,99724.0,Urban,82.7,1,SUV,2,17,Yes,4,No,Low,No,18-30
EV00931,59,Female,130373.0,Urban,45.3,1,SUV,6,7,No,2,Yes,Medium,No,51-60
EV00932,48,Female,68898.0,Suburban,66.3,1,Hatchback,2,5,Yes,5,Yes,Low,Yes,41-50
EV00933,39,Male,168012.0,Suburban,89.9,1,Truck,0,5,Yes,2,No,Low,No,31-40
EV00934,53,Male,73928.0,Suburban,31.7,2,Hatchback,7,2,Yes,3,No,Low,No,51-60
EV00935,50,Male,106227.0,Suburban,44.4,2,Sedan,3,9,Yes,5,Yes,Low,Yes,41-50
EV00936,43,Male,101008.0,Urban,68.4,1,SUV,13,5,Yes,5,No,Low,Yes,41-50
EV00937,41,Male,81165.0,Suburban,5.0,1,Sedan,0,8,Yes,2,Yes,Low,Yes,41-50
EV00938,50,Female,113263.0,Rural,35.1,3,SUV,0,2,Yes,4,Yes,Low,Yes,41-50
EV00939,40,Male,78590.0,Rural,79.8,2,SUV,2,1,Yes,2,Yes,Low,No,31-40
EV00940,46,Female,40751.0,Suburban,29.0,1,Hatchback,2,2,Yes,2,No,Low,No,41-50
EV00941,63,Female,100176.0,Urban,79.5,3,SUV,13,10,No,4,Yes,Medium,No,61-70
EV00942,26,Female,129682.0,Suburban,29.6,2,Sedan,2,6,Yes,3,No,Low,Yes,18-30
EV00943,49,Female,73881.0,Suburban,48.2,3,SUV,2,6,No,5,Yes,High,No,41-50
EV00944,64,Male,108094.0,Urban,6.2,2,Sedan,13,6,Yes,4,Yes,Low,Yes,61-70
EV00945,48,Male,31810.0,Urban,27.1,4,Sedan,3,8,No,3,Yes,Medium,No,41-50
EV00946,39,Female,59191.0,Rural,31.6,2,Sedan,2,3,Yes,1,No,Low,No,31-40
EV00947,39,Female,129544.0,Urban,42.2,4,Sedan,5,7,No,1,Yes,Medium,No,31-40
EV00948,64,Female,97645.0,Rural,46.6,1,Sedan,0,0,Yes,2,Yes,Low,No,61-70
EV00949,29,Female,96573.0,Suburban,5.0,2,Truck,4,9,Yes,3,No,Low,No,18-30
EV00950,58,Female,30056.0,Rural,61.5,2,SUV,2,2,No,3,Yes,Medium,No,51-60
EV00951,32,Female,119397.0,Urban,80.8,1,Sedan,7,4,Yes,1,No,Low,No,31-40
EV00952,66,Male,30000.0,Urban,78.6,2,Sedan,13,8,No,2,No,Medium,No,61-70
EV00953,27,Female,84708.0,Rural,14.1,3,Hatchback,2,1,Yes,4,Yes,Low,Yes,18-30
EV00954,27,Female,34544.0,Suburban,83.5,1,Hatchback,7,1,No,2,Yes,Medium,No,18-30
EV00955,40,Male,79198.0,Urban,33.0,1,SUV,14,5,No,2,Yes,Low,No,31-40
EV00956,41,Male,80833.0,Suburban,47.4,2,SUV,3,6,Yes,5,No,Low,No,41-50
EV00957,36,Female,92808.0,Rural,37.8,2,Sedan,1,2,Yes,5,No,Low,No,31-40
EV00958,46,Male,70041.0,Suburban,38.7,2,SUV,1,4,Yes,3,Yes,Low,Yes,41-50
EV00959,42,Male,129028.0,Suburban,10.4,2,Truck,2,6,Yes,1,Yes,Low,Yes,41-50
EV00960,33,Male,100941.0,Rural,45.9,2,SUV,2,0,Yes,4,No,Low,No,31-40
EV00961,48,Other,36229.0,Suburban,24.3,2,Truck,2,4,Yes,5,Yes,Low,No,41-50
EV00962,40,Male,56353.0,Rural,56.9,1,Hatchback,0,2,Yes,4,Yes,Low,No,31-40
EV00963,54,Male,144692.0,Urban,39.3,2,Sedan,9,12,No,2,No,Low,No,51-60
EV00964,42,Male,32508.0,Urban,42.1,3,Sedan,5,12,No,5,No,Medium,No,41-50
EV00965,59,Female,34451.0,Rural,21.3,1,Hatchback,0,3,Yes,4,No,Low,No,51-60
EV00966,49,Male,103090.0,Rural,53.4,2,Hatchback,2,3,Yes,4,Yes,Low,Yes,41-50
EV00967,48,Male,30000.0,Urban,24.4,1,SUV,7,19,No,5,No,Low,No,41-50
EV00968,50,Female,84851.0,Urban,35.0,1,SUV,5,4,No,1,Yes,Medium,No,41-50
EV00969,25,Male,91022.0,Rural,53.3,3,Sedan,0,1,Yes,2,Yes,Medium,No,18-30
EV00970,51,Male,62266.0,Rural,15.0,2,Truck,2,0,Yes,2,Yes,Low,No,51-60
EV00971,50,Male,111539.0,Urban,76.1,2,Sedan,13,6,No,1,No,Medium,No,41-50
EV00972,48,Other,30000.0,Urban,5.0,2,SUV,8,10,Yes,5,Yes,Low,No,41-50
EV00973,43,Male,77433.0,Suburban,5.0,1,Sedan,3,5,Yes,3,No,Low,No,41-50
EV00974,57,Male,89831.0,Urban,11.0,4,SUV,14,14,No,1,Yes,Low,No,51-60
EV00975,56,Female,90936.0,Urban,60.2,2,SUV,11,18,No,5,No,Low,No,51-60
EV00976,35,Female,98359.0,Urban,44.7,4,Sedan,6,19,Yes,5,No,Low,No,31-40
EV00977,37,Male,108831.0,Urban,32.8,2,SUV,6,18,No,2,Yes,Low,No,31-40
EV00978,47,Female,112447.0,Rural,7.7,2,SUV,0,1,Yes,2,Yes,Medium,No,41-50
EV00979,41,Female,67379.0,Rural,10.6,2,Sedan,2,0,Yes,1,No,Low,No,41-50
EV00980,60,Female,66190.0,Urban,9.2,3,SUV,3,14,Yes,4,Yes,Low,Yes,51-60
EV00981,61,Other,85104.0,Urban,20.0,1,Sedan,5,14,No,4,Yes,Low,Yes,61-70
EV00982,38,Female,86437.0,Suburban,23.9,1,Truck,5,9,Yes,2,No,Low,No,31-40
EV00983,51,Female,124570.0,Urban,26.0,1,Sedan,8,5,No,1,Yes,Low,No,51-60
EV00984,32,Male,51005.0,Rural,34.9,2,Sedan,0,0,Yes,3,Yes,Low,No,31-40
EV00985,45,Male,76537.0,Suburban,25.7,2,SUV,3,6,No,4,No,Low,No,41-50
EV00986,46,Female,75277.0,Urban,40.7,3,SUV,12,9,No,1,No,Medium,No,41-50
EV00987,69,Male,86822.0,Rural,35.7,2,Hatchback,1,2,Yes,1,No,Low,No,61-70
EV00988,38,Female,139919.0,Rural,29.8,1,Sedan,1,1,Yes,1,No,Low,No,31-40
EV00989,33,Male,49491.0,Suburban,49.3,2,Sedan,4,2,Yes,4,No,Low,No,31-40
EV00990,55,Male,97805.0,Suburban,43.6,2,SUV,0,6,Yes,3,No,Low,No,51-60
EV00991,59,Female,116998.0,Suburban,36.8,3,SUV,3,3,Yes,2,Yes,Low,Yes,51-60
EV00992,29,Female,116796.0,Suburban,68.1,2,SUV,0,2,Yes,1,Yes,Low,No,18-30
EV00993,62,Female,86092.0,Urban,36.9,2,Sedan,14,8,No,5,No,Low,No,61-70
EV00994,40,Male,61385.0,Urban,36.5,1,Sedan,3,10,No,2,No,Medium,No,31-40
EV00995,67,Female,30000.0,Suburban,11.4,1,SUV,3,5,Yes,1,Yes,Low,No,61-70
EV00996,43,Female,85464.0,Suburban,79.8,1,Sedan,3,2,No,1,No,Medium,No,41-50
EV00997,36,Male,99209.0,Rural,14.6,1,SUV,0,3,Yes,5,Yes,Low,No,31-40
EV00998,56,Male,51331.0,Urban,75.7,2,Sedan,4,6,No,1,No,Medium,No,51-60
EV00999,27,Female,95524.0,Urban,24.2,2,SUV,8,17,Yes,5,Yes,Low,No,18-30
EV01000,38,Male,100063.0,Urban,50.2,1,Sedan,10,9,No,1,No,Medium,No,31-40
EV01001,46,Male,90753.0,Urban,57.9,2,Hatchback,3,17,No,1,No,Low,No,41-50
EV01002,27,Male,62794.0,Urban,30.4,2,Sedan,4,17,No,5,Yes,Low,No,18-30
EV01003,41,Female,130037.0,Suburban,20.6,2,Hatchback,0,9,No,5,No,Low,No,41-50
EV01004,68,Male,30000.0,Urban,61.1,3,SUV,13,5,Yes,5,No,Low,No,61-70
EV01005,62,Male,112848.0,Suburban,25.5,2,Sedan,4,5,Yes,1,No,Low,No,61-70
EV01006,37,Male,84887.0,Urban,11.0,1,SUV,9,6,No,5,No,Low,No,31-40
EV01007,56,Female,51804.0,Urban,29.4,2,Truck,6,6,No,1,No,Low,No,51-60
EV01008,31,Male,94124.0,Urban,62.6,2,SUV,13,16,Yes,5,Yes,Low,Yes,31-40
EV01009,26,Male,42798.0,Suburban,35.1,2,Hatchback,1,6,Yes,4,Yes,Low,Yes,18-30
EV01010,62,Male,84301.0,Urban,90.1,1,SUV,11,14,Yes,2,Yes,Low,No,61-70
EV01011,67,Female,31568.0,Rural,24.5,3,SUV,0,2,Yes,2,Yes,Medium,No,61-70
EV01012,59,Male,114515.0,Suburban,82.0,2,SUV,5,6,Yes,3,No,Low,No,51-60
EV01013,41,Female,30000.0,Suburban,50.8,2,Sedan,7,1,Yes,2,No,Low,No,41-50
EV01014,60,Male,49837.0,Urban,31.6,2,Sedan,10,13,No,1,Yes,Medium,No,51-60
EV01015,46,Female,97373.0,Rural,67.7,1,SUV,1,3,Yes,2,Yes,Low,No,41-50
EV01016,58,Male,76802.0,Suburban,53.0,2,SUV,4,3,No,3,Yes,Low,No,51-60
EV01017,28,Female,96198.0,Suburban,25.8,4,Sedan,1,7,Yes,4,Yes,Low,No,18-30
EV01018,48,Male,61888.0,Rural,5.0,1,SUV,0,3,No,1,Yes,Medium,No,41-50
EV01019,69,Female,30000.0,Urban,12.2,1,Sedan,10,8,Yes,2,No,Low,No,61-70
EV01020,61,Male,93552.0,Suburban,58.9,1,Hatchback,0,3,Yes,2,Yes,Low,Yes,61-70
EV01021,68,Male,122282.0,Suburban,23.2,2,Sedan,1,8,No,3,No,Medium,No,61-70
EV01022,49,Other,101268.0,Rural,51.2,2,SUV,1,2,Yes,5,No,Low,No,41-50
EV01023,52,Female,99851.0,Urban,78.8,1,Truck,14,19,Yes,5,No,Low,No,51-60
EV01024,43,Male,105722.0,Rural,47.9,1,Sedan,0,0,Yes,2,Yes,Low,No,41-50
EV01025,51,Male,59190.0,Urban,15.5,1,Truck,12,18,No,3,Yes,Low,No,51-60
EV01026,36,Female,64989.0,Suburban,37.3,3,Sedan,1,7,Yes,4,Yes,Low,No,31-40
EV01027,63,Male,168218.0,Suburban,15.2,1,Truck,3,9,Yes,5,Yes,Low,Yes,61-70
EV01028,37,Other,87328.0,Suburban,5.0,1,Sedan,5,2,Yes,2,No,Low,No,31-40
EV01029,31,Male,61701.0,Urban,38.9,1,Hatchback,2,14,Yes,3,No,Low,No,31-40
EV01030,25,Male,110227.0,Rural,31.6,1,SUV,2,2,Yes,2,Yes,Low,No,18-30
EV01031,40,Male,103466.0,Suburban,47.5,2,Truck,7,4,Yes,5,Yes,Low,Yes,31-40
EV01032,43,Other,107561.0,Suburban,26.2,2,Sedan,1,3,Yes,1,Yes,Low,No,41-50
EV01033,31,Male,123547.0,Urban,27.7,4,SUV,5,10,No,5,No,Low,No,31-40
EV01034,54,Female,53506.0,Urban,9.4,2,Sedan,7,18,Yes,3,No,Low,No,51-60
EV01035,36,Female,53951.0,Suburban,9.1,2,Sedan,1,1,Yes,1,Yes,Low,No,31-40
EV01036,49,Male,103006.0,Urban,37.1,2,Sedan,3,15,Yes,5,Yes,Low,Yes,41-50
EV01037,67,Male,66642.0,Suburban,48.3,2,Sedan,5,9,No,3,Yes,Medium,Yes,61-70
EV01038,62,Male,67075.0,Suburban,55.8,2,Hatchback,6,2,Yes,4,Yes,Low,No,61-70
EV01039,38,Female,98364.0,Urban,11.3,1,SUV,6,11,No,1,Yes,Low,No,31-40
EV01040,30,Male,36796.0,Suburban,10.5,1,Sedan,1,4,Yes,4,Yes,Low,No,18-30
EV01041,69,Male,53387.0,Urban,31.9,2,Sedan,4,16,Yes,4,No,Low,No,61-70
EV01042,67,Female,30000.0,Urban,59.4,3,Hatchback,8,14,No,2,No,Low,No,61-70
EV01043,25,Female,78339.0,Rural,23.3,2,Truck,2,0,Yes,3,Yes,Low,No,18-30
EV01044,45,Male,75316.0,Urban,38.3,1,Sedan,3,16,No,1,No,Low,No,41-50
EV01045,47,Female,84999.0,Suburban,32.9,2,Hatchback,1,4,Yes,2,No,Low,No,41-50
EV01046,35,Male,98797.0,Urban,45.2,1,Sedan,5,9,No,2,No,Low,No,31-40
EV01047,43,Female,94036.0,Urban,58.4,2,Hatchback,4,9,No,5,Yes,Medium,No,41-50
EV01048,67,Male,76388.0,Suburban,89.7,2,SUV,6,2,Yes,1,Yes,Low,No,61-70
EV01049,40,Female,60093.0,Urban,28.1,3,Truck,13,17,No,3,Yes,Low,No,31-40
EV01050,26,Female,122193.0,Urban,5.0,4,Truck,7,7,No,5,Yes,Medium,No,18-30
EV01051,67,Male,115260.0,Urban,47.4,1,Truck,4,9,Yes,4,No,Low,No,61-70
EV01052,63,Male,64202.0,Suburban,39.5,2,SUV,7,7,Yes,5,No,Low,No,61-70
EV01053,54,Female,128064.0,Urban,56.0,1,Sedan,14,3,No,4,No,Medium,No,51-60
EV01054,63,Female,30000.0,Suburban,69.4,1,Hatchback,3,9,Yes,5,Yes,Low,No,61-70
EV01055,44,Male,38909.0,Suburban,60.6,3,Hatchback,2,2,Yes,2,No,Low,No,41-50
EV01056,59,Female,40402.0,Urban,55.3,1,SUV,8,17,No,4,No,Low,No,51-60
EV01057,34,Male,70886.0,Urban,80.4,1,Sedan,14,16,No,1,No,Low,No,31-40
EV01058,50,Female,125998.0,Suburban,24.7,2,Hatchback,1,9,Yes,2,Yes,Low,No,41-50
EV01059,45,Male,62391.0,Suburban,35.9,2,Sedan,4,7,Yes,3,No,Low,No,41-50
EV01060,48,Male,30000.0,Urban,43.0,2,SUV,3,14,No,1,Yes,Medium,No,41-50
EV01061,37,Male,86435.0,Suburban,42.6,3,SUV,5,9,Yes,3,Yes,Low,No,31-40
EV01062,40,Female,78525.0,Rural,58.9,2,SUV,0,1,Yes,1,No,Low,No,31-40
EV01063,51,Male,46357.0,Suburban,14.6,2,Hatchback,6,9,Yes,3,Yes,Low,No,51-60
EV01064,61,Female,48080.0,Suburban,8.6,1,Sedan,3,8,Yes,4,Yes,Low,Yes,61-70
EV01065,46,Female,91328.0,Urban,76.8,2,SUV,14,7,No,1,Yes,Medium,No,41-50
EV01066,62,Male,100453.0,Urban,50.1,3,Sedan,14,15,Yes,4,No,Low,No,61-70
EV01067,63,Male,68719.0,Urban,80.7,3,SUV,14,9,No,4,Yes,Medium,No,61-70
EV01068,42,Male,120573.0,Rural,40.1,2,Sedan,1,2,Yes,3,Yes,Medium,No,41-50
EV01069,53,Male,79644.0,Urban,40.2,2,Truck,9,14,No,3,No,Low,No,51-60
EV01070,30,Female,144772.0,Urban,22.6,1,Hatchback,5,18,No,1,Yes,Low,No,18-30
EV01071,37,Male,44686.0,Suburban,12.8,3,Sedan,5,1,Yes,3,Yes,Low,Yes,31-40
EV01072,38,Female,54878.0,Urban,45.1,2,Sedan,8,17,No,2,Yes,Low,No,31-40
EV01073,25,Female,86503.0,Urban,22.4,1,SUV,3,11,No,2,No,Medium,No,18-30
EV01074,62,Female,69975.0,Urban,60.2,1,Hatchback,14,16,No,2,Yes,Low,Yes,61-70
EV01075,26,Male,84308.0,Rural,45.2,1,SUV,2,0,Yes,5,Yes,Low,No,18-30
EV01076,68,Male,99080.0,Rural,91.7,2,Sedan,2,2,Yes,5,Yes,Low,No,61-70
EV01077,33,Male,76381.0,Suburban,55.6,1,Hatchback,7,4,Yes,4,Yes,Low,No,31-40
EV01078,64,Male,90337.0,Urban,56.4,2,Sedan,2,14,Yes,3,Yes,Low,No,61-70
EV01079,54,Male,139549.0,Suburban,32.3,2,Sedan,2,1,No,1,No,High,No,51-60
EV01080,68,Male,30000.0,Urban,19.0,3,SUV,13,15,No,4,No,Low,No,61-70
EV01081,29,Male,114739.0,Suburban,20.5,1,Truck,4,4,Yes,1,No,Low,No,18-30
EV01082,30,Male,75061.0,Urban,37.3,1,Truck,7,3,No,2,No,Medium,No,18-30
EV01083,32,Male,129137.0,Urban,66.1,4,SUV,7,11,Yes,1,No,Low,No,31-40
EV01084,34,Female,82189.0,Urban,53.0,1,SUV,8,19,No,4,No,Low,No,31-40
EV01085,49,Male,87761.0,Urban,41.3,2,SUV,4,19,Yes,5,No,Low,No,41-50
EV01086,55,Male,131282.0,Suburban,5.4,1,Sedan,1,6,Yes,4,No,Low,No,51-60
EV01087,62,Male,125106.0,Suburban,68.8,1,Hatchback,0,2,Yes,3,Yes,Low,No,61-70
EV01088,40,Female,157700.0,Suburban,24.6,2,SUV,1,4,Yes,1,Yes,Low,No,31-40
EV01089,52,Female,84708.0,Urban,5.0,1,Sedan,2,13,No,2,No,Low,No,51-60
EV01090,39,Female,128197.0,Suburban,63.8,2,Truck,0,4,Yes,3,Yes,Low,No,31-40
EV01091,33,Male,129990.0,Suburban,30.6,1,Truck,0,1,Yes,3,No,Low,No,31-40
EV01092,42,Female,130382.0,Urban,5.0,1,Truck,2,10,No,5,Yes,Low,No,41-50
EV01093,50,Male,82511.0,Urban,67.3,2,Hatchback,2,8,No,2,Yes,Medium,No,41-50
EV01094,40,Male,93355.0,Urban,29.9,2,SUV,4,8,No,2,Yes,Low,No,31-40
EV01095,40,Male,116139.0,Urban,37.2,1,Sedan,6,16,No,3,No,Low,No,31-40
EV01096,67,Male,88628.0,Urban,45.4,1,Sedan,13,5,No,3,Yes,Medium,No,61-70
EV01097,31,Male,63907.0,Urban,61.5,3,SUV,2,6,Yes,5,Yes,Low,Yes,31-40
EV01098,37,Female,75631.0,Urban,8.0,1,Sedan,3,14,Yes,5,Yes,Low,No,31-40
EV01099,53,Female,95280.0,Suburban,27.5,1,SUV,0,6,Yes,5,Yes,Low,Yes,51-60
EV01100,48,Male,70319.0,Urban,56.1,2,Sedan,2,3,No,4,No,Medium,No,41-50
EV01101,37,Male,75105.0,Urban,40.2,1,Truck,10,8,No,5,No,Low,No,31-40
EV01102,33,Male,134936.0,Rural,15.6,2,SUV,0,0,Yes,1,Yes,Low,No,31-40
EV01103,35,Male,44987.0,Urban,16.7,1,Hatchback,13,16,Yes,3,Yes,Low,No,31-40
EV01104,66,Male,109530.0,Urban,51.0,2,SUV,6,19,No,3,Yes,Low,No,61-70
EV01105,66,Male,103799.0,Suburban,25.9,1,Sedan,5,2,Yes,2,Yes,Low,No,61-70
EV01106,58,Male,44307.0,Suburban,30.7,1,Sedan,7,7,Yes,3,Yes,Low,No,51-60
EV01107,27,Female,118709.0,Urban,24.3,4,SUV,10,3,No,3,No,Medium,No,18-30
EV01108,56,Female,51375.0,Urban,15.4,2,Truck,14,3,No,4,No,Low,No,51-60
EV01109,57,Female,117510.0,Suburban,52.8,2,Sedan,7,8,No,1,Yes,Medium,No,51-60
EV01110,26,Female,63110.0,Urban,58.3,1,Truck,9,8,No,3,Yes,Medium,No,18-30
EV01111,36,Male,89972.0,Rural,55.9,2,Sedan,0,0,Yes,4,No,Low,No,31-40
EV01112,44,Female,104663.0,Rural,41.2,1,SUV,0,2,No,2,Yes,High,No,41-50
EV01113,35,Male,87338.0,Suburban,11.3,2,SUV,1,8,Yes,4,No,Medium,No,31-40
EV01114,66,Female,79846.0,Suburban,20.0,1,SUV,5,2,Yes,2,No,Low,No,61-70
EV01115,32,Female,79723.0,Rural,35.2,2,SUV,0,1,Yes,1,Yes,Low,No,31-40
EV01116,52,Female,155281.0,Urban,60.7,1,Hatchback,8,5,Yes,1,Yes,Low,No,51-60
EV01117,54,Male,85689.0,Suburban,42.6,1,SUV,0,8,Yes,5,Yes,Low,No,51-60
EV01118,41,Female,126131.0,Rural,102.8,1,Hatchback,0,3,Yes,1,No,Low,No,41-50
EV01119,58,Male,106747.0,Urban,24.9,1,Hatchback,2,10,No,1,Yes,Low,No,51-60
EV01120,31,Male,71714.0,Rural,8.0,3,SUV,1,0,Yes,5,Yes,Low,Yes,31-40
EV01121,56,Male,86629.0,Urban,38.7,2,Sedan,2,17,Yes,1,No,Low,No,51-60
EV01122,38,Female,84065.0,Urban,17.4,1,Sedan,3,13,Yes,5,No,Low,No,31-40
EV01123,31,Male,87818.0,Suburban,5.0,4,SUV,0,5,Yes,4,Yes,Low,No,31-40
EV01124,52,Male,84642.0,Urban,5.0,1,Hatchback,3,3,No,1,Yes,Low,No,51-60
EV01125,57,Female,113784.0,Urban,85.0,1,Sedan,11,5,No,1,No,Medium,No,51-60
EV01126,36,Male,78631.0,Urban,45.4,2,SUV,3,12,No,1,No,Medium,No,31-40
EV01127,38,Male,88603.0,Suburban,70.3,1,SUV,5,9,No,2,Yes,Medium,No,31-40
EV01128,55,Female,32980.0,Urban,68.9,2,SUV,7,18,Yes,5,Yes,Low,Yes,51-60
EV01129,61,Male,108747.0,Suburban,51.9,2,SUV,3,4,Yes,2,Yes,Low,No,61-70
EV01130,37,Female,93726.0,Suburban,12.5,1,SUV,3,6,No,1,Yes,Medium,No,31-40
EV01131,66,Female,65792.0,Urban,59.3,1,Sedan,12,8,Yes,3,No,Low,No,61-70
EV01132,62,Female,70779.0,Urban,5.0,3,SUV,7,7,Yes,1,No,Low,No,61-70
EV01133,62,Other,183314.0,Urban,37.7,1,Hatchback,8,3,No,5,No,Low,Yes,61-70
EV01134,31,Male,93962.0,Suburban,84.3,1,SUV,1,8,Yes,1,Yes,Low,No,31-40
EV01135,64,Female,73464.0,Suburban,74.2,1,SUV,5,3,Yes,2,Yes,Low,No,61-70
EV01136,28,Male,60411.0,Urban,28.4,1,SUV,3,11,No,5,No,Low,No,18-30
EV01137,43,Male,63272.0,Urban,34.0,3,Sedan,8,13,No,1,Yes,Low,No,41-50
EV01138,64,Female,111362.0,Urban,55.1,1,Sedan,11,3,No,3,No,Medium,No,61-70
EV01139,34,Female,62966.0,Suburban,29.5,1,Sedan,7,7,Yes,5,No,Low,No,31-40
EV01140,37,Female,59180.0,Urban,28.3,3,Sedan,6,3,No,3,No,Low,No,31-40
EV01141,55,Female,128578.0,Urban,34.1,1,Sedan,6,14,No,3,Yes,Low,No,51-60
EV01142,36,Male,124399.0,Rural,41.5,3,Sedan,1,1,Yes,1,Yes,Low,No,31-40
EV01143,56,Female,30000.0,Urban,34.0,2,Truck,9,14,Yes,5,No,Low,No,51-60
EV01144,52,Male,30000.0,Urban,20.7,1,Hatchback,5,12,Yes,1,No,Low,No,51-60
EV01145,49,Male,45177.0,Suburban,28.2,2,Sedan,1,9,Yes,1,Yes,Low,No,41-50
EV01146,35,Male,116449.0,Urban,19.4,1,SUV,10,9,Yes,2,Yes,Low,No,31-40
EV01147,25,Female,109496.0,Suburban,74.1,2,Sedan,2,9,Yes,5,Yes,Low,Yes,18-30
EV01148,36,Male,113154.0,Urban,80.7,2,SUV,13,7,No,1,No,Low,No,31-40
EV01149,61,Female,82028.0,Urban,40.2,1,Sedan,12,18,Yes,4,No,Low,No,61-70
EV01150,37,Female,73220.0,Suburban,64.3,1,Sedan,2,9,Yes,4,Yes,Low,No,31-40
EV01151,66,Female,73965.0,Suburban,61.4,4,Sedan,6,8,No,2,Yes,Medium,No,61-70
EV01152,25,Male,55347.0,Urban,86.6,1,Sedan,12,7,Yes,1,No,Low,No,18-30
EV01153,25,Female,92054.0,Urban,31.1,1,SUV,13,11,Yes,2,Yes,Low,No,18-30
EV01154,40,Male,39436.0,Urban,53.4,2,SUV,14,19,No,5,No,Low,No,31-40
EV01155,41,Male,76983.0,Suburban,60.1,3,Hatchback,4,9,No,4,No,Low,Yes,41-50
EV01156,50,Female,187822.0,Suburban,55.8,2,SUV,2,2,Yes,2,No,Low,No,41-50
EV01157,63,Male,41534.0,Rural,17.3,1,Sedan,2,1,Yes,4,Yes,Low,No,61-70
EV01158,40,Male,108685.0,Suburban,30.7,3,Sedan,6,4,No,5,Yes,Medium,No,31-40
EV01159,46,Male,74941.0,Suburban,97.0,2,SUV,0,2,Yes,2,No,Low,No,41-50
EV01160,59,Female,51365.0,Urban,41.2,2,Sedan,11,3,Yes,3,No,Low,No,51-60
EV01161,55,Female,75339.0,Urban,5.8,2,Truck,11,10,No,2,Yes,Low,No,51-60
EV01162,30,Male,107470.0,Urban,35.7,2,Hatchback,4,15,No,3,No,Medium,No,18-30
EV01163,26,Female,53099.0,Suburban,31.0,2,Hatchback,5,9,Yes,2,No,Low,No,18-30
EV01164,54,Female,112142.0,Urban,28.6,1,SUV,6,11,Yes,5,No,Low,No,51-60
EV01165,33,Other,37297.0,Rural,11.8,1,SUV,0,0,Yes,2,No,Low,No,31-40
EV01166,26,Male,39473.0,Suburban,79.4,2,Sedan,6,4,Yes,3,Yes,Low,No,18-30
EV01167,67,Male,84899.0,Rural,42.0,3,Hatchback,0,0,Yes,1,No,Low,No,61-70
EV01168,54,Male,72951.0,Suburban,36.3,1,Sedan,1,5,Yes,1,No,Low,No,51-60
EV01169,59,Male,60375.0,Suburban,49.3,1,SUV,4,1,Yes,2,No,Low,No,51-60
EV01170,56,Male,87115.0,Suburban,33.4,2,Sedan,0,7,Yes,1,No,Low,No,51-60
EV01171,66,Female,84778.0,Suburban,75.0,2,Truck,2,8,Yes,4,Yes,Low,No,61-70
EV01172,39,Female,149076.0,Urban,40.2,1,Sedan,12,9,No,2,No,Low,No,31-40
EV01173,49,Female,88393.0,Rural,40.4,1,Sedan,0,2,Yes,5,Yes,Low,Yes,41-50
EV01174,58,Female,110239.0,Urban,35.9,2,SUV,2,7,No,1,Yes,Medium,No,51-60
EV01175,50,Male,55365.0,Rural,24.8,2,Sedan,2,0,Yes,3,Yes,Low,No,41-50
EV01176,48,Female,65184.0,Urban,43.6,3,SUV,3,5,No,1,Yes,Medium,No,41-50
EV01177,34,Male,33968.0,Urban,76.5,2,SUV,14,16,No,2,Yes,Low,No,31-40
EV01178,39,Male,72441.0,Suburban,46.3,2,Hatchback,0,4,Yes,2,Yes,Low,No,31-40
EV01179,49,Male,79166.0,Urban,58.7,4,Truck,8,17,Yes,4,No,Low,No,41-50
EV01180,26,Female,72441.0,Urban,49.1,3,Hatchback,4,8,No,2,No,Low,No,18-30
EV01181,57,Female,32480.0,Urban,64.1,2,Sedan,9,9,No,2,Yes,Low,No,51-60
EV01182,60,Male,102624.0,Urban,40.2,3,Hatchback,3,13,Yes,3,Yes,Low,No,51-60
EV01183,41,Other,96666.0,Suburban,41.1,1,Hatchback,6,6,Yes,5,Yes,Low,No,41-50
EV01184,28,Male,84926.0,Urban,5.0,3,Sedan,7,4,No,5,Yes,Low,Yes,18-30
EV01185,46,Female,106355.0,Urban,38.6,1,Truck,6,13,Yes,3,No,Low,No,41-50
EV01186,65,Male,70523.0,Suburban,44.1,3,SUV,7,5,Yes,4,Yes,Low,No,61-70
EV01187,35,Female,162643.0,Suburban,34.5,2,Sedan,4,4,Yes,5,No,Low,No,31-40
EV01188,43,Male,58451.0,Urban,25.9,2,SUV,14,6,Yes,2,Yes,Low,No,41-50
EV01189,47,Male,89604.0,Urban,41.9,1,SUV,4,19,Yes,1,No,Low,No,41-50
EV01190,63,Female,56131.0,Urban,8.2,1,Sedan,7,14,No,1,No,Low,No,61-70
EV01191,57,Male,47922.0,Rural,40.2,2,SUV,2,3,Yes,2,No,Low,No,51-60
EV01192,28,Female,30000.0,Suburban,84.3,1,Sedan,7,7,Yes,1,Yes,Low,No,18-30
EV01193,41,Male,111873.0,Urban,22.1,4,SUV,7,13,No,5,No,Low,No,41-50
EV01194,42,Female,89322.0,Rural,18.8,1,Sedan,1,0,Yes,1,Yes,Low,No,41-50
EV01195,63,Female,123567.0,Rural,19.1,2,SUV,2,1,Yes,3,Yes,Low,Yes,61-70
EV01196,41,Male,77397.0,Urban,70.2,1,Sedan,4,17,No,1,Yes,Medium,No,41-50
EV01197,32,Male,91818.0,Suburban,53.7,1,SUV,5,9,Yes,1,Yes,Low,No,31-40
EV01198,46,Female,104726.0,Rural,26.3,2,SUV,1,2,Yes,5,Yes,Low,Yes,41-50
EV01199,40,Male,44355.0,Urban,5.0,3,Sedan,3,16,No,2,Yes,Low,No,31-40
EV01200,33,Female,112498.0,Urban,77.7,3,SUV,8,3,Yes,3,Yes,Low,No,31-40
EV01201,30,Male,60492.0,Suburban,8.6,2,Hatchback,5,3,Yes,1,No,Low,No,18-30
EV01202,51,Female,68765.0,Rural,56.8,2,SUV,0,0,Yes,4,No,Low,No,51-60
EV01203,52,Male,100694.0,Urban,30.6,1,Sedan,14,19,No,1,Yes,Low,No,51-60
EV01204,36,Female,43983.0,Urban,23.5,1,Truck,8,13,No,4,Yes,Low,No,31-40
EV01205,43,Male,107442.0,Urban,59.7,2,Sedan,6,15,No,2,Yes,Medium,No,41-50
EV01206,26,Female,108248.0,Suburban,7.7,2,Hatchback,1,3,Yes,3,No,Low,No,18-30
EV01207,48,Female,53043.0,Suburban,52.4,4,SUV,2,8,Yes,4,Yes,Low,No,41-50
EV01208,48,Female,112759.0,Urban,29.8,1,Hatchback,8,4,No,4,Yes,Low,Yes,41-50
EV01209,41,Female,97409.0,Suburban,54.8,3,Sedan,3,8,Yes,1,Yes,Low,No,41-50
EV01210,56,Male,96748.0,Suburban,5.0,1,Sedan,4,3,Yes,4,No,Low,No,51-60
EV01211,32,Male,108703.0,Suburban,79.9,4,SUV,7,1,Yes,5,Yes,Low,Yes,31-40
EV01212,25,Male,53154.0,Urban,5.0,1,Sedan,2,18,Yes,5,No,Low,No,18-30
EV01213,66,Female,57020.0,Rural,55.8,1,Sedan,2,2,Yes,3,No,Low,No,61-70
EV01214,48,Male,58228.0,Urban,5.0,2,Sedan,8,10,No,5,Yes,Medium,Yes,41-50
EV01215,25,Male,120041.0,Urban,82.9,1,Sedan,10,17,No,4,Yes,Medium,No,18-30
EV01216,58,Female,50544.0,Rural,11.7,2,Truck,0,1,Yes,1,Yes,Low,No,51-60
EV01217,49,Male,81040.0,Urban,25.9,1,Truck,13,18,No,5,Yes,Medium,No,41-50
EV01218,62,Female,86322.0,Suburban,98.5,2,Hatchback,1,4,Yes,3,Yes,Low,Yes,61-70
EV01219,52,Female,59192.0,Rural,19.1,3,SUV,2,2,Yes,4,Yes,Low,No,51-60
EV01220,40,Male,80181.0,Rural,74.5,2,SUV,1,2,Yes,4,Yes,Low,No,31-40
EV01221,66,Male,98569.0,Rural,68.5,3,SUV,1,0,No,3,Yes,High,No,61-70
EV01222,52,Other,45781.0,Urban,30.2,2,Sedan,5,6,Yes,2,Yes,Low,No,51-60
EV01223,28,Female,137965.0,Rural,59.4,1,Sedan,2,3,Yes,1,No,Low,No,18-30
EV01224,40,Female,81451.0,Urban,8.0,1,SUV,3,17,No,3,Yes,Low,No,31-40
EV01225,48,Male,50269.0,Suburban,44.9,2,Sedan,2,8,Yes,1,Yes,Low,No,41-50
EV01226,48,Male,137424.0,Urban,71.2,3,SUV,5,3,No,2,Yes,Medium,No,41-50
EV01227,60,Male,78506.0,Suburban,54.6,1,Sedan,0,8,Yes,1,No,Low,No,51-60
EV01228,56,Female,30000.0,Suburban,73.4,1,SUV,0,8,Yes,1,Yes,Low,No,51-60
EV01229,33,Male,62922.0,Suburban,50.3,1,SUV,1,4,No,3,Yes,Medium,No,31-40
EV01230,56,Male,78802.0,Urban,40.2,1,Sedan,13,10,Yes,3,Yes,Low,No,51-60
EV01231,42,Male,105933.0,Urban,13.6,2,SUV,8,3,No,3,No,Low,No,41-50
EV01232,48,Female,77334.0,Suburban,43.0,3,SUV,7,9,Yes,4,Yes,Low,No,41-50
EV01233,29,Other,150251.0,Suburban,12.1,1,Sedan,1,5,No,3,Yes,Medium,Yes,18-30
EV01234,60,Male,89552.0,Urban,35.4,2,Truck,2,10,No,2,No,Medium,No,51-60
EV01235,67,Female,130271.0,Suburban,26.2,1,Sedan,2,2,Yes,1,No,Low,No,61-70
EV01236,37,Female,123594.0,Urban,37.8,2,Sedan,5,11,No,2,Yes,Medium,No,31-40
EV01237,54,Female,88509.0,Urban,24.2,2,Truck,2,17,No,5,Yes,Medium,No,51-60
EV01238,35,Female,141074.0,Rural,10.5,1,Sedan,1,3,Yes,4,Yes,Low,No,31-40
EV01239,61,Male,123532.0,Urban,79.2,2,SUV,7,5,No,3,Yes,Medium,No,61-70
EV01240,64,Female,143152.0,Suburban,53.6,1,Sedan,6,6,Yes,5,Yes,Low,Yes,61-70
EV01241,60,Male,87649.0,Suburban,55.6,2,SUV,5,1,Yes,5,No,Low,No,51-60
EV01242,58,Male,84562.0,Suburban,26.9,1,SUV,2,1,Yes,5,Yes,Low,Yes,51-60
EV01243,48,Female,136534.0,Urban,44.0,2,Sedan,11,18,Yes,3,Yes,Low,No,41-50
EV01244,32,Male,106533.0,Urban,81.8,3,Sedan,9,10,Yes,3,Yes,Low,No,31-40
EV01245,50,Male,74986.0,Urban,58.2,1,Sedan,12,19,Yes,2,Yes,Low,No,41-50
EV01246,49,Female,116423.0,Urban,29.9,4,Hatchback,12,3,Yes,3,Yes,Low,No,41-50
EV01247,29,Male,39350.0,Urban,31.0,2,SUV,7,7,No,4,No,Medium,No,18-30
EV01248,37,Female,30000.0,Rural,25.3,2,Sedan,0,0,Yes,3,Yes,Low,No,31-40
EV01249,47,Male,30000.0,Suburban,52.8,1,Sedan,4,5,Yes,4,Yes,Low,No,41-50
EV01250,40,Female,78216.0,Suburban,16.2,3,SUV,0,9,Yes,5,Yes,Low,Yes,31-40
EV01251,49,Male,63844.0,Urban,28.8,2,Sedan,11,13,No,2,Yes,Low,No,41-50
EV01252,50,Male,84708.0,Suburban,34.5,1,Truck,7,7,No,5,Yes,Low,Yes,41-50
EV01253,35,Male,79559.0,Suburban,64.4,3,SUV,3,9,Yes,3,Yes,Low,No,31-40
EV01254,35,Female,84035.0,Urban,46.3,2,SUV,2,7,Yes,5,Yes,Low,Yes,31-40
EV01255,35,Female,36855.0,Urban,55.4,2,Hatchback,14,17,No,1,No,Medium,No,31-40
EV01256,66,Female,90161.0,Suburban,26.5,2,Sedan,1,4,Yes,4,Yes,Low,No,61-70
EV01257,39,Male,56135.0,Urban,40.6,1,SUV,10,15,Yes,3,Yes,Low,No,31-40
EV01258,55,Male,136587.0,Rural,5.0,3,Hatchback,1,0,Yes,4,Yes,Low,Yes,51-60
EV01259,54,Male,39123.0,Suburban,50.3,1,Hatchback,2,4,Yes,3,No,Low,No,51-60
EV01260,27,Male,81338.0,Rural,5.0,1,Sedan,1,2,Yes,1,Yes,Low,No,18-30
EV01261,56,Male,125772.0,Urban,5.0,1,SUV,3,11,No,2,No,Low,No,51-60
EV01262,32,Female,44353.0,Urban,28.7,3,Hatchback,3,8,Yes,3,Yes,Low,No,31-40
EV01263,58,Female,61015.0,Suburban,33.1,4,SUV,7,1,No,4,Yes,High,No,51-60
EV01264,69,Female,75480.0,Urban,34.3,1,Sedan,10,4,No,3,No,Low,No,61-70
EV01265,32,Male,108704.0,Urban,11.8,1,Truck,4,17,No,2,Yes,Low,No,31-40
EV01266,28,Male,30000.0,Urban,78.7,1,Truck,13,19,No,1,Yes,Low,No,18-30
EV01267,44,Male,41398.0,Urban,31.8,1,SUV,12,8,No,2,No,Medium,No,41-50
EV01268,26,Male,127991.0,Rural,78.6,2,Sedan,1,3,Yes,4,No,Low,No,18-30
EV01269,30,Female,84360.0,Urban,8.8,1,Sedan,3,9,Yes,4,Yes,Low,Yes,18-30
EV01270,30,Male,83731.0,Urban,70.9,3,Truck,10,13,Yes,3,No,Low,No,18-30
EV01271,40,Male,172085.0,Urban,30.4,3,Sedan,7,11,Yes,1,Yes,Low,Yes,31-40
EV01272,46,Female,80622.0,Urban,55.8,2,Sedan,12,3,Yes,4,No,Low,No,41-50
EV01273,62,Female,119510.0,Urban,41.6,2,Hatchback,3,6,No,2,Yes,Medium,No,61-70
EV01274,62,Female,157070.0,Urban,57.0,2,SUV,6,18,No,4,No,Medium,No,61-70
EV01275,62,Male,81699.0,Suburban,78.1,4,Sedan,5,6,Yes,1,No,Low,No,61-70
EV01276,29,Male,30000.0,Urban,41.3,3,Sedan,14,16,No,1,Yes,Low,No,18-30
EV01277,38,Male,62451.0,Rural,44.3,2,Sedan,2,0,Yes,1,No,Low,No,31-40
EV01278,48,Female,109798.0,Suburban,50.2,2,Sedan,7,8,Yes,4,No,Low,No,41-50
EV01279,33,Female,65847.0,Suburban,22.2,1,SUV,4,9,Yes,4,No,Low,No,31-40
EV01280,33,Female,116714.0,Suburban,47.1,2,Sedan,7,9,No,5,Yes,Medium,Yes,31-40
EV01281,42,Male,149984.0,Urban,21.8,2,Sedan,5,5,Yes,4,Yes,Low,Yes,41-50
EV01282,68,Female,108819.0,Suburban,5.0,2,Sedan,2,3,Yes,5,No,Low,No,61-70
EV01283,25,Male,81445.0,Urban,34.1,2,Sedan,6,14,No,4,Yes,Medium,No,18-30
EV01284,48,Female,55776.0,Suburban,66.2,2,SUV,3,9,Yes,4,Yes,Low,Yes,41-50
EV01285,51,Male,63966.0,Urban,45.8,3,SUV,11,17,No,5,No,Low,Yes,51-60
EV01286,54,Male,101978.0,Suburban,30.1,1,SUV,7,1,No,5,Yes,High,No,51-60
EV01287,48,Female,30000.0,Suburban,30.1,2,Sedan,0,6,Yes,5,Yes,Low,No,41-50
EV01288,66,Male,99955.0,Suburban,58.4,2,Sedan,3,6,Yes,3,No,Low,No,61-70
EV01289,56,Male,129705.0,Urban,42.8,3,SUV,7,19,No,3,No,Low,No,51-60
EV01290,55,Female,100298.0,Urban,40.2,3,SUV,6,4,No,1,No,High,No,51-60
EV01291,57,Male,41942.0,Urban,61.1,4,Sedan,13,13,No,2,No,Medium,No,51-60
EV01292,52,Female,72376.0,Urban,23.2,1,Sedan,3,6,No,5,No,Medium,No,51-60
EV01293,38,Male,91203.0,Rural,67.6,2,Sedan,1,1,No,2,Yes,High,No,31-40
EV01294,46,Female,107378.0,Urban,55.8,2,SUV,8,4,Yes,5,Yes,Low,Yes,41-50
EV01295,39,Other,85806.0,Urban,32.0,2,SUV,3,9,No,2,Yes,Low,Yes,31-40
EV01296,65,Male,135849.0,Rural,47.8,2,SUV,1,1,Yes,3,No,Low,No,61-70
EV01297,59,Male,75116.0,Urban,21.0,2,SUV,7,15,Yes,2,Yes,Low,No,51-60
EV01298,54,Male,33425.0,Urban,45.5,3,Hatchback,7,5,Yes,3,Yes,Low,No,51-60
EV01299,41,Male,54296.0,Urban,56.3,2,Truck,13,16,No,3,No,Low,No,41-50
EV01300,40,Male,103601.0,Urban,48.9,2,Sedan,14,7,Yes,5,No,Low,No,31-40
EV01301,37,Female,129834.0,Suburban,66.5,2,Sedan,1,3,Yes,4,Yes,Low,Yes,31-40
EV01302,54,Female,105957.0,Rural,17.5,2,SUV,1,1,Yes,1,Yes,Low,No,51-60
EV01303,44,Male,44652.0,Rural,64.4,1,SUV,0,2,Yes,5,Yes,Low,No,41-50
EV01304,58,Male,104601.0,Rural,20.0,2,SUV,1,1,Yes,4,Yes,Low,Yes,51-60
EV01305,27,Female,125322.0,Urban,48.8,3,Sedan,3,11,No,5,Yes,Low,Yes,18-30
EV01306,50,Male,131862.0,Urban,35.6,1,Truck,11,13,No,4,Yes,Low,Yes,41-50
EV01307,52,Female,69457.0,Rural,5.3,3,Hatchback,2,3,Yes,2,No,Low,No,51-60
EV01308,26,Female,84708.0,Rural,19.8,2,SUV,2,1,Yes,1,Yes,Low,No,18-30
EV01309,38,Other,74771.0,Urban,48.0,2,SUV,14,16,No,3,Yes,Low,No,31-40
EV01310,35,Other,96523.0,Urban,83.7,2,Sedan,6,18,No,2,No,Medium,No,31-40
EV01311,39,Female,92450.0,Suburban,58.7,2,SUV,7,9,Yes,1,No,Low,No,31-40
EV01312,53,Female,109210.0,Urban,40.4,3,SUV,3,7,No,5,Yes,Medium,No,51-60
EV01313,51,Male,116976.0,Rural,63.5,1,SUV,2,2,Yes,4,Yes,Low,Yes,51-60
EV01314,33,Female,64559.0,Urban,34.0,1,SUV,10,5,No,1,Yes,Low,No,31-40
EV01315,42,Male,74783.0,Urban,27.3,1,Hatchback,5,9,Yes,1,No,Low,No,41-50
EV01316,37,Male,106005.0,Suburban,50.7,2,Sedan,7,8,Yes,5,Yes,Low,Yes,31-40
EV01317,44,Female,75029.0,Urban,37.2,2,Sedan,14,14,Yes,2,Yes,Low,No,41-50
EV01318,36,Male,30000.0,Rural,23.7,1,Truck,0,1,Yes,2,Yes,Low,No,31-40
EV01319,60,Other,86171.0,Urban,8.5,3,Sedan,5,14,Yes,2,No,Low,No,51-60
EV01320,60,Male,138900.0,Suburban,58.8,2,Sedan,4,1,Yes,3,Yes,Low,Yes,51-60
EV01321,44,Female,85205.0,Urban,41.1,2,SUV,11,6,Yes,1,No,Low,No,41-50
EV01322,25,Male,127211.0,Urban,65.2,1,SUV,8,13,No,4,Yes,Medium,Yes,18-30
EV01323,49,Male,84708.0,Rural,7.3,2,Sedan,2,1,Yes,3,Yes,Low,Yes,41-50
EV01324,67,Male,134585.0,Urban,16.6,3,SUV,7,19,No,5,Yes,Low,Yes,61-70
EV01325,68,Female,80934.0,Urban,74.5,1,SUV,7,5,No,4,No,Medium,No,61-70
EV01326,48,Male,69158.0,Suburban,54.8,1,Hatchback,6,4,Yes,1,Yes,Low,No,41-50
EV01327,39,Female,121053.0,Urban,50.0,3,Hatchback,10,5,Yes,4,Yes,Low,Yes,31-40
EV01328,52,Female,84123.0,Suburban,15.7,1,SUV,7,9,Yes,5,Yes,Low,Yes,51-60
EV01329,69,Female,113977.0,Urban,50.3,1,Hatchback,5,14,No,5,Yes,Low,Yes,61-70
EV01330,52,Female,50515.0,Urban,72.5,2,SUV,13,10,No,1,No,Medium,No,51-60
EV01331,46,Female,93963.0,Rural,5.0,4,Sedan,0,0,Yes,2,Yes,Low,No,41-50
EV01332,68,Female,48720.0,Suburban,5.0,2,Truck,2,1,Yes,1,Yes,Low,No,61-70
EV01333,67,Female,55149.0,Urban,56.3,3,SUV,2,5,Yes,2,Yes,Low,No,61-70
EV01334,28,Female,48833.0,Urban,38.7,3,Sedan,9,12,No,3,Yes,Low,No,18-30
EV01335,35,Female,113371.0,Urban,41.5,1,Sedan,9,19,No,5,Yes,Low,Yes,31-40
EV01336,53,Female,103474.0,Suburban,48.2,2,Hatchback,5,4,Yes,2,Yes,Low,No,51-60
EV01337,46,Female,123549.0,Suburban,43.1,2,Sedan,2,9,Yes,5,Yes,Low,Yes,41-50
EV01338,37,Male,70445.0,Rural,43.5,3,Truck,0,1,Yes,2,No,Low,No,31-40
EV01339,41,Female,41676.0,Urban,21.3,3,Hatchback,6,18,Yes,2,No,Low,No,41-50
EV01340,37,Male,73462.0,Suburban,48.1,1,Truck,0,2,Yes,4,No,Low,No,31-40
EV01341,47,Male,76942.0,Suburban,32.3,3,SUV,7,4,Yes,3,Yes,Low,No,41-50
EV01342,45,Female,63201.0,Rural,5.0,2,SUV,2,1,Yes,4,No,Low,No,41-50
EV01343,69,Male,96381.0,Urban,86.7,2,Sedan,8,17,Yes,2,No,Low,No,61-70
EV01344,55,Male,133616.0,Urban,30.2,2,Sedan,11,15,No,5,Yes,Low,Yes,51-60
EV01345,60,Male,122567.0,Urban,68.6,2,Hatchback,7,13,No,5,Yes,Medium,Yes,51-60
EV01346,55,Male,59069.0,Suburban,34.0,1,SUV,5,4,No,3,Yes,Low,No,51-60
EV01347,60,Male,66417.0,Suburban,65.1,1,Sedan,7,8,Yes,5,No,Low,No,51-60
EV01348,57,Male,163833.0,Urban,5.7,1,Sedan,13,10,Yes,3,Yes,Low,Yes,51-60
EV01349,61,Male,78134.0,Rural,33.6,3,SUV,0,2,Yes,2,Yes,Low,No,61-70
EV01350,42,Male,87718.0,Suburban,45.7,1,Sedan,4,3,No,4,Yes,Low,Yes,41-50
EV01351,33,Female,88889.0,Rural,57.5,1,Sedan,2,3,Yes,1,No,Low,No,31-40
EV01352,53,Male,120861.0,Urban,37.2,1,Hatchback,5,10,No,2,No,Low,No,51-60
EV01353,36,Male,81093.0,Suburban,21.9,1,Hatchback,1,6,Yes,3,Yes,Low,No,31-40
EV01354,50,Male,66947.0,Urban,23.3,2,SUV,13,19,No,4,No,Low,No,41-50
EV01355,59,Female,85456.0,Urban,74.9,2,Hatchback,8,9,Yes,5,Yes,Low,Yes,51-60
EV01356,65,Male,82917.0,Suburban,22.0,1,Sedan,1,6,Yes,2,No,Low,No,61-70
EV01357,54,Male,52707.0,Rural,29.1,2,Sedan,2,2,Yes,2,Yes,Low,No,51-60
EV01358,68,Male,146974.0,Suburban,55.3,1,SUV,1,6,No,5,No,High,No,61-70
EV01359,54,Male,47350.0,Urban,43.1,1,Sedan,7,11,No,3,Yes,Low,No,51-60
EV01360,36,Male,91619.0,Urban,55.5,2,SUV,4,11,Yes,5,Yes,Low,Yes,31-40
EV01361,62,Female,146468.0,Rural,47.5,2,Sedan,2,1,Yes,1,No,Low,No,61-70
EV01362,59,Female,53635.0,Urban,10.7,2,Sedan,4,3,No,4,Yes,Low,No,51-60
EV01363,25,Male,85132.0,Urban,54.2,3,Sedan,12,4,Yes,3,Yes,Low,Yes,18-30
EV01364,37,Female,126394.0,Suburban,27.1,1,Sedan,7,3,Yes,1,No,Low,No,31-40
EV01365,28,Male,96688.0,Urban,11.0,1,SUV,3,19,Yes,4,No,Low,No,18-30
EV01366,57,Female,30000.0,Suburban,5.0,2,Hatchback,7,7,No,2,No,Medium,No,51-60
EV01367,48,Female,107839.0,Suburban,46.7,2,Hatchback,4,7,Yes,3,Yes,Low,No,41-50
EV01368,30,Male,163069.0,Urban,45.9,1,Sedan,13,12,No,5,No,Low,No,18-30
EV01369,42,Male,90202.0,Rural,38.3,3,Hatchback,1,1,Yes,3,Yes,Low,Yes,41-50
EV01370,65,Male,120332.0,Urban,49.1,3,SUV,9,8,No,2,Yes,Low,No,61-70
EV01371,65,Male,30000.0,Urban,11.7,2,Sedan,9,4,No,2,Yes,Low,No,61-70
EV01372,43,Male,132982.0,Urban,26.8,2,Hatchback,6,17,No,4,No,Low,No,41-50
EV01373,69,Female,30000.0,Suburban,13.1,1,Sedan,5,6,Yes,3,Yes,Low,No,61-70
EV01374,29,Male,71226.0,Rural,32.3,2,Hatchback,1,0,Yes,5,Yes,Low,No,18-30
EV01375,50,Female,58355.0,Urban,74.7,1,SUV,11,7,No,3,No,Medium,No,41-50
EV01376,41,Male,72454.0,Suburban,22.9,4,Sedan,3,4,Yes,5,Yes,Low,Yes,41-50
EV01377,44,Male,62655.0,Suburban,35.7,1,Sedan,3,8,Yes,2,No,Low,No,41-50
EV01378,41,Female,90359.0,Urban,36.4,3,SUV,4,14,No,3,No,Medium,No,41-50
EV01379,41,Female,99897.0,Urban,41.2,2,Hatchback,2,9,No,3,No,Low,No,41-50
EV01380,59,Male,134931.0,Suburban,39.6,2,Truck,7,4,Yes,2,No,Low,No,51-60
EV01381,54,Female,99766.0,Urban,54.6,2,SUV,12,8,No,2,No,Medium,No,51-60
EV01382,47,Male,61661.0,Urban,74.3,4,SUV,9,4,No,2,Yes,Medium,No,41-50
EV01383,68,Female,103929.0,Rural,43.0,1,SUV,2,2,Yes,2,Yes,Low,Yes,61-70
EV01384,64,Female,75799.0,Rural,73.8,4,SUV,0,0,Yes,2,No,Low,No,61-70
EV01385,56,Male,30741.0,Rural,17.6,2,Hatchback,0,0,Yes,3,Yes,Low,No,51-60
EV01386,45,Male,88946.0,Suburban,5.0,1,Sedan,4,7,Yes,2,Yes,Low,No,41-50
EV01387,53,Other,143307.0,Rural,39.0,2,Sedan,0,0,Yes,4,Yes,Low,No,51-60
EV01388,33,Female,105810.0,Suburban,54.0,2,Hatchback,4,8,Yes,1,Yes,Low,No,31-40
EV01389,37,Female,98869.0,Urban,53.3,2,SUV,4,17,Yes,4,No,Low,No,31-40
EV01390,45,Female,42328.0,Suburban,39.2,1,Sedan,4,4,Yes,2,No,Low,No,41-50
EV01391,41,Male,97548.0,Urban,52.8,1,Sedan,13,11,No,2,No,Low,No,41-50
EV01392,66,Male,48810.0,Urban,22.0,1,Sedan,3,13,No,1,Yes,Low,No,61-70
EV01393,38,Female,64713.0,Suburban,68.4,1,Hatchback,6,6,Yes,3,No,Low,No,31-40
EV01394,57,Male,78077.0,Urban,30.0,1,SUV,5,4,Yes,3,No,Low,No,51-60
EV01395,48,Female,89292.0,Rural,62.0,2,SUV,1,1,Yes,5,No,Low,No,41-50
EV01396,38,Female,73947.0,Urban,80.0,2,Hatchback,3,8,Yes,3,Yes,Low,No,31-40
EV01397,52,Male,97949.0,Urban,59.2,1,SUV,5,18,Yes,2,No,Low,No,51-60
EV01398,44,Female,196753.0,Suburban,21.0,2,SUV,4,9,Yes,1,Yes,Low,No,41-50
EV01399,45,Female,67259.0,Suburban,58.7,1,SUV,6,6,No,2,Yes,Medium,No,41-50
EV01400,46,Male,32265.0,Urban,66.4,1,Truck,6,4,No,4,No,High,No,41-50
EV01401,57,Male,63144.0,Rural,25.8,2,Sedan,2,0,Yes,3,No,Low,No,51-60
EV01402,49,Female,30000.0,Rural,21.5,3,SUV,1,0,No,1,Yes,Medium,No,41-50
EV01403,26,Female,114836.0,Urban,33.7,2,Sedan,12,8,No,4,Yes,Low,No,18-30
EV01404,60,Female,74244.0,Urban,72.4,3,Hatchback,7,5,Yes,1,No,Low,No,51-60
EV01405,30,Female,98913.0,Urban,14.8,2,SUV,5,4,No,1,Yes,Low,No,18-30
EV01406,35,Male,84258.0,Suburban,34.1,2,Sedan,1,1,Yes,4,No,Low,No,31-40
EV01407,51,Male,88148.0,Rural,48.3,2,Sedan,2,2,Yes,2,Yes,Low,No,51-60
EV01408,67,Male,62098.0,Rural,6.5,2,Sedan,0,0,Yes,4,No,Low,No,61-70
EV01409,67,Female,67797.0,Rural,61.2,3,Sedan,0,1,Yes,2,Yes,Low,No,61-70
EV01410,37,Male,54289.0,Suburban,55.9,1,Sedan,0,2,Yes,4,No,Low,No,31-40
EV01411,45,Male,78296.0,Urban,113.7,1,Sedan,13,16,No,3,Yes,Medium,No,41-50
EV01412,32,Male,30000.0,Urban,52.0,2,Sedan,12,10,Yes,3,Yes,Low,No,31-40
EV01413,54,Male,96521.0,Suburban,43.0,1,SUV,6,1,Yes,4,Yes,Low,Yes,51-60
EV01414,53,Female,85629.0,Urban,31.6,1,Truck,6,6,No,3,No,Medium,No,51-60
EV01415,29,Other,106592.0,Suburban,57.4,2,Sedan,1,8,Yes,1,Yes,Low,No,18-30
EV01416,48,Male,122980.0,Rural,46.4,2,SUV,0,2,Yes,5,Yes,Low,Yes,41-50
EV01417,66,Male,95468.0,Suburban,12.7,1,SUV,1,8,Yes,4,No,Low,No,61-70
EV01418,29,Male,86712.0,Suburban,36.8,1,SUV,5,9,Yes,5,No,Low,No,18-30
EV01419,66,Male,153234.0,Urban,64.6,2,SUV,3,15,No,4,No,Medium,No,61-70
EV01420,47,Female,86205.0,Urban,68.7,1,Hatchback,14,17,Yes,4,No,Low,No,41-50
EV01421,41,Male,81631.0,Suburban,63.7,3,Truck,1,7,No,4,Yes,Medium,No,41-50
EV01422,36,Female,135096.0,Suburban,21.2,3,Sedan,2,2,Yes,3,Yes,Low,Yes,31-40
EV01423,38,Male,77072.0,Urban,28.8,1,Hatchback,12,11,Yes,2,No,Low,No,31-40
EV01424,26,Female,105612.0,Suburban,16.6,2,SUV,3,7,Yes,1,No,Low,No,18-30
EV01425,48,Female,81155.0,Urban,47.4,2,Sedan,7,11,No,4,No,Medium,No,41-50
EV01426,48,Female,73760.0,Urban,25.0,2,SUV,14,14,No,1,Yes,Low,No,41-50
EV01427,27,Female,73399.0,Urban,52.6,1,Hatchback,12,12,Yes,4,Yes,Low,No,18-30
EV01428,52,Male,139841.0,Urban,25.2,1,SUV,13,6,Yes,2,No,Low,No,51-60
EV01429,30,Male,153602.0,Rural,5.0,1,SUV,1,1,Yes,1,Yes,Low,No,18-30
EV01430,48,Male,39315.0,Urban,34.3,2,SUV,12,8,No,4,Yes,Low,No,41-50
EV01431,50,Female,34754.0,Urban,68.1,3,Sedan,5,10,No,5,No,Low,No,41-50
EV01432,63,Male,140630.0,Rural,87.3,2,Hatchback,2,1,Yes,2,No,Low,No,61-70
EV01433,47,Female,48131.0,Rural,25.9,4,Sedan,2,3,Yes,3,No,Low,No,41-50
EV01434,69,Male,125870.0,Urban,60.5,1,Sedan,3,3,No,3,Yes,Medium,No,61-70
EV01435,38,Female,53956.0,Urban,22.8,1,Sedan,8,9,No,2,Yes,Low,No,31-40
EV01436,56,Female,36400.0,Rural,78.5,1,Truck,2,3,Yes,5,Yes,Low,No,51-60
EV01437,38,Male,84554.0,Urban,29.2,3,SUV,12,13,Yes,2,No,Low,No,31-40
EV01438,68,Male,96180.0,Rural,5.0,2,Sedan,2,3,Yes,1,No,Low,No,61-70
EV01439,50,Male,94279.0,Suburban,5.0,2,SUV,6,9,Yes,5,Yes,Low,No,41-50
EV01440,62,Female,84708.0,Urban,40.9,2,Hatchback,9,15,No,3,Yes,Low,Yes,61-70
EV01441,47,Female,114111.0,Urban,35.1,3,Sedan,11,3,Yes,3,Yes,Low,No,41-50
EV01442,47,Male,92162.0,Rural,29.8,3,Truck,2,0,Yes,5,Yes,Low,Yes,41-50
EV01443,57,Female,70308.0,Urban,56.7,2,Sedan,2,19,No,1,Yes,Low,No,51-60
EV01444,30,Female,109370.0,Suburban,38.0,3,Truck,4,3,No,3,No,Medium,No,18-30
EV01445,49,Male,86877.0,Rural,30.1,4,Sedan,0,1,Yes,3,No,Low,No,41-50
EV01446,52,Female,89623.0,Urban,78.0,3,Hatchback,7,17,No,1,Yes,Low,No,51-60
EV01447,28,Female,51018.0,Rural,5.0,2,Sedan,2,3,Yes,3,Yes,Low,No,18-30
EV01448,34,Male,40648.0,Urban,53.8,2,SUV,6,11,No,3,Yes,Medium,No,31-40
EV01449,29,Male,118947.0,Urban,66.2,2,SUV,13,8,No,4,Yes,Low,Yes,18-30
EV01450,45,Male,30000.0,Urban,5.3,1,SUV,11,9,No,1,No,Low,No,41-50
EV01451,55,Male,107239.0,Rural,55.8,2,SUV,1,3,Yes,5,Yes,Low,Yes,51-60
EV01452,34,Male,94863.0,Urban,51.6,2,Sedan,9,6,No,5,Yes,Low,No,31-40
EV01453,36,Male,60598.0,Urban,33.3,2,Sedan,2,8,No,2,Yes,Low,No,31-40
EV01454,46,Female,71727.0,Suburban,33.3,2,SUV,1,3,No,4,Yes,Medium,No,41-50
EV01455,55,Female,30000.0,Urban,37.0,3,Sedan,4,14,Yes,5,Yes,Low,No,51-60
EV01456,30,Male,92260.0,Suburban,64.0,2,Sedan,3,3,Yes,3,Yes,Low,Yes,18-30
EV01457,25,Female,69005.0,Urban,5.0,1,Hatchback,4,9,Yes,4,No,Low,No,18-30
EV01458,42,Female,146081.0,Suburban,26.0,1,Sedan,7,9,No,1,No,Low,No,41-50
EV01459,56,Male,65903.0,Urban,5.0,1,Sedan,11,9,No,1,Yes,Low,No,51-60
EV01460,50,Male,37755.0,Rural,21.8,2,Sedan,0,2,Yes,4,No,Low,No,41-50
EV01461,31,Male,44440.0,Urban,53.1,1,Sedan,9,6,No,5,No,Low,No,31-40
EV01462,53,Male,31327.0,Suburban,32.9,2,SUV,3,7,Yes,3,Yes,Low,No,51-60
EV01463,30,Male,55717.0,Urban,34.7,2,SUV,9,3,Yes,5,Yes,Low,No,18-30
EV01464,56,Female,89726.0,Urban,53.2,2,Sedan,13,10,Yes,4,Yes,Low,Yes,51-60
EV01465,25,Male,44625.0,Urban,30.5,1,SUV,8,17,Yes,2,Yes,Low,No,18-30
EV01466,65,Female,44598.0,Urban,5.0,4,Sedan,14,14,No,2,Yes,Low,No,61-70
EV01467,58,Male,90833.0,Suburban,8.2,2,SUV,1,9,Yes,4,No,Low,No,51-60
EV01468,42,Female,83819.0,Urban,72.7,1,SUV,12,6,No,4,No,Medium,No,41-50
EV01469,40,Male,79249.0,Suburban,39.4,1,SUV,2,8,No,1,Yes,Low,No,31-40
EV01470,29,Male,94131.0,Rural,13.6,1,Sedan,2,2,Yes,4,No,Low,No,18-30
EV01471,38,Other,67636.0,Rural,100.4,1,SUV,2,0,Yes,3,No,High,No,31-40
EV01472,45,Female,72483.0,Suburban,36.6,3,Sedan,2,1,Yes,4,No,Low,No,41-50
EV01473,35,Female,30000.0,Suburban,46.4,1,SUV,1,9,Yes,1,Yes,Low,No,31-40
EV01474,45,Female,85945.0,Urban,17.2,1,Sedan,9,13,No,1,Yes,Low,No,41-50
EV01475,41,Male,101795.0,Rural,23.1,3,Sedan,2,1,No,3,No,Medium,No,41-50
EV01476,68,Male,147872.0,Suburban,40.2,3,Sedan,2,2,Yes,2,No,Low,No,61-70
EV01477,57,Male,30000.0,Urban,39.3,2,Truck,6,15,Yes,1,Yes,Low,No,51-60
EV01478,47,Female,152932.0,Rural,53.5,1,Sedan,1,3,Yes,5,Yes,Low,Yes,41-50
EV01479,66,Male,42355.0,Urban,65.0,1,SUV,6,4,No,5,Yes,Medium,No,61-70
EV01480,50,Female,39805.0,Urban,58.2,2,SUV,6,5,Yes,4,Yes,Low,No,41-50
EV01481,67,Male,107819.0,Suburban,37.1,3,Sedan,7,7,Yes,1,Yes,Low,No,61-70
EV01482,49,Female,97954.0,Suburban,28.8,1,Truck,6,8,Yes,3,Yes,Low,Yes,41-50
EV01483,58,Male,30000.0,Urban,26.8,3,Sedan,11,12,No,3,Yes,Medium,No,51-60
EV01484,61,Female,122823.0,Urban,40.2,1,SUV,11,19,Yes,4,Yes,Low,Yes,61-70
EV01485,43,Female,95238.0,Urban,16.8,2,SUV,13,15,No,2,No,Low,No,41-50
EV01486,49,Female,30000.0,Urban,47.4,1,Sedan,3,7,Yes,4,Yes,Low,No,41-50
EV01487,31,Male,105710.0,Suburban,5.0,3,SUV,0,6,Yes,3,No,Low,No,31-40
EV01488,43,Male,43585.0,Suburban,40.4,1,SUV,5,5,Yes,4,No,Low,No,41-50
EV01489,65,Female,132993.0,Suburban,70.2,3,Sedan,4,7,Yes,2,No,Low,No,61-70
EV01490,29,Male,133977.0,Urban,42.8,3,Sedan,14,11,Yes,4,No,Low,No,18-30
EV01491,54,Male,95715.0,Suburban,74.2,3,SUV,2,8,Yes,3,Yes,Low,Yes,51-60
EV01492,68,Male,52211.0,Urban,29.3,1,SUV,9,7,Yes,3,No,Low,No,61-70
EV01493,63,Female,62849.0,Urban,5.0,4,SUV,12,5,No,5,Yes,Medium,No,61-70
EV01494,58,Female,55015.0,Urban,40.2,1,Sedan,10,3,Yes,2,Yes,Low,No,51-60
EV01495,29,Male,85708.0,Urban,34.8,2,Hatchback,11,10,Yes,5,No,Low,No,18-30
EV01496,59,Male,112512.0,Urban,74.0,2,Sedan,5,5,No,5,Yes,High,No,51-60
EV01497,54,Male,84708.0,Rural,50.9,1,Hatchback,2,1,Yes,3,Yes,Low,Yes,51-60
EV01498,55,Female,51790.0,Urban,25.4,2,Sedan,13,19,No,1,Yes,Low,No,51-60
EV01499,38,Male,54847.0,Urban,50.1,2,Sedan,3,7,No,2,Yes,Medium,No,31-40
EV01500,49,Female,64584.0,Urban,13.5,1,SUV,4,15,Yes,5,Yes,Low,Yes,41-50
EV01501,39,Female,56136.0,Rural,66.0,2,Sedan,1,1,Yes,1,Yes,Low,No,31-40
EV01502,68,Male,94014.0,Suburban,19.8,4,Sedan,0,5,Yes,3,Yes,Low,No,61-70
EV01503,42,Male,85349.0,Suburban,56.6,2,Hatchback,6,2,Yes,5,Yes,Low,Yes,41-50
EV01504,32,Female,51901.0,Suburban,67.3,1,SUV,2,4,Yes,3,Yes,Low,No,31-40
EV01505,38,Male,67919.0,Rural,76.1,2,Hatchback,1,0,Yes,4,No,Medium,No,31-40
EV01506,49,Male,144722.0,Suburban,55.6,2,Hatchback,5,6,Yes,3,Yes,Low,Yes,41-50
EV01507,37,Female,51511.0,Urban,54.2,1,SUV,14,3,No,3,Yes,Medium,No,31-40
EV01508,60,Male,111786.0,Urban,20.9,2,Sedan,7,17,No,5,No,Low,No,51-60
EV01509,33,Male,77802.0,Urban,5.0,2,Hatchback,2,13,Yes,3,No,Low,No,31-40
EV01510,25,Male,44019.0,Suburban,47.1,4,SUV,5,6,No,2,Yes,Medium,No,18-30
EV01511,57,Female,75153.0,Urban,58.0,1,Sedan,14,10,No,4,Yes,Low,No,51-60
EV01512,28,Female,89514.0,Urban,29.7,2,SUV,2,19,No,1,No,Low,No,18-30
EV01513,28,Female,33812.0,Suburban,15.8,2,Truck,4,3,Yes,5,Yes,Low,Yes,18-30
EV01514,56,Male,72066.0,Suburban,6.2,2,Sedan,6,6,Yes,3,No,Low,No,51-60
EV01515,31,Female,30000.0,Suburban,17.4,4,Hatchback,2,4,Yes,4,Yes,Low,Yes,31-40
EV01516,59,Male,90385.0,Urban,9.7,2,Hatchback,4,18,No,3,No,Low,No,51-60
EV01517,26,Male,56962.0,Suburban,41.8,1,SUV,6,9,Yes,3,Yes,Low,Yes,18-30
EV01518,33,Female,84708.0,Suburban,13.8,2,SUV,4,9,Yes,3,Yes,Low,Yes,31-40
EV01519,37,Female,44178.0,Urban,82.4,2,SUV,14,5,Yes,4,No,Low,No,31-40
EV01520,49,Male,100584.0,Rural,20.8,3,Hatchback,0,1,Yes,5,Yes,Low,Yes,41-50
EV01521,62,Female,67864.0,Rural,36.9,2,Hatchback,2,3,Yes,5,No,Low,No,61-70
EV01522,59,Female,112530.0,Urban,40.2,1,Sedan,4,17,Yes,1,No,Low,No,51-60
EV01523,30,Male,30000.0,Urban,27.2,1,Hatchback,10,15,No,5,No,Low,No,18-30
EV01524,43,Female,102304.0,Suburban,57.6,2,Sedan,6,7,Yes,2,Yes,Low,No,41-50
EV01525,38,Female,36620.0,Rural,55.7,2,SUV,1,1,Yes,2,No,Low,No,31-40
EV01526,28,Male,82187.0,Suburban,42.6,1,SUV,7,4,Yes,1,No,Low,No,18-30
EV01527,41,Female,97934.0,Urban,67.6,1,Sedan,7,9,No,2,No,Low,No,41-50
EV01528,28,Male,129249.0,Urban,71.6,1,Hatchback,4,3,Yes,1,No,Low,No,18-30
EV01529,48,Male,73624.0,Suburban,74.9,3,Sedan,2,4,Yes,4,Yes,Low,No,41-50
EV01530,47,Female,131877.0,Rural,37.9,1,Sedan,0,1,Yes,5,No,Low,No,41-50
EV01531,63,Male,54307.0,Urban,23.8,3,SUV,14,19,No,4,No,Low,No,61-70
EV01532,33,Male,123514.0,Urban,45.0,2,Sedan,11,9,Yes,5,No,Low,No,31-40
EV01533,56,Male,121005.0,Suburban,5.0,1,SUV,3,4,Yes,1,No,Low,No,51-60
EV01534,41,Male,99123.0,Rural,69.3,2,SUV,1,0,Yes,3,Yes,Low,No,41-50
EV01535,67,Male,64714.0,Suburban,26.7,1,SUV,3,1,Yes,3,Yes,Low,No,61-70
EV01536,27,Male,66949.0,Suburban,30.6,1,SUV,2,5,Yes,3,No,Low,No,18-30
EV01537,48,Female,72971.0,Urban,5.0,2,SUV,14,9,No,2,Yes,Low,No,41-50
EV01538,65,Male,71650.0,Rural,5.0,4,Sedan,0,3,Yes,5,Yes,Low,Yes,61-70
EV01539,30,Female,86069.0,Suburban,8.6,1,SUV,0,7,Yes,5,Yes,Low,Yes,18-30
EV01540,52,Female,58345.0,Suburban,53.0,4,Sedan,2,7,Yes,3,No,Low,No,51-60
EV01541,52,Female,57487.0,Urban,43.6,3,SUV,5,11,Yes,5,Yes,Low,No,51-60
EV01542,66,Female,52214.0,Urban,5.0,1,Sedan,4,4,No,3,Yes,Low,No,61-70
EV01543,52,Female,70325.0,Rural,5.0,4,SUV,2,3,Yes,1,Yes,Low,No,51-60
EV01544,40,Male,107052.0,Urban,63.8,3,SUV,11,9,Yes,1,Yes,Low,No,31-40
EV01545,32,Male,109945.0,Urban,40.8,2,SUV,3,18,No,5,No,Low,No,31-40
EV01546,58,Female,38310.0,Suburban,69.2,1,Sedan,5,1,Yes,1,No,Low,No,51-60
EV01547,27,Female,94645.0,Suburban,79.9,3,SUV,3,4,Yes,5,Yes,Low,Yes,18-30
EV01548,58,Female,94326.0,Suburban,14.9,1,SUV,7,6,Yes,4,Yes,Low,Yes,51-60
EV01549,28,Male,45035.0,Urban,49.2,1,Sedan,12,12,No,2,No,Low,No,18-30
EV01550,28,Female,95649.0,Suburban,33.0,2,SUV,4,7,Yes,3,Yes,Low,No,18-30
EV01551,31,Female,80606.0,Urban,58.4,1,SUV,11,5,No,3,No,Low,No,31-40
EV01552,29,Female,67304.0,Urban,27.3,2,SUV,8,18,No,1,Yes,Low,No,18-30
EV01553,27,Male,74099.0,Urban,35.7,1,Sedan,2,15,Yes,4,No,Low,No,18-30
EV01554,30,Male,122593.0,Urban,45.9,1,Truck,7,19,No,5,No,Medium,No,18-30
EV01555,37,Female,77979.0,Suburban,59.7,2,SUV,0,8,Yes,3,Yes,Low,No,31-40
EV01556,64,Female,50430.0,Suburban,37.4,1,Truck,4,6,Yes,2,Yes,Low,No,61-70
EV01557,67,Female,88576.0,Urban,81.1,4,SUV,2,19,No,1,No,Medium,No,61-70
EV01558,33,Male,49669.0,Urban,5.0,1,Sedan,6,19,Yes,4,No,Low,No,31-40
EV01559,26,Male,70456.0,Urban,86.2,2,SUV,13,12,No,2,No,Low,No,18-30
EV01560,45,Male,114095.0,Urban,85.6,1,Hatchback,13,9,No,5,Yes,Low,Yes,41-50
EV01561,62,Male,44987.0,Urban,23.5,1,Sedan,10,3,Yes,5,No,Low,No,61-70
EV01562,42,Female,163142.0,Suburban,44.4,2,SUV,5,7,Yes,5,Yes,Low,Yes,41-50
EV01563,66,Male,107532.0,Urban,84.4,3,SUV,5,4,No,2,Yes,High,No,61-70
EV01564,39,Female,62315.0,Urban,74.9,3,Truck,13,10,No,1,Yes,Low,No,31-40
EV01565,47,Female,88142.0,Urban,5.0,1,SUV,2,15,No,1,No,Low,No,41-50
EV01566,59,Female,54944.0,Urban,48.1,3,Hatchback,3,4,No,1,No,Medium,No,51-60
EV01567,32,Female,58410.0,Rural,84.0,2,SUV,1,3,Yes,3,Yes,Low,Yes,31-40
EV01568,25,Male,30000.0,Suburban,80.2,2,SUV,1,8,Yes,5,Yes,Low,Yes,18-30
EV01569,31,Male,78815.0,Rural,17.7,1,SUV,0,3,Yes,2,No,Low,No,31-40
EV01570,32,Male,36647.0,Urban,35.5,4,Sedan,13,15,No,3,No,Low,No,31-40
EV01571,37,Male,122078.0,Urban,8.4,2,SUV,14,3,No,2,Yes,Low,No,31-40
EV01572,53,Female,81098.0,Rural,19.2,2,Sedan,2,0,Yes,3,No,Low,No,51-60
EV01573,27,Male,64908.0,Urban,15.5,1,Sedan,9,8,Yes,1,Yes,Low,No,18-30
EV01574,39,Female,57528.0,Rural,57.4,3,SUV,2,1,Yes,2,Yes,Low,No,31-40
EV01575,27,Male,82481.0,Urban,33.7,1,Hatchback,6,7,Yes,2,No,Low,No,18-30
EV01576,49,Female,96160.0,Suburban,49.0,1,Hatchback,5,9,Yes,3,No,Low,No,41-50
EV01577,40,Female,87998.0,Rural,26.3,3,SUV,1,2,Yes,3,Yes,Low,Yes,31-40
EV01578,69,Female,38300.0,Urban,73.0,1,SUV,11,16,Yes,2,Yes,Low,No,61-70
EV01579,52,Male,76123.0,Suburban,69.7,2,Sedan,6,1,Yes,2,Yes,Low,No,51-60
EV01580,49,Female,116167.0,Urban,46.9,2,SUV,13,10,No,4,No,Low,No,41-50
EV01581,60,Female,127620.0,Suburban,36.2,2,Hatchback,3,9,Yes,5,Yes,Low,Yes,51-60
EV01582,53,Male,56629.0,Rural,56.1,2,SUV,1,3,Yes,4,Yes,Low,No,51-60
EV01583,67,Female,96291.0,Suburban,43.6,2,SUV,0,5,Yes,2,Yes,Low,No,61-70
EV01584,65,Female,55520.0,Urban,55.5,2,Sedan,3,12,Yes,2,Yes,Low,No,61-70
EV01585,47,Female,150144.0,Urban,53.9,2,Sedan,4,18,Yes,5,No,Low,Yes,41-50
EV01586,29,Male,98984.0,Suburban,21.9,1,Sedan,0,4,No,3,Yes,Low,No,18-30
EV01587,69,Female,89555.0,Suburban,34.0,1,SUV,2,7,Yes,3,Yes,Low,No,61-70
EV01588,63,Male,92154.0,Suburban,57.9,1,Truck,2,2,No,1,Yes,Medium,No,61-70
EV01589,33,Female,119876.0,Suburban,19.3,2,SUV,3,9,Yes,1,No,Low,No,31-40
EV01590,44,Male,65129.0,Urban,84.0,2,SUV,9,14,No,5,Yes,Medium,No,41-50
EV01591,27,Male,133006.0,Suburban,55.8,2,Sedan,0,8,Yes,5,Yes,Low,Yes,18-30
EV01592,50,Female,86057.0,Suburban,34.7,4,SUV,0,9,Yes,4,Yes,Low,No,41-50
EV01593,56,Female,86601.0,Suburban,18.6,1,Sedan,1,9,Yes,1,Yes,Low,Yes,51-60
EV01594,62,Male,97044.0,Suburban,45.7,3,SUV,4,3,No,2,No,Medium,No,61-70
EV01595,50,Male,63987.0,Urban,39.0,2,SUV,12,11,No,3,No,Low,No,41-50
EV01596,48,Male,144943.0,Suburban,11.4,2,SUV,5,7,Yes,5,Yes,Low,Yes,41-50
EV01597,47,Male,160266.0,Urban,53.2,2,Sedan,6,10,Yes,3,No,Low,No,41-50
EV01598,47,Female,71748.0,Suburban,66.8,3,SUV,5,4,Yes,3,No,Low,No,41-50
EV01599,41,Male,78829.0,Urban,28.3,2,SUV,5,10,Yes,5,No,Low,No,41-50
EV01600,32,Other,113050.0,Urban,5.0,2,Sedan,9,18,Yes,5,Yes,Low,Yes,31-40
EV01601,67,Male,74131.0,Urban,65.4,1,Sedan,3,6,Yes,2,Yes,Low,No,61-70
EV01602,32,Other,45760.0,Rural,81.8,1,Sedan,2,3,Yes,4,Yes,Low,No,31-40
EV01603,65,Female,80946.0,Urban,52.6,2,SUV,3,9,No,1,No,Low,No,61-70
EV01604,43,Male,74989.0,Rural,31.1,3,SUV,0,1,Yes,1,No,Low,No,41-50
EV01605,56,Other,131719.0,Rural,23.6,2,Hatchback,2,2,Yes,1,Yes,Low,No,51-60
EV01606,31,Female,107580.0,Urban,17.3,1,Hatchback,3,12,No,4,No,Low,No,31-40
EV01607,53,Male,99826.0,Suburban,45.3,1,Sedan,6,5,No,1,Yes,Medium,No,51-60
EV01608,39,Female,48634.0,Rural,38.7,1,Truck,2,3,Yes,1,Yes,Low,No,31-40
EV01609,28,Female,129727.0,Urban,36.3,3,SUV,9,3,Yes,4,Yes,Low,Yes,18-30
EV01610,69,Male,192378.0,Urban,5.0,2,Truck,12,5,No,5,No,Low,Yes,61-70
EV01611,29,Female,90815.0,Urban,41.0,2,SUV,11,3,Yes,2,No,Low,No,18-30
EV01612,62,Male,131266.0,Suburban,7.3,2,SUV,2,8,Yes,2,No,Low,No,61-70
EV01613,58,Male,119613.0,Urban,39.3,1,Sedan,9,12,Yes,2,No,Low,No,51-60
EV01614,39,Male,99440.0,Suburban,52.4,1,Hatchback,2,3,Yes,5,No,Low,No,31-40
EV01615,54,Male,129958.0,Rural,48.4,2,Sedan,1,2,Yes,4,Yes,Low,No,51-60
EV01616,42,Female,76970.0,Urban,44.1,1,Sedan,2,10,No,1,Yes,High,No,41-50
EV01617,43,Male,117885.0,Urban,22.3,1,SUV,3,12,No,4,No,Low,No,41-50
EV01618,39,Female,140600.0,Urban,53.5,2,SUV,4,18,No,4,Yes,Medium,No,31-40
EV01619,54,Male,75667.0,Suburban,65.8,1,Sedan,3,3,Yes,4,Yes,Low,No,51-60
EV01620,53,Female,134160.0,Urban,32.4,2,Truck,11,18,No,2,No,Low,No,51-60
EV01621,42,Female,118779.0,Urban,46.9,1,Hatchback,10,12,No,3,No,Low,No,41-50
EV01622,45,Male,128751.0,Suburban,28.6,1,Sedan,1,6,Yes,1,No,Low,No,41-50
EV01623,51,Male,30000.0,Suburban,5.0,1,SUV,0,5,Yes,2,Yes,Low,No,51-60
EV01624,69,Female,112713.0,Rural,36.1,1,Truck,2,3,Yes,2,Yes,Low,No,61-70
EV01625,29,Female,47784.0,Urban,10.2,2,Hatchback,8,17,No,4,No,Low,No,18-30
EV01626,63,Female,102382.0,Urban,57.0,2,Truck,8,19,Yes,4,Yes,Low,Yes,61-70
EV01627,37,Female,158737.0,Urban,41.2,1,Sedan,2,10,No,5,No,Low,No,31-40
EV01628,54,Male,126555.0,Urban,38.8,1,Sedan,3,4,Yes,2,No,Low,No,51-60
EV01629,45,Female,55524.0,Rural,21.0,1,SUV,2,2,Yes,2,Yes,Low,No,41-50
EV01630,38,Female,109244.0,Urban,29.2,1,Sedan,8,5,No,4,Yes,Medium,No,31-40
EV01631,67,Female,121391.0,Urban,55.9,2,Hatchback,6,7,Yes,2,Yes,Low,No,61-70
EV01632,48,Male,55819.0,Suburban,42.2,1,SUV,7,2,Yes,3,No,Low,No,41-50
EV01633,63,Female,84708.0,Urban,87.7,2,SUV,5,16,No,1,No,Medium,No,61-70
EV01634,37,Female,95899.0,Urban,44.4,3,Sedan,3,18,No,1,Yes,Low,No,31-40
EV01635,41,Male,52805.0,Suburban,81.8,1,Sedan,7,6,No,4,Yes,Low,No,41-50
EV01636,56,Female,88307.0,Urban,75.7,1,SUV,5,12,Yes,4,Yes,Low,No,51-60
EV01637,52,Male,124395.0,Urban,77.7,4,Sedan,10,18,No,3,Yes,Low,No,51-60
EV01638,51,Male,91347.0,Suburban,29.9,1,Sedan,0,6,Yes,2,Yes,Low,Yes,51-60
EV01639,35,Female,95197.0,Rural,32.4,1,SUV,1,2,Yes,1,Yes,Low,No,31-40
EV01640,49,Female,102462.0,Urban,5.0,1,Sedan,12,18,Yes,3,No,Low,No,41-50
EV01641,61,Female,92230.0,Urban,69.1,2,Sedan,14,5,Yes,5,No,Low,No,61-70
EV01642,28,Female,121044.0,Urban,78.2,1,Hatchback,8,4,No,1,Yes,High,No,18-30
EV01643,55,Male,63471.0,Urban,32.6,1,Hatchback,6,13,No,3,No,Low,No,51-60
EV01644,31,Female,97089.0,Urban,29.4,3,Sedan,7,18,No,5,No,Low,No,31-40
EV01645,45,Male,103547.0,Suburban,40.2,3,Sedan,7,7,Yes,5,Yes,Low,Yes,41-50
EV01646,53,Male,77337.0,Rural,5.0,1,SUV,0,3,Yes,5,Yes,Low,Yes,51-60
EV01647,31,Male,93031.0,Suburban,35.3,2,Truck,5,4,Yes,4,No,Low,No,31-40
EV01648,27,Female,83947.0,Suburban,29.7,2,Sedan,0,5,Yes,5,Yes,Low,Yes,18-30
EV01649,41,Male,119109.0,Urban,42.9,2,SUV,3,17,Yes,3,Yes,Low,No,41-50
EV01650,44,Male,84055.0,Urban,33.2,3,Truck,10,6,No,5,Yes,Low,No,41-50
EV01651,46,Female,83172.0,Suburban,78.7,1,Sedan,3,2,Yes,2,Yes,Low,No,41-50
EV01652,65,Male,51344.0,Suburban,23.6,3,Hatchback,5,7,No,1,No,Medium,No,61-70
EV01653,29,Male,58476.0,Urban,39.7,1,Sedan,2,7,No,1,No,Medium,No,18-30
EV01654,38,Female,99314.0,Urban,82.7,2,SUV,10,15,No,5,Yes,Medium,Yes,31-40
EV01655,68,Female,33996.0,Suburban,47.2,1,SUV,2,5,Yes,4,No,Low,No,61-70
EV01656,43,Male,100095.0,Suburban,21.1,1,SUV,5,9,No,2,No,Low,No,41-50
EV01657,47,Female,30000.0,Urban,5.0,2,SUV,3,19,No,2,Yes,Low,No,41-50
EV01658,62,Female,40287.0,Suburban,32.4,1,SUV,5,7,Yes,5,No,Low,No,61-70
EV01659,63,Male,82079.0,Rural,12.0,3,Sedan,2,3,Yes,4,No,Low,No,61-70
EV01660,52,Male,103735.0,Suburban,92.3,2,Sedan,3,5,Yes,3,No,Low,No,51-60
EV01661,64,Female,137505.0,Suburban,5.0,1,Hatchback,0,5,Yes,3,No,Low,No,61-70
EV01662,37,Female,82072.0,Suburban,27.2,1,Sedan,1,8,Yes,2,Yes,Low,No,31-40
EV01663,41,Female,143032.0,Suburban,22.9,2,Sedan,3,7,Yes,2,Yes,Low,No,41-50
EV01664,42,Female,74693.0,Rural,46.0,3,SUV,1,3,Yes,3,Yes,Low,No,41-50
EV01665,60,Female,79923.0,Rural,46.5,1,Sedan,0,2,Yes,5,No,Low,No,51-60
EV01666,41,Male,104437.0,Suburban,49.3,2,Hatchback,2,8,No,1,Yes,Low,No,41-50
EV01667,55,Male,104309.0,Suburban,77.1,2,SUV,4,2,Yes,5,Yes,Low,Yes,51-60
EV01668,27,Female,95924.0,Rural,5.6,2,Truck,0,3,Yes,4,Yes,Low,No,18-30
EV01669,63,Male,84770.0,Urban,34.0,2,Sedan,5,6,Yes,5,Yes,Low,Yes,61-70
EV01670,55,Female,62434.0,Rural,50.0,2,Hatchback,2,1,Yes,3,Yes,Low,No,51-60
EV01671,46,Female,85586.0,Urban,56.0,1,Truck,9,3,No,2,Yes,Low,No,41-50
EV01672,52,Male,165617.0,Urban,18.0,2,Truck,10,6,No,5,Yes,Low,Yes,51-60
EV01673,59,Female,96643.0,Rural,20.3,3,Sedan,2,2,Yes,2,Yes,Low,No,51-60
EV01674,36,Female,148216.0,Urban,77.5,3,SUV,7,19,Yes,3,Yes,Low,No,31-40
EV01675,27,Female,118364.0,Rural,68.1,2,SUV,0,0,Yes,5,No,Medium,No,18-30
EV01676,68,Male,159939.0,Urban,28.6,1,Sedan,14,8,Yes,5,Yes,Low,Yes,61-70
EV01677,43,Male,56549.0,Urban,90.7,1,SUV,10,11,No,2,No,Medium,No,41-50
EV01678,27,Male,128821.0,Suburban,71.9,3,Sedan,0,6,Yes,3,Yes,Low,Yes,18-30
EV01679,43,Female,113905.0,Urban,15.8,2,SUV,10,14,No,4,No,Low,Yes,41-50
EV01680,48,Female,30000.0,Suburban,79.3,2,Sedan,5,2,Yes,5,Yes,Low,No,41-50
EV01681,59,Other,111875.0,Suburban,63.0,2,Truck,7,4,Yes,3,Yes,Low,Yes,51-60
EV01682,38,Male,63508.0,Urban,33.7,3,SUV,9,5,No,3,Yes,Low,No,31-40
EV01683,50,Male,67622.0,Suburban,47.0,1,SUV,1,4,Yes,3,No,Low,No,41-50
EV01684,62,Female,76812.0,Urban,22.5,1,Hatchback,8,8,Yes,2,Yes,Low,No,61-70
EV01685,58,Male,38836.0,Urban,41.5,2,Hatchback,7,18,No,5,Yes,Low,No,51-60
EV01686,40,Female,94074.0,Urban,58.3,2,SUV,3,11,Yes,2,Yes,Low,No,31-40
EV01687,58,Male,96058.0,Urban,56.4,1,Hatchback,13,17,No,4,Yes,Low,Yes,51-60
EV01688,29,Female,110968.0,Urban,30.4,1,SUV,14,10,Yes,2,Yes,Low,No,18-30
EV01689,41,Female,30000.0,Suburban,64.5,1,SUV,4,9,Yes,3,Yes,Low,No,41-50
EV01690,34,Male,30000.0,Urban,21.6,1,Sedan,9,3,Yes,3,No,Low,No,31-40
EV01691,64,Male,94810.0,Suburban,5.8,2,Sedan,2,7,Yes,5,Yes,Low,Yes,61-70
EV01692,31,Female,61487.0,Suburban,61.0,1,Hatchback,0,1,Yes,2,No,Low,No,31-40
EV01693,26,Female,96195.0,Rural,13.1,1,Sedan,0,0,Yes,4,Yes,Low,Yes,18-30
EV01694,63,Female,32897.0,Rural,41.4,1,SUV,0,3,Yes,2,Yes,Low,No,61-70
EV01695,46,Female,91200.0,Urban,16.4,1,SUV,14,11,No,2,No,Low,No,41-50
EV01696,40,Male,69951.0,Rural,39.5,2,Hatchback,1,0,Yes,2,Yes,Low,No,31-40
EV01697,44,Female,69806.0,Urban,40.2,1,Sedan,6,18,Yes,3,Yes,Low,No,41-50
EV01698,34,Female,145275.0,Urban,13.8,4,SUV,3,4,No,1,No,Low,No,31-40
EV01699,57,Male,103088.0,Urban,10.4,4,Sedan,13,18,No,3,No,Low,No,51-60
EV01700,53,Male,30000.0,Suburban,42.4,1,SUV,5,4,Yes,2,Yes,Low,No,51-60
EV01701,50,Male,84708.0,Suburban,74.1,1,Sedan,0,2,Yes,5,Yes,Low,Yes,41-50
EV01702,40,Female,46794.0,Suburban,55.1,3,SUV,7,3,Yes,1,Yes,Low,No,31-40
EV01703,43,Male,84870.0,Urban,25.0,2,Sedan,14,15,Yes,3,Yes,Low,No,41-50
EV01704,29,Male,82258.0,Suburban,39.0,1,Sedan,5,3,Yes,2,No,Low,No,18-30
EV01705,36,Male,74861.0,Suburban,54.9,1,Truck,7,6,Yes,3,Yes,Low,No,31-40
EV01706,25,Male,30000.0,Urban,5.0,1,Sedan,10,17,No,3,Yes,Low,No,18-30
EV01707,28,Female,84394.0,Suburban,19.4,2,SUV,4,7,Yes,2,No,Low,No,18-30
EV01708,50,Female,84708.0,Urban,27.5,1,Truck,14,16,Yes,1,Yes,Low,No,41-50
EV01709,38,Male,104576.0,Urban,22.3,2,Hatchback,7,13,No,3,No,Medium,No,31-40
EV01710,65,Male,141293.0,Urban,63.0,1,SUV,5,15,No,2,No,Low,No,61-70
EV01711,34,Female,97995.0,Urban,21.3,1,Truck,10,16,No,2,Yes,Low,No,31-40
EV01712,42,Female,88641.0,Urban,45.0,1,SUV,14,4,No,4,No,Low,No,41-50
EV01713,52,Female,62608.0,Suburban,29.2,1,SUV,2,1,No,1,No,Low,No,51-60
EV01714,40,Male,99638.0,Urban,43.3,1,SUV,7,17,No,5,Yes,Low,Yes,31-40
EV01715,61,Female,80048.0,Suburban,49.0,2,Hatchback,1,6,Yes,1,No,Low,No,61-70
EV01716,54,Female,87208.0,Suburban,57.2,3,Hatchback,2,5,Yes,1,No,Low,No,51-60
EV01717,48,Male,150159.0,Suburban,51.3,3,Sedan,3,8,Yes,1,No,Low,No,41-50
EV01718,42,Male,101024.0,Rural,75.3,1,Sedan,0,0,Yes,4,No,Low,No,41-50
EV01719,66,Female,122099.0,Urban,55.5,3,SUV,5,12,Yes,1,Yes,Low,No,61-70
EV01720,48,Male,33330.0,Suburban,25.4,2,SUV,5,9,No,2,Yes,Medium,No,41-50
EV01721,55,Male,45129.0,Suburban,6.6,4,SUV,0,8,No,2,No,Low,No,51-60
EV01722,57,Male,64441.0,Suburban,47.9,1,Sedan,7,9,Yes,4,Yes,Low,No,51-60
EV01723,36,Female,51130.0,Rural,10.9,1,SUV,1,1,Yes,1,Yes,Low,No,31-40
EV01724,58,Other,61171.0,Urban,81.4,2,Sedan,4,14,No,4,No,Medium,No,51-60
EV01725,54,Male,30000.0,Suburban,49.3,2,Sedan,2,2,Yes,5,No,Low,No,51-60
EV01726,41,Male,43893.0,Suburban,41.5,2,Hatchback,3,5,No,4,Yes,Medium,No,41-50
EV01727,29,Female,121580.0,Urban,26.7,2,SUV,14,3,No,2,No,Low,No,18-30
EV01728,68,Female,63719.0,Suburban,49.5,2,SUV,5,7,Yes,2,No,Low,No,61-70
EV01729,44,Female,44419.0,Rural,43.1,1,SUV,2,2,Yes,3,No,Low,No,41-50
EV01730,46,Male,158394.0,Urban,27.4,2,SUV,14,7,No,5,Yes,Low,Yes,41-50
EV01731,52,Female,60848.0,Urban,43.7,1,Sedan,9,17,No,2,No,Low,No,51-60
EV01732,38,Female,88703.0,Rural,47.2,2,Sedan,1,3,Yes,2,Yes,Low,No,31-40
EV01733,46,Male,74399.0,Urban,36.4,2,Sedan,12,5,No,5,No,Low,No,41-50
EV01734,64,Female,61819.0,Suburban,37.8,1,Sedan,7,2,Yes,1,Yes,Low,No,61-70
EV01735,65,Female,112750.0,Suburban,21.3,2,Sedan,4,8,Yes,3,Yes,Low,No,61-70
EV01736,62,Male,54931.0,Urban,40.2,1,Sedan,7,19,Yes,2,No,Low,No,61-70
EV01737,56,Female,90968.0,Urban,5.0,1,SUV,3,8,No,2,Yes,Low,No,51-60
EV01738,68,Male,30000.0,Urban,43.1,2,SUV,5,19,No,1,Yes,Low,No,61-70
EV01739,42,Male,128495.0,Urban,67.3,1,Truck,10,7,Yes,4,Yes,Low,Yes,41-50
EV01740,68,Male,58857.0,Suburban,28.0,2,SUV,4,6,Yes,5,Yes,Low,Yes,61-70
EV01741,52,Male,76157.0,Rural,69.0,2,SUV,2,2,Yes,5,Yes,Low,Yes,51-60
EV01742,38,Female,96366.0,Urban,5.0,1,Sedan,5,13,No,2,No,Low,No,31-40
EV01743,28,Male,36345.0,Urban,24.2,4,SUV,10,4,No,1,Yes,Medium,No,18-30
EV01744,60,Female,135104.0,Suburban,41.0,1,Sedan,2,9,Yes,3,Yes,Low,Yes,51-60
EV01745,51,Male,41697.0,Urban,81.1,2,Sedan,12,13,No,5,Yes,Low,Yes,51-60
EV01746,29,Female,80546.0,Suburban,56.0,3,Truck,7,2,No,2,No,Medium,No,18-30
EV01747,68,Female,39651.0,Suburban,36.6,4,Truck,0,9,Yes,5,Yes,Low,No,61-70
EV01748,44,Female,86505.0,Suburban,56.5,1,SUV,1,7,Yes,4,Yes,Low,Yes,41-50
EV01749,69,Male,54989.0,Urban,27.2,1,Sedan,5,7,Yes,2,Yes,Low,No,61-70
EV01750,42,Male,64158.0,Urban,5.0,3,SUV,2,3,No,5,Yes,Medium,No,41-50
EV01751,52,Male,30000.0,Urban,17.0,2,Sedan,12,14,No,4,No,Low,No,51-60
EV01752,38,Male,66808.0,Suburban,36.7,2,Sedan,7,8,Yes,4,No,Low,No,31-40
EV01753,59,Female,79694.0,Urban,9.4,1,Truck,9,14,Yes,2,No,Low,No,51-60
EV01754,45,Male,71701.0,Suburban,41.6,3,Hatchback,2,3,No,5,Yes,Low,No,41-50
EV01755,34,Male,154146.0,Suburban,74.1,1,Sedan,6,1,No,5,No,Medium,No,31-40
EV01756,69,Male,86347.0,Suburban,26.6,3,Sedan,2,8,Yes,1,Yes,Low,No,61-70
EV01757,55,Male,116801.0,Urban,66.9,3,SUV,10,19,No,3,No,Low,No,51-60
EV01758,65,Male,112406.0,Suburban,34.3,3,Sedan,5,2,Yes,1,No,Low,No,61-70
EV01759,49,Male,51878.0,Urban,19.0,1,SUV,13,18,Yes,2,No,Low,No,41-50
EV01760,53,Male,55606.0,Suburban,5.0,1,Sedan,7,1,Yes,1,Yes,Low,No,51-60
EV01761,51,Female,99223.0,Urban,5.0,1,Sedan,14,11,No,3,Yes,Low,Yes,51-60
EV01762,51,Female,30000.0,Urban,61.8,2,Truck,2,5,No,1,Yes,Low,No,51-60
EV01763,33,Female,110263.0,Suburban,68.9,2,Sedan,7,7,No,4,No,Medium,No,31-40
EV01764,64,Male,117126.0,Suburban,59.1,2,Sedan,0,1,Yes,4,No,Low,No,61-70
EV01765,48,Male,96404.0,Rural,15.7,2,Sedan,0,3,Yes,4,Yes,Low,Yes,41-50
EV01766,62,Male,117377.0,Urban,28.5,2,SUV,11,8,No,3,Yes,Low,No,61-70
EV01767,65,Female,115685.0,Suburban,47.8,4,SUV,6,5,Yes,4,Yes,Low,No,61-70
EV01768,35,Male,103032.0,Rural,45.6,1,Truck,2,2,Yes,1,No,Low,No,31-40
EV01769,36,Female,84708.0,Urban,24.5,3,SUV,6,4,No,5,Yes,Low,Yes,31-40
EV01770,45,Female,100929.0,Urban,40.2,2,Hatchback,8,6,No,1,Yes,Low,No,41-50
EV01771,48,Female,90150.0,Suburban,45.1,1,Truck,7,3,Yes,2,Yes,Low,No,41-50
EV01772,31,Female,102728.0,Urban,50.8,1,Sedan,8,14,Yes,4,Yes,Low,Yes,31-40
EV01773,61,Male,100662.0,Suburban,32.4,1,Sedan,6,5,No,3,Yes,Low,Yes,61-70
EV01774,64,Female,90336.0,Urban,41.2,1,SUV,8,5,No,5,No,Medium,No,61-70
EV01775,49,Male,44214.0,Urban,63.8,2,SUV,10,10,Yes,2,Yes,Low,No,41-50
EV01776,43,Male,214972.0,Suburban,37.0,1,Hatchback,3,9,No,4,Yes,Low,Yes,41-50
EV01777,62,Female,116365.0,Suburban,32.0,1,Sedan,5,8,Yes,2,Yes,Low,No,61-70
EV01778,49,Female,97612.0,Urban,78.5,1,SUV,5,12,No,4,No,Low,No,41-50
EV01779,41,Female,81417.0,Urban,37.1,1,Sedan,10,19,Yes,5,Yes,Low,Yes,41-50
EV01780,49,Male,57069.0,Suburban,46.0,3,Hatchback,5,3,No,4,No,Medium,No,41-50
EV01781,50,Female,40030.0,Rural,71.7,3,SUV,0,2,Yes,1,No,Low,No,41-50
EV01782,30,Female,149950.0,Urban,23.9,2,Sedan,14,11,No,2,Yes,Low,No,18-30
EV01783,28,Male,46901.0,Urban,7.3,2,Sedan,13,17,No,3,Yes,Low,No,18-30
EV01784,59,Male,84708.0,Urban,114.4,3,Sedan,4,19,Yes,2,No,Low,No,51-60
EV01785,39,Female,102893.0,Suburban,27.9,1,Sedan,6,3,No,2,No,Low,No,31-40
EV01786,55,Female,124686.0,Suburban,29.3,2,Hatchback,2,1,Yes,5,Yes,Low,Yes,51-60
EV01787,66,Female,79855.0,Urban,16.9,2,Sedan,7,12,No,3,Yes,Low,No,61-70
EV01788,61,Female,107936.0,Suburban,53.6,2,Sedan,1,5,Yes,1,No,Low,No,61-70
EV01789,41,Male,163958.0,Urban,55.6,2,Sedan,3,4,No,3,Yes,Medium,No,41-50
EV01790,32,Male,106610.0,Rural,53.3,1,Sedan,0,1,Yes,2,Yes,Low,No,31-40
EV01791,45,Female,67284.0,Suburban,62.6,2,Sedan,0,3,Yes,3,No,Low,No,41-50
EV01792,52,Female,163545.0,Urban,60.8,2,SUV,11,13,No,1,Yes,Low,No,51-60
EV01793,64,Female,100712.0,Suburban,24.4,2,Sedan,2,1,Yes,1,No,Low,No,61-70
EV01794,45,Female,92136.0,Suburban,79.5,2,SUV,3,5,Yes,1,No,Low,No,41-50
EV01795,44,Male,52122.0,Urban,56.5,2,Hatchback,11,18,Yes,1,Yes,Low,No,41-50
EV01796,39,Female,70705.0,Urban,62.0,2,Sedan,6,19,No,3,Yes,Low,No,31-40
EV01797,47,Female,84979.0,Urban,5.0,3,SUV,3,12,Yes,3,Yes,Low,Yes,41-50
EV01798,58,Female,71784.0,Urban,63.7,4,Truck,9,14,No,1,Yes,Low,No,51-60
EV01799,28,Male,71861.0,Urban,50.9,2,Sedan,5,10,No,5,Yes,Medium,No,18-30
EV01800,37,Male,78405.0,Suburban,50.8,1,Truck,1,8,Yes,1,Yes,Low,No,31-40
EV01801,34,Female,115576.0,Urban,52.8,1,SUV,7,12,Yes,3,Yes,Low,Yes,31-40
EV01802,46,Female,136715.0,Suburban,38.4,1,SUV,2,9,Yes,3,No,Low,No,41-50
EV01803,63,Other,79964.0,Urban,32.4,1,Sedan,10,3,Yes,2,Yes,Low,No,61-70
EV01804,32,Female,96658.0,Urban,85.3,1,Truck,9,16,No,1,Yes,Medium,No,31-40
EV01805,37,Male,30000.0,Urban,6.3,3,Sedan,11,14,No,2,Yes,Low,No,31-40
EV01806,38,Female,30000.0,Rural,62.0,1,Sedan,2,0,Yes,1,Yes,Low,No,31-40
EV01807,27,Female,82017.0,Urban,80.0,3,SUV,6,17,No,3,Yes,Low,No,18-30
EV01808,31,Male,58566.0,Urban,131.3,3,Sedan,2,10,No,2,Yes,High,No,31-40
EV01809,63,Female,95718.0,Urban,46.3,1,Sedan,9,19,No,5,Yes,Low,No,61-70
EV01810,49,Female,85662.0,Rural,5.0,2,Hatchback,0,1,Yes,4,No,Low,No,41-50
EV01811,52,Female,104353.0,Urban,45.5,3,SUV,2,17,No,2,No,Low,No,51-60
EV01812,29,Male,101001.0,Suburban,84.2,3,Hatchback,5,6,Yes,3,No,Low,No,18-30
EV01813,67,Male,129297.0,Urban,7.5,3,Sedan,6,16,No,5,Yes,Low,Yes,61-70
EV01814,48,Male,124835.0,Urban,17.7,2,Hatchback,10,18,Yes,2,No,Low,No,41-50
EV01815,35,Male,63190.0,Urban,27.9,3,Sedan,6,10,Yes,4,Yes,Low,Yes,31-40
EV01816,66,Male,91783.0,Urban,50.4,1,Sedan,8,19,No,2,No,Low,No,61-70
EV01817,42,Female,91019.0,Urban,51.9,2,Hatchback,9,7,Yes,1,Yes,Low,No,41-50
EV01818,32,Male,30000.0,Suburban,68.2,2,Sedan,0,7,Yes,4,No,Low,No,31-40
EV01819,49,Female,80807.0,Urban,34.3,1,Sedan,2,17,Yes,1,Yes,Low,No,41-50
EV01820,42,Female,77350.0,Urban,73.9,2,Truck,14,19,No,5,No,Low,No,41-50
EV01821,68,Male,118904.0,Suburban,20.2,1,SUV,3,7,Yes,5,No,Low,No,61-70
EV01822,50,Female,36554.0,Urban,87.6,1,Truck,7,5,No,5,Yes,Medium,No,41-50
EV01823,32,Male,93872.0,Suburban,64.8,2,SUV,5,9,Yes,1,Yes,Low,No,31-40
EV01824,66,Male,125038.0,Suburban,72.3,1,Sedan,7,1,Yes,2,No,Low,No,61-70
EV01825,41,Female,52417.0,Suburban,38.0,2,SUV,4,4,Yes,4,Yes,Low,No,41-50
EV01826,67,Male,91211.0,Urban,52.1,1,Truck,14,18,Yes,2,No,Low,No,61-70
EV01827,36,Male,136057.0,Urban,39.6,1,Sedan,9,16,Yes,1,No,Low,No,31-40
EV01828,50,Female,87643.0,Urban,10.8,3,SUV,6,11,No,5,Yes,Medium,Yes,41-50
EV01829,46,Female,60318.0,Urban,77.2,2,Sedan,10,12,No,5,Yes,Low,No,41-50
EV01830,35,Male,69765.0,Urban,106.4,4,Hatchback,7,9,Yes,1,Yes,Low,No,31-40
EV01831,31,Male,72488.0,Urban,20.6,4,SUV,4,7,Yes,1,No,Low,No,31-40
EV01832,50,Female,92312.0,Suburban,33.9,1,SUV,5,6,Yes,1,Yes,Low,No,41-50
EV01833,45,Female,63694.0,Urban,65.2,2,Truck,8,18,Yes,2,Yes,Low,No,41-50
EV01834,50,Female,92573.0,Urban,33.6,1,Sedan,3,12,Yes,3,Yes,Low,Yes,41-50
EV01835,29,Female,99114.0,Rural,9.3,1,Sedan,2,2,Yes,1,Yes,Low,No,18-30
EV01836,49,Female,103348.0,Rural,65.2,1,SUV,1,2,Yes,1,No,Medium,No,41-50
EV01837,64,Female,48035.0,Suburban,51.2,1,Hatchback,6,3,Yes,3,No,Low,No,61-70
EV01838,36,Female,92492.0,Suburban,48.9,2,SUV,6,5,Yes,2,Yes,Low,No,31-40
EV01839,38,Female,32642.0,Urban,53.3,3,SUV,10,7,No,2,No,Low,No,31-40
EV01840,62,Male,95717.0,Urban,42.1,1,SUV,7,8,No,3,Yes,Low,Yes,61-70
EV01841,68,Other,165361.0,Suburban,35.3,1,Hatchback,6,8,Yes,3,Yes,Low,No,61-70
EV01842,41,Female,64411.0,Urban,61.4,1,SUV,12,3,No,3,Yes,Medium,No,41-50
EV01843,43,Female,80325.0,Suburban,52.4,2,Hatchback,5,9,Yes,4,Yes,Low,No,41-50
EV01844,25,Male,74793.0,Urban,29.0,2,Sedan,8,6,No,3,No,Medium,No,18-30
EV01845,43,Male,115141.0,Urban,5.0,3,SUV,2,3,No,4,No,Low,No,41-50
EV01846,36,Male,45398.0,Urban,34.2,4,Hatchback,3,6,No,1,Yes,Medium,No,31-40
EV01847,25,Male,64804.0,Urban,5.0,1,SUV,8,13,No,3,Yes,Low,No,18-30
EV01848,69,Male,34258.0,Urban,50.0,2,Sedan,4,3,No,5,Yes,Medium,No,61-70
EV01849,41,Female,131360.0,Rural,47.1,2,Sedan,1,3,Yes,1,Yes,Low,No,41-50
EV01850,44,Female,159929.0,Rural,22.2,3,SUV,0,3,Yes,3,Yes,Low,Yes,41-50
EV01851,40,Male,66265.0,Rural,5.0,2,SUV,1,1,Yes,2,No,Low,No,31-40
EV01852,45,Male,42364.0,Suburban,50.6,2,Hatchback,2,5,Yes,5,Yes,Low,No,41-50
EV01853,54,Female,52358.0,Rural,52.8,2,SUV,2,0,Yes,3,Yes,Low,No,51-60
EV01854,61,Female,43560.0,Rural,61.8,2,Sedan,2,3,No,4,Yes,Medium,No,61-70
EV01855,44,Female,45799.0,Rural,5.0,2,Sedan,2,2,Yes,2,Yes,Low,No,41-50
EV01856,63,Male,111441.0,Suburban,17.9,1,Truck,2,7,No,4,Yes,Medium,Yes,61-70
EV01857,32,Female,69968.0,Urban,32.8,2,SUV,5,9,No,5,No,Low,No,31-40
EV01858,59,Female,72047.0,Urban,13.8,1,Sedan,6,17,Yes,1,Yes,Low,No,51-60
EV01859,62,Female,98598.0,Suburban,30.8,1,SUV,3,1,Yes,3,No,Low,No,61-70
EV01860,65,Female,88365.0,Urban,11.9,1,SUV,3,11,No,4,No,Low,No,61-70
EV01861,29,Male,57558.0,Urban,49.8,2,Hatchback,14,5,Yes,3,Yes,Low,No,18-30
EV01862,60,Female,108763.0,Rural,40.8,1,SUV,2,2,Yes,4,Yes,Low,Yes,51-60
EV01863,49,Female,71057.0,Urban,8.6,2,Sedan,14,15,No,1,No,Low,No,41-50
EV01864,50,Male,105046.0,Suburban,14.4,1,Sedan,5,6,Yes,2,No,Low,No,41-50
EV01865,59,Female,114268.0,Rural,64.2,1,SUV,0,1,Yes,4,Yes,Low,Yes,51-60
EV01866,32,Male,132969.0,Rural,50.6,2,Hatchback,0,0,Yes,4,Yes,Low,No,31-40
EV01867,25,Male,143054.0,Urban,61.9,1,Hatchback,10,10,No,3,Yes,Low,No,18-30
EV01868,69,Female,87083.0,Urban,27.8,2,SUV,11,7,Yes,5,No,Low,No,61-70
EV01869,50,Male,114010.0,Rural,56.9,2,Hatchback,1,2,Yes,3,Yes,Low,No,41-50
EV01870,39,Female,62134.0,Urban,82.8,1,Sedan,4,5,No,5,Yes,Medium,No,31-40
EV01871,31,Male,103706.0,Urban,22.3,2,SUV,8,18,Yes,4,No,Low,No,31-40
EV01872,37,Male,48026.0,Suburban,22.6,2,Sedan,7,2,No,3,No,High,No,31-40
EV01873,43,Female,30000.0,Suburban,13.0,1,SUV,2,2,No,1,Yes,Medium,No,41-50
EV01874,49,Male,101413.0,Suburban,69.9,3,Sedan,7,7,Yes,1,No,Low,No,41-50
EV01875,57,Male,100740.0,Urban,7.0,2,SUV,10,18,Yes,4,No,Low,Yes,51-60
EV01876,54,Other,105293.0,Suburban,15.1,1,Sedan,3,4,Yes,1,No,Low,No,51-60
EV01877,29,Female,73479.0,Rural,57.8,3,Sedan,0,0,Yes,5,No,Low,No,18-30
EV01878,31,Male,135625.0,Urban,31.0,2,Sedan,10,4,Yes,4,Yes,Low,Yes,31-40
EV01879,67,Female,94664.0,Urban,10.6,1,SUV,8,8,Yes,2,Yes,Low,No,61-70
EV01880,28,Female,94724.0,Suburban,53.9,3,Hatchback,2,6,Yes,5,No,Low,No,18-30
EV01881,49,Male,87808.0,Urban,58.1,4,Hatchback,7,3,No,5,Yes,Medium,No,41-50
EV01882,60,Female,145644.0,Urban,60.3,1,Sedan,6,4,Yes,5,Yes,Low,Yes,51-60
EV01883,25,Male,80108.0,Rural,29.4,4,Hatchback,0,2,Yes,3,Yes,Low,No,18-30
EV01884,28,Female,35771.0,Urban,61.4,2,Hatchback,14,7,No,3,No,Low,No,18-30
EV01885,54,Female,30000.0,Rural,5.0,1,Sedan,0,0,Yes,4,No,Low,No,51-60
EV01886,40,Female,112404.0,Urban,32.2,2,Hatchback,13,13,No,3,Yes,Low,No,31-40
EV01887,33,Male,30000.0,Urban,59.9,1,Sedan,12,6,Yes,3,No,Low,No,31-40
EV01888,29,Female,87626.0,Urban,64.6,3,Sedan,11,13,No,4,No,Medium,No,18-30
EV01889,52,Male,104685.0,Urban,26.3,3,SUV,5,9,Yes,3,Yes,Low,No,51-60
EV01890,41,Male,121791.0,Suburban,51.5,1,SUV,2,3,Yes,1,Yes,Low,No,41-50
EV01891,44,Female,84555.0,Urban,65.0,4,Sedan,6,15,No,2,Yes,Medium,No,41-50
EV01892,36,Female,59647.0,Urban,13.1,1,Sedan,9,12,No,5,Yes,Low,Yes,31-40
EV01893,69,Female,81952.0,Urban,59.8,2,SUV,3,9,No,2,Yes,Low,No,61-70
EV01894,31,Female,90411.0,Rural,31.8,1,SUV,1,2,Yes,1,No,Low,No,31-40
EV01895,59,Female,51663.0,Rural,69.7,2,Hatchback,0,0,No,3,No,High,No,51-60
EV01896,64,Male,46945.0,Urban,5.0,1,SUV,8,3,No,3,Yes,Medium,No,61-70
EV01897,32,Female,84708.0,Suburban,57.3,2,Sedan,5,8,Yes,2,Yes,Low,No,31-40
EV01898,51,Female,48967.0,Suburban,60.4,2,Sedan,0,3,Yes,1,No,Low,No,51-60
EV01899,52,Female,78879.0,Urban,75.9,1,Hatchback,12,14,Yes,4,Yes,Low,No,51-60
EV01900,50,Male,135852.0,Urban,23.5,1,Sedan,12,4,No,1,No,Low,No,41-50
EV01901,25,Male,82911.0,Rural,26.3,2,Hatchback,2,2,Yes,2,Yes,Low,No,18-30
EV01902,47,Female,30000.0,Suburban,48.8,2,Sedan,2,7,Yes,3,Yes,Low,Yes,41-50
EV01903,64,Male,148825.0,Urban,14.1,2,SUV,14,6,No,3,No,Low,No,61-70
EV01904,39,Female,67665.0,Urban,21.3,4,Hatchback,9,6,No,3,No,Low,No,31-40
EV01905,52,Male,90740.0,Urban,50.6,2,Hatchback,5,12,Yes,2,No,Low,No,51-60
EV01906,35,Male,115671.0,Rural,51.9,2,SUV,2,3,Yes,5,Yes,Low,Yes,31-40
EV01907,48,Male,125145.0,Rural,41.0,4,SUV,1,2,Yes,1,Yes,Low,No,41-50
EV01908,67,Male,146613.0,Urban,40.2,3,SUV,6,15,No,3,Yes,Low,No,61-70
EV01909,51,Male,61967.0,Urban,18.5,3,Sedan,5,9,No,1,No,Low,No,51-60
EV01910,29,Male,92744.0,Urban,60.3,3,Sedan,12,8,No,3,No,Low,No,18-30
EV01911,27,Male,96715.0,Suburban,74.0,1,Sedan,2,7,No,2,Yes,High,No,18-30
EV01912,68,Male,108831.0,Urban,55.9,3,SUV,4,13,Yes,3,Yes,Low,No,61-70
EV01913,45,Male,63736.0,Urban,63.2,2,Sedan,13,12,Yes,4,No,Low,No,41-50
EV01914,67,Female,64557.0,Rural,26.4,2,SUV,1,2,Yes,4,Yes,Low,No,61-70
EV01915,55,Male,54607.0,Rural,36.7,2,Truck,2,0,Yes,3,Yes,Low,Yes,51-60
EV01916,40,Female,96300.0,Suburban,50.5,2,Sedan,1,4,Yes,2,Yes,Low,No,31-40
EV01917,34,Male,69691.0,Urban,47.4,1,SUV,2,19,No,4,No,Low,No,31-40
EV01918,39,Male,83023.0,Rural,9.2,4,SUV,0,0,Yes,4,No,Low,No,31-40
EV01919,53,Male,127476.0,Urban,46.5,2,Sedan,13,16,No,5,No,Low,No,51-60
EV01920,50,Male,42736.0,Suburban,59.4,3,Sedan,0,3,Yes,5,Yes,Low,No,41-50
EV01921,59,Female,78391.0,Urban,107.3,2,SUV,3,5,No,5,Yes,Medium,Yes,51-60
EV01922,54,Female,106163.0,Urban,37.1,2,Sedan,2,10,Yes,5,No,Low,No,51-60
EV01923,66,Female,85052.0,Urban,24.4,2,SUV,6,11,No,1,No,Low,No,61-70
EV01924,46,Male,105917.0,Suburban,47.5,2,SUV,2,5,Yes,3,Yes,Low,Yes,41-50
EV01925,49,Male,75216.0,Urban,73.0,2,SUV,11,16,Yes,5,Yes,Low,Yes,41-50
EV01926,63,Female,71065.0,Suburban,59.0,2,Hatchback,2,8,Yes,4,No,Low,No,61-70
EV01927,27,Male,142551.0,Urban,27.0,1,SUV,12,10,No,1,Yes,Low,Yes,18-30
EV01928,47,Male,70712.0,Suburban,74.4,2,Sedan,1,5,Yes,5,Yes,Low,No,41-50
EV01929,45,Female,84708.0,Suburban,27.5,2,Sedan,4,2,Yes,5,Yes,Low,Yes,41-50
EV01930,50,Male,60387.0,Urban,79.4,1,SUV,11,10,Yes,4,No,Low,No,41-50
EV01931,27,Male,109194.0,Urban,37.2,1,SUV,12,8,No,4,Yes,Low,Yes,18-30
EV01932,27,Male,89018.0,Suburban,97.4,1,SUV,2,4,Yes,3,No,Medium,No,18-30
EV01933,56,Male,98583.0,Urban,31.0,1,Sedan,6,15,No,4,No,Medium,No,51-60
EV01934,53,Male,91414.0,Urban,62.7,1,Sedan,7,17,Yes,5,Yes,Low,Yes,51-60
EV01935,46,Male,129909.0,Suburban,50.5,1,Sedan,6,1,Yes,3,Yes,Low,Yes,41-50
EV01936,60,Male,124067.0,Rural,40.2,2,SUV,1,1,Yes,4,Yes,Low,Yes,51-60
EV01937,30,Female,128676.0,Urban,48.0,2,Truck,8,19,Yes,3,Yes,Low,No,18-30
EV01938,67,Female,74766.0,Urban,37.7,2,Sedan,6,16,No,3,Yes,Low,No,61-70
EV01939,43,Male,125372.0,Urban,26.2,2,Hatchback,9,9,No,4,No,Medium,No,41-50
EV01940,36,Female,89096.0,Suburban,16.6,3,Sedan,5,7,Yes,2,Yes,Low,No,31-40
EV01941,47,Female,99586.0,Suburban,5.0,4,SUV,7,9,Yes,4,Yes,Low,No,41-50
EV01942,66,Female,89267.0,Urban,16.1,2,SUV,12,12,No,1,No,Low,No,61-70
EV01943,59,Male,30000.0,Urban,77.0,2,Sedan,8,3,No,2,No,Medium,No,51-60
EV01944,33,Female,100710.0,Urban,13.8,1,SUV,7,17,No,4,No,Low,No,31-40
EV01945,34,Male,30000.0,Urban,60.1,2,SUV,3,17,No,4,Yes,Medium,No,31-40
EV01946,56,Male,106276.0,Rural,41.2,1,Sedan,0,3,Yes,4,No,Low,No,51-60
EV01947,57,Female,143025.0,Urban,5.0,2,Sedan,9,8,No,3,Yes,Low,Yes,51-60
EV01948,65,Female,70189.0,Urban,68.5,2,SUV,11,13,No,1,No,Low,No,61-70
EV01949,29,Female,115447.0,Suburban,67.8,4,Sedan,1,8,No,3,Yes,Medium,No,18-30
EV01950,61,Male,85833.0,Rural,62.8,2,Sedan,0,3,Yes,4,Yes,Low,No,61-70
EV01951,59,Male,30000.0,Rural,36.5,1,SUV,1,2,Yes,2,Yes,Low,No,51-60
EV01952,67,Male,115325.0,Rural,56.5,1,Sedan,1,2,Yes,5,No,Low,Yes,61-70
EV01953,59,Male,78840.0,Suburban,5.0,1,SUV,0,7,Yes,1,No,Low,No,51-60
EV01954,67,Female,84535.0,Suburban,67.7,1,Sedan,4,8,Yes,3,Yes,Low,No,61-70
EV01955,42,Male,143524.0,Suburban,10.1,3,Sedan,0,9,Yes,5,Yes,Low,No,41-50
EV01956,33,Female,81264.0,Rural,62.8,1,Sedan,0,0,Yes,5,Yes,Low,Yes,31-40
EV01957,61,Female,100480.0,Suburban,81.9,2,SUV,4,5,Yes,2,Yes,Low,Yes,61-70
EV01958,56,Female,160553.0,Urban,5.0,1,SUV,4,3,Yes,3,No,Low,No,51-60
EV01959,44,Male,30000.0,Urban,77.2,2,SUV,7,8,No,3,Yes,Medium,No,41-50
EV01960,38,Male,116212.0,Suburban,31.7,1,Sedan,1,4,Yes,4,Yes,Low,Yes,31-40
EV01961,60,Male,57865.0,Urban,37.2,2,Hatchback,6,8,Yes,5,Yes,Low,Yes,51-60
EV01962,39,Female,142385.0,Urban,25.9,1,SUV,10,8,Yes,1,Yes,Low,Yes,31-40
EV01963,31,Female,70492.0,Urban,57.7,2,SUV,14,8,No,5,No,Low,No,31-40
EV01964,68,Female,107091.0,Urban,41.6,2,Sedan,12,5,No,2,Yes,Medium,No,61-70
EV01965,69,Female,130680.0,Suburban,49.7,4,SUV,3,8,Yes,4,Yes,Low,Yes,61-70
EV01966,49,Male,76862.0,Suburban,50.4,1,SUV,6,1,Yes,1,Yes,Low,No,41-50
EV01967,56,Male,105005.0,Rural,72.3,1,Sedan,2,2,Yes,1,Yes,Low,No,51-60
EV01968,34,Female,115005.0,Rural,96.6,2,Sedan,1,0,No,1,No,High,No,31-40
EV01969,56,Other,98809.0,Urban,33.0,3,Sedan,2,13,Yes,4,No,Low,No,51-60
EV01970,37,Male,124192.0,Urban,26.9,1,SUV,4,12,Yes,3,No,Low,No,31-40
EV01971,36,Female,92180.0,Urban,23.3,3,SUV,4,12,Yes,1,No,Low,No,31-40
EV01972,50,Female,44559.0,Urban,24.2,1,Sedan,13,13,No,1,No,Low,No,41-50
EV01973,46,Female,38250.0,Suburban,21.0,2,Sedan,3,2,No,2,Yes,Low,No,41-50
EV01974,46,Male,33790.0,Suburban,46.5,1,Sedan,5,7,Yes,4,Yes,Low,No,41-50
EV01975,38,Male,30853.0,Urban,40.2,2,SUV,8,11,Yes,1,Yes,Low,No,31-40
EV01976,29,Female,113935.0,Suburban,30.2,3,Sedan,2,6,Yes,1,Yes,Low,No,18-30
EV01977,44,Female,84708.0,Suburban,35.4,2,Sedan,5,6,Yes,1,Yes,Low,No,41-50
EV01978,27,Male,105955.0,Urban,71.2,1,Sedan,5,8,No,3,Yes,Medium,No,18-30
EV01979,31,Male,86137.0,Suburban,11.8,2,SUV,2,3,No,5,Yes,Low,Yes,31-40
EV01980,34,Male,86418.0,Urban,18.6,1,Hatchback,8,7,No,4,No,Medium,No,31-40
EV01981,52,Female,142796.0,Suburban,42.5,1,SUV,6,8,Yes,3,No,Low,No,51-60
EV01982,60,Male,78168.0,Rural,57.7,3,Hatchback,0,0,Yes,2,Yes,Low,No,51-60
EV01983,58,Male,41635.0,Urban,40.2,2,Sedan,14,12,No,4,Yes,Low,Yes,51-60
EV01984,67,Female,83086.0,Rural,76.2,1,SUV,1,3,No,5,No,Medium,No,61-70
EV01985,58,Female,102030.0,Urban,30.9,3,Sedan,3,9,No,4,Yes,Medium,No,51-60
EV01986,54,Male,107852.0,Urban,69.6,1,Truck,3,17,Yes,2,No,Low,No,51-60
EV01987,64,Male,63194.0,Suburban,32.0,1,Truck,5,3,Yes,3,Yes,Low,Yes,61-70
EV01988,25,Male,88616.0,Urban,22.5,3,Sedan,11,9,No,5,Yes,Medium,No,18-30
EV01989,66,Female,61337.0,Suburban,16.1,1,Hatchback,0,1,No,4,Yes,Medium,No,61-70
EV01990,26,Female,88726.0,Urban,64.4,1,Hatchback,8,3,Yes,3,Yes,Low,Yes,18-30
EV01991,42,Male,133964.0,Rural,77.2,2,Sedan,1,1,Yes,1,Yes,Low,No,41-50
EV01992,32,Male,166791.0,Urban,5.0,1,Sedan,13,4,No,2,Yes,Low,No,31-40
EV01993,68,Female,64488.0,Rural,91.4,2,Sedan,2,0,Yes,3,Yes,Medium,No,61-70
EV01994,26,Male,74923.0,Suburban,5.0,1,Sedan,2,6,Yes,3,Yes,Low,Yes,18-30
EV01995,48,Male,84205.0,Urban,31.3,2,Hatchback,5,17,Yes,5,Yes,Low,Yes,41-50
EV01996,65,Male,57948.0,Suburban,11.2,2,SUV,2,8,Yes,2,Yes,Low,No,61-70
EV01997,41,Other,44021.0,Urban,36.1,1,Sedan,8,11,No,5,Yes,Low,No,41-50
EV01998,51,Male,110516.0,Urban,60.9,2,Truck,9,11,Yes,3,Yes,Low,Yes,51-60
EV01999,62,Male,119658.0,Suburban,47.3,3,Sedan,5,3,No,5,Yes,Low,Yes,61-70
EV02000,59,Female,86664.0,Urban,8.5,1,SUV,9,16,No,3,Yes,Low,Yes,51-60
EV02001,28,Male,55313.0,Urban,40.2,3,Sedan,13,13,No,2,No,Low,No,18-30
EV02002,38,Other,41432.0,Urban,29.2,1,Truck,9,4,No,3,Yes,Low,Yes,31-40
EV02003,45,Male,99265.0,Urban,5.0,4,Sedan,14,4,No,3,Yes,Low,No,41-50
EV02004,25,Male,69235.0,Rural,40.4,1,Sedan,2,3,Yes,5,Yes,Low,No,18-30
EV02005,62,Female,50983.0,Suburban,32.1,3,SUV,1,7,No,3,No,Medium,No,61-70
EV02006,54,Female,74056.0,Urban,29.5,3,Sedan,7,15,No,2,No,Low,No,51-60
EV02007,50,Male,84708.0,Suburban,35.6,1,Sedan,6,7,Yes,4,Yes,Low,Yes,41-50
EV02008,42,Male,132822.0,Suburban,59.8,1,SUV,7,7,Yes,5,No,Low,No,41-50
EV02009,47,Female,154839.0,Urban,57.7,1,Sedan,7,7,No,3,Yes,Medium,No,41-50
EV02010,68,Female,97077.0,Suburban,71.8,1,Sedan,0,1,Yes,1,Yes,Medium,No,61-70
EV02011,64,Male,119928.0,Suburban,48.1,1,Sedan,5,3,No,5,No,Low,No,61-70
EV02012,56,Other,98424.0,Urban,62.2,2,SUV,9,12,No,5,No,Low,Yes,51-60
EV02013,60,Other,79150.0,Suburban,21.3,2,SUV,1,1,Yes,4,No,Low,No,51-60
EV02014,68,Male,73311.0,Urban,76.0,1,Sedan,8,16,No,3,Yes,Medium,No,61-70
EV02015,44,Male,55805.0,Urban,12.6,2,SUV,6,7,Yes,5,Yes,Low,Yes,41-50
EV02016,32,Male,141034.0,Urban,33.5,1,Truck,3,16,Yes,5,No,Low,Yes,31-40
EV02017,33,Male,32791.0,Suburban,24.9,1,Hatchback,2,1,No,5,Yes,Medium,No,31-40
EV02018,36,Other,68598.0,Urban,49.7,2,Sedan,2,9,No,3,No,Low,No,31-40
EV02019,51,Female,89340.0,Rural,40.2,2,Sedan,0,1,No,5,No,Medium,No,51-60
EV02020,61,Male,73536.0,Rural,30.6,1,Sedan,2,0,Yes,1,Yes,Low,No,61-70
EV02021,27,Female,84708.0,Rural,47.1,2,Truck,0,3,No,5,Yes,Medium,Yes,18-30
EV02022,41,Male,105025.0,Suburban,28.0,1,SUV,3,7,Yes,5,No,Low,No,41-50
EV02023,25,Male,119512.0,Suburban,27.3,2,SUV,5,7,Yes,5,Yes,Low,Yes,18-30
EV02024,33,Male,132284.0,Urban,43.4,1,SUV,13,8,No,5,Yes,Low,Yes,31-40
EV02025,40,Female,86077.0,Urban,27.5,2,Sedan,8,9,No,3,No,Low,No,31-40
EV02026,26,Male,66522.0,Suburban,57.2,1,Truck,3,8,Yes,1,Yes,Low,No,18-30
EV02027,26,Male,131444.0,Suburban,73.4,3,Sedan,3,5,No,3,No,Medium,No,18-30
EV02028,67,Other,116365.0,Urban,59.5,1,Sedan,10,13,Yes,1,Yes,Low,No,61-70
EV02029,53,Female,92776.0,Suburban,32.3,1,Sedan,6,4,Yes,4,Yes,Low,Yes,51-60
EV02030,51,Female,82696.0,Urban,38.6,2,SUV,7,12,Yes,5,Yes,Low,Yes,51-60
EV02031,65,Male,50509.0,Rural,5.0,1,Truck,1,2,No,1,No,Low,No,61-70
EV02032,60,Male,128128.0,Suburban,62.8,2,Sedan,5,3,Yes,4,Yes,Low,No,51-60
EV02033,46,Male,112352.0,Rural,32.0,3,Truck,0,0,Yes,4,Yes,Low,Yes,41-50
EV02034,48,Female,74656.0,Urban,41.2,2,Sedan,6,14,No,1,No,Low,No,41-50
EV02035,25,Male,43012.0,Rural,84.6,2,Sedan,1,0,Yes,3,Yes,Low,No,18-30
EV02036,45,Male,63341.0,Urban,63.7,1,SUV,10,8,No,3,No,Low,No,41-50
EV02037,46,Female,63869.0,Urban,34.3,3,SUV,8,11,Yes,1,No,Low,No,41-50
EV02038,68,Female,30000.0,Rural,54.2,2,SUV,1,3,Yes,4,No,Low,No,61-70
EV02039,62,Female,110160.0,Suburban,57.1,1,Sedan,1,8,Yes,4,Yes,Low,No,61-70
EV02040,50,Male,85853.0,Suburban,23.6,1,SUV,2,5,Yes,3,No,Low,No,41-50
EV02041,57,Male,30000.0,Urban,45.7,2,Sedan,6,11,Yes,3,Yes,Low,No,51-60
EV02042,27,Female,30983.0,Suburban,5.0,2,SUV,2,8,Yes,2,Yes,Low,No,18-30
EV02043,27,Female,30000.0,Rural,10.0,1,SUV,2,2,Yes,3,No,Low,No,18-30
EV02044,66,Male,98477.0,Urban,53.3,4,Sedan,10,5,No,3,Yes,Medium,No,61-70
EV02045,27,Male,114772.0,Suburban,47.8,1,SUV,0,5,Yes,4,Yes,Low,Yes,18-30
EV02046,25,Female,60748.0,Rural,72.9,2,SUV,0,0,Yes,1,Yes,Low,No,18-30
EV02047,51,Male,130693.0,Suburban,63.1,2,Sedan,4,4,No,3,No,Medium,No,51-60
EV02048,51,Male,57369.0,Urban,63.5,1,Sedan,13,3,No,1,Yes,Low,No,51-60
EV02049,31,Male,147931.0,Suburban,29.4,2,SUV,0,9,Yes,5,No,Low,No,31-40
EV02050,68,Male,78569.0,Suburban,43.9,2,SUV,5,9,No,3,No,Medium,No,61-70
EV02051,63,Female,30000.0,Suburban,71.0,2,Sedan,2,9,Yes,5,No,Low,No,61-70
EV02052,50,Male,84708.0,Suburban,33.5,1,SUV,7,7,Yes,5,Yes,Low,Yes,41-50
EV02053,55,Female,132225.0,Urban,25.8,2,SUV,12,5,No,2,No,Medium,No,51-60
EV02054,45,Female,84708.0,Urban,22.4,2,SUV,5,7,No,2,Yes,Low,No,41-50
EV02055,45,Male,116173.0,Urban,41.7,1,Sedan,11,6,Yes,2,Yes,Low,Yes,41-50
EV02056,45,Female,75499.0,Suburban,34.3,2,Hatchback,6,5,No,1,Yes,Medium,No,41-50
EV02057,34,Male,30000.0,Suburban,53.7,3,SUV,3,9,Yes,2,Yes,Low,No,31-40
EV02058,32,Female,127707.0,Urban,43.8,2,SUV,5,9,Yes,5,Yes,Low,Yes,31-40
EV02059,27,Male,76289.0,Urban,46.6,1,Truck,4,12,No,5,Yes,Medium,No,18-30
EV02060,64,Female,51954.0,Urban,31.3,2,SUV,9,5,No,2,No,Medium,No,61-70
EV02061,61,Male,52956.0,Urban,56.1,2,SUV,12,3,No,2,Yes,High,No,61-70
EV02062,63,Male,138567.0,Suburban,65.3,2,Sedan,2,8,Yes,4,No,Low,No,61-70
EV02063,42,Male,85159.0,Suburban,74.2,2,SUV,5,1,No,3,Yes,Medium,No,41-50
EV02064,26,Female,41411.0,Urban,40.1,1,SUV,12,12,No,4,Yes,Low,No,18-30
EV02065,30,Male,83810.0,Suburban,45.8,1,SUV,2,5,Yes,1,No,Low,No,18-30
EV02066,32,Male,57995.0,Urban,60.4,2,Hatchback,2,6,Yes,2,Yes,Low,No,31-40
EV02067,43,Male,30000.0,Suburban,32.7,2,SUV,4,8,Yes,4,Yes,Low,No,41-50
EV02068,34,Male,111775.0,Suburban,55.7,4,Sedan,1,3,Yes,5,No,Low,No,31-40
EV02069,54,Female,78800.0,Urban,40.5,2,Sedan,10,11,No,1,No,Medium,No,51-60
EV02070,30,Female,54469.0,Rural,90.4,1,Sedan,2,1,No,4,Yes,High,No,18-30
EV02071,52,Male,90977.0,Suburban,36.6,1,Truck,0,3,Yes,3,Yes,Low,No,51-60
EV02072,61,Female,48171.0,Suburban,50.6,3,Sedan,3,6,Yes,2,No,Low,No,61-70
EV02073,52,Female,99767.0,Urban,60.8,2,Hatchback,4,10,No,5,Yes,Low,Yes,51-60
EV02074,67,Female,83859.0,Urban,9.9,1,SUV,6,19,No,3,Yes,Low,No,61-70
EV02075,39,Female,104216.0,Suburban,25.7,2,Sedan,7,3,Yes,3,Yes,Low,No,31-40
EV02076,46,Male,61996.0,Rural,5.0,1,SUV,2,1,Yes,1,Yes,Low,No,41-50
EV02077,40,Male,67817.0,Suburban,32.9,2,Sedan,3,8,Yes,4,No,Low,No,31-40
EV02078,58,Male,57993.0,Urban,5.0,3,Hatchback,14,4,No,1,Yes,Low,No,51-60
EV02079,66,Male,73225.0,Urban,21.0,2,Truck,9,9,Yes,3,No,Low,No,61-70
EV02080,35,Female,88155.0,Suburban,55.2,2,Sedan,5,9,Yes,5,No,Low,No,31-40
EV02081,57,Female,133026.0,Suburban,27.7,1,SUV,7,5,Yes,5,Yes,Low,Yes,51-60
EV02082,50,Female,54065.0,Suburban,53.1,3,Sedan,0,6,Yes,4,No,Low,No,41-50
EV02083,53,Female,80728.0,Rural,31.8,1,Hatchback,2,3,Yes,3,No,Low,No,51-60
EV02084,34,Male,90469.0,Suburban,47.2,2,Hatchback,2,3,No,4,Yes,Medium,Yes,31-40
EV02085,59,Male,74075.0,Urban,5.0,3,SUV,6,14,No,5,Yes,Low,No,51-60
EV02086,62,Female,63813.0,Suburban,8.1,2,SUV,0,6,No,2,No,Medium,No,61-70
EV02087,32,Male,104581.0,Urban,17.3,1,Hatchback,9,4,No,1,Yes,Medium,No,31-40
EV02088,41,Male,77420.0,Suburban,33.6,2,Sedan,5,4,Yes,5,No,Low,No,41-50
EV02089,50,Female,51824.0,Suburban,19.1,1,SUV,0,3,Yes,4,Yes,Low,No,41-50
EV02090,43,Other,58311.0,Suburban,24.9,3,Sedan,3,6,Yes,5,Yes,Low,Yes,41-50
EV02091,42,Male,69572.0,Urban,78.0,1,Hatchback,3,19,No,3,Yes,Low,No,41-50
EV02092,33,Female,81515.0,Suburban,52.7,2,SUV,6,9,Yes,5,Yes,Low,No,31-40
EV02093,65,Male,92175.0,Suburban,25.6,1,Sedan,6,6,Yes,3,No,Low,No,61-70
EV02094,32,Female,79532.0,Urban,41.9,2,Hatchback,11,6,Yes,1,No,Low,No,31-40
EV02095,25,Male,119596.0,Suburban,5.0,1,Sedan,1,2,Yes,4,No,Low,No,18-30
EV02096,50,Female,66415.0,Suburban,46.5,1,Sedan,6,5,Yes,2,No,Low,No,41-50
EV02097,48,Female,92789.0,Urban,50.7,3,Sedan,10,4,Yes,3,No,Low,No,41-50
EV02098,49,Female,63386.0,Urban,59.1,1,Sedan,9,11,No,5,Yes,Low,No,41-50
EV02099,43,Male,95263.0,Suburban,40.2,2,SUV,6,9,Yes,2,Yes,Low,No,41-50
EV02100,44,Male,57360.0,Suburban,5.0,2,Hatchback,0,7,Yes,5,No,Low,No,41-50
EV02101,28,Male,136888.0,Urban,49.4,2,SUV,9,10,No,5,Yes,Medium,Yes,18-30
EV02102,32,Female,86491.0,Urban,18.4,1,Sedan,7,6,No,2,Yes,Low,No,31-40
EV02103,42,Female,48279.0,Rural,28.3,1,SUV,0,2,Yes,1,No,Low,No,41-50
EV02104,67,Male,106142.0,Rural,66.3,1,Hatchback,2,0,Yes,4,Yes,Low,Yes,61-70
EV02105,55,Male,126651.0,Suburban,12.4,2,Hatchback,3,5,Yes,1,Yes,Low,No,51-60
EV02106,50,Other,108524.0,Rural,105.2,1,Sedan,0,1,Yes,5,Yes,Low,Yes,41-50
EV02107,56,Female,145814.0,Urban,5.0,1,Sedan,7,12,No,5,Yes,Low,No,51-60
EV02108,33,Male,41430.0,Urban,5.0,1,Sedan,2,10,Yes,3,No,Low,No,31-40
EV02109,41,Male,68649.0,Urban,59.4,2,SUV,4,17,No,1,Yes,Low,No,41-50
EV02110,39,Male,38604.0,Rural,39.9,2,SUV,2,1,Yes,5,No,Low,No,31-40
EV02111,48,Female,91454.0,Urban,5.0,1,Sedan,10,12,Yes,1,Yes,Low,No,41-50
EV02112,61,Male,35654.0,Urban,84.6,2,Sedan,3,9,Yes,5,No,Low,No,61-70
EV02113,35,Male,78851.0,Urban,66.7,2,Sedan,5,13,No,3,Yes,Low,No,31-40
EV02114,31,Female,53193.0,Urban,59.5,2,SUV,13,17,Yes,5,No,Low,No,31-40
EV02115,44,Male,99969.0,Urban,10.9,2,SUV,3,4,No,2,No,Medium,No,41-50
EV02116,50,Female,103158.0,Rural,22.5,2,Sedan,0,3,Yes,4,No,Low,No,41-50
EV02117,39,Female,64384.0,Suburban,46.0,4,Sedan,1,7,Yes,3,Yes,Low,No,31-40
EV02118,26,Female,73009.0,Urban,51.0,1,Hatchback,2,7,No,3,Yes,High,No,18-30
EV02119,39,Female,111941.0,Urban,43.8,1,SUV,10,15,Yes,3,Yes,Low,No,31-40
EV02120,64,Male,88778.0,Suburban,55.1,2,Sedan,2,7,Yes,4,No,Low,No,61-70
EV02121,61,Male,73452.0,Suburban,25.1,3,Hatchback,4,2,Yes,4,Yes,Low,No,61-70
EV02122,41,Male,87561.0,Urban,5.0,1,Sedan,5,9,Yes,5,Yes,Low,Yes,41-50
EV02123,58,Female,143670.0,Urban,42.8,2,Sedan,9,18,No,3,Yes,Low,No,51-60
EV02124,27,Male,99619.0,Suburban,48.2,2,SUV,5,8,Yes,3,Yes,Low,No,18-30
EV02125,42,Male,103550.0,Suburban,47.1,2,Sedan,6,6,Yes,3,Yes,Low,No,41-50
EV02126,48,Male,79348.0,Urban,29.7,2,SUV,10,11,Yes,1,No,Low,No,41-50
EV02127,60,Female,49986.0,Rural,19.5,2,SUV,1,1,Yes,3,Yes,Low,No,51-60
EV02128,42,Female,35294.0,Urban,40.2,1,SUV,2,17,Yes,3,Yes,Low,No,41-50
EV02129,50,Male,87365.0,Suburban,31.1,2,SUV,1,8,Yes,5,No,Low,No,41-50
EV02130,43,Female,108989.0,Rural,50.1,3,Truck,1,0,Yes,1,No,Low,No,41-50
EV02131,30,Male,144795.0,Urban,5.0,1,SUV,14,8,Yes,1,Yes,Low,No,18-30
EV02132,46,Male,49390.0,Suburban,12.5,1,SUV,2,4,Yes,4,Yes,Low,No,41-50
EV02133,52,Male,113116.0,Rural,5.0,2,Sedan,2,0,Yes,5,Yes,Low,Yes,51-60
EV02134,45,Male,73151.0,Rural,92.1,2,Sedan,2,2,Yes,4,No,Low,No,41-50
EV02135,55,Female,30000.0,Urban,5.0,1,SUV,6,9,No,1,Yes,Low,No,51-60
EV02136,45,Male,96259.0,Urban,44.0,1,SUV,14,15,Yes,1,Yes,Low,No,41-50
EV02137,28,Male,102946.0,Rural,44.7,1,Sedan,2,2,Yes,1,Yes,Low,No,18-30
EV02138,66,Female,58937.0,Urban,14.0,2,SUV,10,16,Yes,1,Yes,Low,No,61-70
EV02139,26,Other,89280.0,Suburban,53.1,2,Sedan,1,4,Yes,4,Yes,Low,No,18-30
EV02140,67,Male,154369.0,Suburban,58.5,1,SUV,4,7,Yes,2,Yes,Low,No,61-70
EV02141,64,Female,92319.0,Urban,11.1,1,Sedan,3,17,No,1,Yes,Low,No,61-70
EV02142,40,Male,138132.0,Urban,89.6,2,Hatchback,13,15,Yes,3,Yes,Low,Yes,31-40
EV02143,58,Female,58127.0,Urban,40.8,1,SUV,10,15,Yes,2,Yes,Low,No,51-60
EV02144,31,Female,57546.0,Urban,53.9,2,SUV,6,17,No,3,Yes,Low,No,31-40
EV02145,29,Female,30000.0,Urban,40.2,1,Sedan,11,7,No,3,No,Low,No,18-30
EV02146,35,Other,45031.0,Urban,37.9,1,SUV,9,3,No,1,No,Low,No,31-40
EV02147,32,Male,101119.0,Suburban,5.0,2,Truck,0,9,Yes,4,No,Low,No,31-40
EV02148,65,Male,61670.0,Urban,65.5,3,SUV,13,7,No,1,Yes,Low,No,61-70
EV02149,52,Male,79415.0,Suburban,28.5,2,Truck,3,4,Yes,4,Yes,Low,No,51-60
EV02150,31,Male,30863.0,Rural,38.7,2,Sedan,1,0,Yes,1,No,Low,No,31-40
EV02151,49,Male,78348.0,Urban,26.7,1,Sedan,7,13,No,5,Yes,Low,Yes,41-50
EV02152,38,Female,79245.0,Rural,73.7,1,SUV,0,0,Yes,2,No,Low,No,31-40
EV02153,40,Male,79670.0,Urban,54.0,2,Sedan,7,10,No,1,Yes,Medium,No,31-40
EV02154,59,Female,39396.0,Suburban,6.9,1,SUV,2,4,Yes,5,Yes,Low,No,51-60
EV02155,40,Female,82945.0,Urban,65.8,1,SUV,13,8,No,2,Yes,Low,No,31-40
EV02156,28,Female,119054.0,Suburban,19.7,1,Hatchback,5,2,No,1,Yes,Medium,No,18-30
EV02157,43,Male,84708.0,Urban,32.8,1,Sedan,3,12,No,4,Yes,Low,No,41-50
EV02158,59,Female,114057.0,Urban,22.5,1,Sedan,9,13,No,5,Yes,Low,Yes,51-60
EV02159,57,Male,80222.0,Urban,79.7,1,SUV,8,11,No,3,Yes,Low,No,51-60
EV02160,46,Male,85469.0,Urban,20.8,2,Sedan,13,19,No,4,No,Low,No,41-50
EV02161,42,Female,92830.0,Urban,9.0,1,SUV,7,9,No,5,No,Medium,No,41-50
EV02162,68,Female,69432.0,Rural,74.0,1,Sedan,2,2,Yes,3,Yes,Low,No,61-70
EV02163,40,Female,92369.0,Suburban,32.2,2,Hatchback,2,2,Yes,1,No,Low,No,31-40
EV02164,35,Male,134829.0,Urban,60.8,3,Sedan,2,12,Yes,4,No,Low,No,31-40
EV02165,48,Female,30000.0,Urban,68.1,2,Truck,10,4,No,5,Yes,Low,No,41-50
EV02166,67,Other,81622.0,Urban,5.0,1,Sedan,4,11,Yes,5,Yes,Low,Yes,61-70
EV02167,68,Female,60520.0,Urban,67.9,1,Truck,13,17,No,2,Yes,Low,No,61-70
EV02168,32,Female,102042.0,Suburban,52.2,1,SUV,2,7,Yes,1,No,Low,No,31-40
EV02169,44,Female,133085.0,Suburban,93.0,2,Sedan,4,1,No,5,Yes,High,Yes,41-50
EV02170,34,Other,84708.0,Urban,85.9,1,SUV,13,4,Yes,3,No,Low,Yes,31-40
EV02171,27,Male,124186.0,Urban,70.3,1,SUV,5,9,No,3,Yes,Medium,No,18-30
EV02172,69,Male,134580.0,Urban,34.6,2,SUV,11,19,No,2,No,Medium,No,61-70
EV02173,41,Female,65478.0,Urban,87.6,3,SUV,5,7,No,1,No,Medium,No,41-50
EV02174,58,Male,89577.0,Urban,70.6,1,Sedan,3,5,No,2,No,Low,No,51-60
EV02175,57,Female,30000.0,Urban,32.7,2,SUV,11,19,No,3,No,Low,No,51-60
EV02176,57,Male,44513.0,Suburban,53.6,3,SUV,5,9,No,4,No,Medium,No,51-60
EV02177,47,Male,52167.0,Urban,10.1,4,Sedan,10,6,No,5,No,Medium,No,41-50
EV02178,66,Male,96704.0,Urban,44.6,1,Sedan,3,18,No,2,Yes,Low,No,61-70
EV02179,27,Female,88489.0,Suburban,5.0,1,Truck,5,2,No,2,Yes,Medium,No,18-30
EV02180,40,Male,30000.0,Urban,48.2,2,Truck,6,16,No,4,Yes,Low,No,31-40
EV02181,43,Male,81181.0,Urban,48.9,2,Sedan,5,18,No,3,No,Low,No,41-50
EV02182,55,Male,121819.0,Urban,12.7,3,Truck,10,7,No,1,No,Medium,No,51-60
EV02183,53,Male,30000.0,Rural,71.6,2,SUV,1,1,Yes,1,Yes,Low,No,51-60
EV02184,50,Female,139364.0,Suburban,39.6,1,SUV,5,9,Yes,5,No,Low,No,41-50
EV02185,25,Female,54743.0,Suburban,5.0,2,SUV,6,5,Yes,2,Yes,Low,No,18-30
EV02186,45,Female,112458.0,Urban,46.9,1,SUV,12,11,Yes,2,Yes,Low,No,41-50
EV02187,65,Male,30216.0,Urban,38.8,2,Truck,10,12,No,3,No,Low,No,61-70
EV02188,54,Male,30000.0,Rural,50.5,1,Sedan,2,2,Yes,1,Yes,Low,No,51-60
EV02189,47,Male,59602.0,Suburban,68.4,1,SUV,0,2,No,5,Yes,Medium,No,41-50
EV02190,54,Male,66417.0,Suburban,28.7,2,Sedan,4,7,Yes,1,No,Low,No,51-60
EV02191,55,Male,113525.0,Urban,29.5,1,Sedan,3,14,No,5,No,Medium,No,51-60
EV02192,46,Male,62633.0,Rural,107.3,2,SUV,0,0,Yes,5,No,Low,No,41-50
EV02193,52,Female,119120.0,Urban,15.1,2,SUV,3,4,No,1,No,Low,No,51-60
EV02194,66,Female,35867.0,Rural,28.7,1,Truck,2,1,Yes,3,No,Low,No,61-70
EV02195,26,Male,77431.0,Rural,50.6,3,Hatchback,0,3,Yes,1,Yes,Low,No,18-30
EV02196,59,Male,100074.0,Urban,58.4,1,SUV,14,8,Yes,1,No,Low,No,51-60
EV02197,34,Female,30000.0,Urban,5.0,3,Sedan,10,11,Yes,1,Yes,Low,No,31-40
EV02198,66,Female,112054.0,Suburban,37.4,1,Sedan,1,1,Yes,2,Yes,Low,No,61-70
EV02199,55,Male,36523.0,Urban,37.1,1,Hatchback,11,15,Yes,5,No,Low,No,51-60
EV02200,68,Female,91213.0,Urban,39.9,1,Sedan,14,9,Yes,5,Yes,Low,Yes,61-70
EV02201,60,Male,84681.0,Urban,9.8,4,SUV,5,15,Yes,2,No,Low,No,51-60
EV02202,66,Male,109091.0,Urban,60.9,1,Hatchback,13,4,No,2,Yes,Low,Yes,61-70
EV02203,43,Male,78357.0,Urban,5.0,2,Sedan,3,12,Yes,3,Yes,Low,No,41-50
EV02204,29,Female,57728.0,Urban,21.2,2,Sedan,14,6,No,1,No,Low,No,18-30
EV02205,26,Female,109717.0,Urban,8.0,1,Sedan,5,14,Yes,1,Yes,Low,No,18-30
EV02206,65,Female,94999.0,Urban,35.7,3,SUV,3,12,Yes,3,Yes,Low,No,61-70
EV02207,34,Male,48752.0,Urban,5.0,4,SUV,3,5,No,4,Yes,Medium,No,31-40
EV02208,40,Female,84708.0,Rural,34.7,2,Sedan,2,2,Yes,1,No,Low,No,31-40
EV02209,44,Female,105426.0,Urban,14.8,3,SUV,10,11,No,5,No,Low,No,41-50
EV02210,48,Male,38329.0,Rural,20.9,2,Sedan,1,0,Yes,1,No,Low,No,41-50
EV02211,28,Female,84595.0,Suburban,18.1,1,Sedan,5,8,Yes,3,No,Low,No,18-30
EV02212,69,Female,71635.0,Urban,54.4,4,Sedan,4,11,Yes,4,Yes,Low,Yes,61-70
EV02213,37,Male,107750.0,Urban,58.7,2,Sedan,4,19,Yes,5,Yes,Low,Yes,31-40
EV02214,52,Female,30000.0,Urban,19.9,2,Sedan,2,6,Yes,4,Yes,Low,No,51-60
EV02215,58,Female,113362.0,Urban,56.5,2,Sedan,14,15,No,3,No,Low,No,51-60
EV02216,39,Male,57397.0,Urban,51.6,3,SUV,2,15,Yes,2,No,Low,No,31-40
EV02217,31,Male,88511.0,Urban,90.4,3,SUV,8,15,No,2,Yes,Low,No,31-40
EV02218,38,Female,31599.0,Rural,5.0,4,Hatchback,2,2,Yes,4,No,Low,No,31-40
EV02219,31,Female,119604.0,Urban,54.4,3,Hatchback,10,7,Yes,1,No,Low,No,31-40
EV02220,63,Female,115355.0,Urban,30.3,3,Sedan,4,3,No,5,No,Medium,No,61-70
EV02221,44,Male,149892.0,Suburban,13.6,2,SUV,5,4,Yes,4,Yes,Low,Yes,41-50
EV02222,67,Male,39955.0,Suburban,5.0,1,Sedan,4,7,Yes,3,No,Low,No,61-70
EV02223,45,Male,107310.0,Suburban,12.0,1,SUV,0,5,No,1,Yes,Medium,No,41-50
EV02224,39,Male,44875.0,Urban,20.7,1,Hatchback,4,15,No,4,Yes,Low,No,31-40
EV02225,46,Male,126390.0,Urban,59.7,2,Sedan,3,11,Yes,1,No,Low,No,41-50
EV02226,50,Other,30041.0,Suburban,7.4,2,Hatchback,7,7,Yes,1,Yes,Low,No,41-50
EV02227,47,Female,85473.0,Urban,43.1,4,Truck,6,14,No,2,No,Low,No,41-50
EV02228,49,Female,122564.0,Urban,61.4,1,Sedan,14,5,No,5,Yes,Low,Yes,41-50
EV02229,48,Female,30000.0,Urban,33.9,1,Hatchback,10,14,Yes,1,Yes,Low,No,41-50
EV02230,43,Female,81323.0,Suburban,57.5,2,Sedan,2,8,Yes,4,No,Low,No,41-50
EV02231,34,Female,86106.0,Urban,27.3,1,Hatchback,12,19,Yes,1,Yes,Low,No,31-40
EV02232,41,Female,67141.0,Suburban,42.0,3,Hatchback,5,2,Yes,4,Yes,Low,No,41-50
EV02233,67,Male,96642.0,Rural,82.5,2,Sedan,1,1,Yes,4,Yes,Low,No,61-70
EV02234,27,Female,111765.0,Urban,5.0,1,Sedan,11,3,Yes,3,No,Low,No,18-30
EV02235,48,Male,118421.0,Suburban,73.7,2,Truck,0,4,No,2,Yes,High,No,41-50
EV02236,25,Female,120127.0,Urban,58.9,1,SUV,13,13,No,4,Yes,Low,No,18-30
EV02237,30,Male,80872.0,Urban,43.7,2,SUV,7,4,Yes,2,No,Low,No,18-30
EV02238,50,Male,35228.0,Urban,61.0,1,SUV,2,9,No,5,No,Medium,No,41-50
EV02239,42,Male,130646.0,Rural,50.7,2,Sedan,0,1,Yes,2,Yes,Low,No,41-50
EV02240,50,Male,88907.0,Urban,68.4,2,Hatchback,9,12,Yes,3,Yes,Low,No,41-50
EV02241,53,Male,124701.0,Suburban,35.2,4,SUV,4,6,No,5,Yes,Medium,Yes,51-60
EV02242,26,Female,102515.0,Urban,50.1,1,Hatchback,11,10,Yes,4,Yes,Low,Yes,18-30
EV02243,69,Male,130896.0,Rural,27.8,4,Hatchback,0,2,Yes,2,No,Low,No,61-70
EV02244,50,Male,65144.0,Suburban,44.9,1,Hatchback,1,2,Yes,5,Yes,Low,No,41-50
EV02245,49,Female,174836.0,Urban,63.8,1,Sedan,5,10,No,5,Yes,Medium,Yes,41-50
EV02246,62,Female,77247.0,Urban,5.0,2,Hatchback,10,7,No,3,Yes,Low,No,61-70
EV02247,68,Male,79562.0,Suburban,46.1,1,SUV,7,5,No,3,No,Medium,No,61-70
EV02248,32,Male,151125.0,Urban,5.0,1,SUV,14,12,No,4,No,Low,No,31-40
EV02249,65,Male,140960.0,Suburban,16.4,2,SUV,4,4,Yes,5,Yes,Low,Yes,61-70
EV02250,69,Male,142148.0,Rural,11.0,2,SUV,1,2,Yes,1,Yes,Low,Yes,61-70
EV02251,42,Female,44902.0,Urban,35.0,2,Sedan,6,13,Yes,1,Yes,Low,No,41-50
EV02252,64,Male,100757.0,Urban,29.3,2,Hatchback,13,6,Yes,3,No,Low,No,61-70
EV02253,69,Female,115796.0,Urban,48.7,1,Sedan,12,5,No,5,Yes,Medium,Yes,61-70
EV02254,66,Male,73678.0,Suburban,10.2,1,Truck,3,4,No,3,No,Low,No,61-70
EV02255,25,Male,84708.0,Suburban,30.1,4,Sedan,3,4,No,4,Yes,Medium,No,18-30
EV02256,69,Male,55848.0,Rural,36.0,2,Sedan,2,3,Yes,4,Yes,Low,No,61-70
EV02257,26,Male,86474.0,Rural,12.6,1,SUV,1,3,Yes,5,Yes,Low,No,18-30
EV02258,69,Male,61293.0,Urban,62.8,1,Sedan,6,17,No,4,No,Low,No,61-70
EV02259,68,Female,96187.0,Suburban,43.0,2,Hatchback,5,7,Yes,3,No,Low,No,61-70
EV02260,34,Male,54759.0,Urban,15.1,1,Hatchback,9,15,Yes,5,Yes,Low,No,31-40
EV02261,45,Female,76218.0,Urban,21.7,1,Sedan,8,8,Yes,5,No,Low,No,41-50
EV02262,65,Female,91578.0,Urban,68.6,2,Truck,7,3,No,5,Yes,Medium,No,61-70
EV02263,60,Male,37423.0,Urban,14.0,1,Truck,14,19,No,1,Yes,Low,No,51-60
EV02264,26,Male,66516.0,Suburban,60.0,1,Sedan,2,8,Yes,2,No,Low,No,18-30
EV02265,32,Male,53989.0,Urban,10.2,2,SUV,9,15,Yes,4,No,Low,No,31-40
EV02266,56,Male,144619.0,Urban,41.8,3,Truck,11,6,No,2,No,Medium,No,51-60
EV02267,66,Male,87906.0,Suburban,41.4,1,SUV,5,3,Yes,1,No,Low,No,61-70
EV02268,54,Male,67069.0,Urban,59.6,1,Sedan,12,11,Yes,1,No,Low,No,51-60
EV02269,48,Female,85317.0,Urban,21.3,2,Sedan,12,15,Yes,5,Yes,Low,Yes,41-50
EV02270,43,Female,73995.0,Urban,36.8,4,Hatchback,14,19,Yes,4,No,Low,No,41-50
EV02271,39,Other,71958.0,Suburban,5.0,2,Hatchback,0,6,No,4,Yes,Low,No,31-40
EV02272,31,Female,30000.0,Urban,42.9,3,SUV,7,18,No,5,Yes,Low,No,31-40
EV02273,32,Female,99727.0,Suburban,41.3,1,Truck,1,9,No,2,No,Low,No,31-40
EV02274,43,Female,30000.0,Urban,72.6,1,Sedan,7,11,Yes,1,No,Low,No,41-50
EV02275,37,Female,127716.0,Rural,72.6,4,Sedan,2,1,Yes,4,No,Low,No,31-40
EV02276,67,Female,119142.0,Suburban,61.4,1,Sedan,5,6,No,3,Yes,Medium,No,61-70
EV02277,26,Female,117270.0,Urban,41.5,2,Sedan,5,5,No,1,Yes,Low,No,18-30
EV02278,55,Male,119666.0,Urban,70.2,1,Sedan,10,3,Yes,5,Yes,Low,Yes,51-60
EV02279,55,Male,35848.0,Suburban,51.9,2,SUV,3,9,Yes,4,Yes,Low,No,51-60
EV02280,65,Male,70399.0,Urban,26.5,2,SUV,12,18,No,1,Yes,Low,No,61-70
EV02281,55,Female,67838.0,Suburban,69.8,3,Sedan,2,8,Yes,4,No,Low,No,51-60
EV02282,28,Female,133431.0,Rural,78.0,1,Sedan,1,2,Yes,4,No,Low,No,18-30
EV02283,42,Female,88637.0,Suburban,37.5,2,Sedan,3,7,Yes,4,No,Low,No,41-50
EV02284,33,Female,87302.0,Urban,55.1,3,Truck,10,15,No,5,Yes,Medium,Yes,31-40
EV02285,54,Female,83137.0,Urban,64.7,1,SUV,9,4,Yes,1,Yes,Low,No,51-60
EV02286,37,Male,58635.0,Suburban,37.7,2,SUV,1,2,Yes,5,Yes,Low,No,31-40
EV02287,60,Male,76847.0,Suburban,62.4,3,Truck,0,5,No,4,Yes,High,No,51-60
EV02288,65,Female,84675.0,Urban,24.0,1,SUV,11,17,No,5,Yes,Low,Yes,61-70
EV02289,57,Female,63637.0,Urban,54.7,3,Sedan,2,11,No,3,Yes,Medium,No,51-60
EV02290,57,Male,106421.0,Suburban,45.4,2,Sedan,3,3,Yes,4,No,Low,No,51-60
EV02291,61,Female,30000.0,Suburban,61.5,2,Hatchback,4,4,Yes,2,Yes,Low,No,61-70
EV02292,50,Male,58245.0,Urban,62.7,2,Sedan,5,13,Yes,5,Yes,Low,No,41-50
EV02293,53,Female,55322.0,Urban,57.0,1,Sedan,14,13,No,3,Yes,Low,No,51-60
EV02294,44,Female,30000.0,Rural,72.8,2,Truck,1,1,Yes,3,Yes,Low,No,41-50
EV02295,35,Male,67217.0,Suburban,54.5,1,Hatchback,2,8,Yes,2,Yes,Low,No,31-40
EV02296,52,Male,107254.0,Urban,49.9,3,SUV,7,9,No,5,Yes,Low,Yes,51-60
EV02297,59,Female,139751.0,Suburban,22.7,2,SUV,3,1,Yes,2,Yes,Low,No,51-60
EV02298,46,Female,89400.0,Urban,35.4,4,Sedan,12,4,No,4,No,Low,No,41-50
EV02299,49,Male,47675.0,Urban,61.7,4,Truck,9,5,No,3,Yes,Medium,No,41-50
EV02300,59,Female,80006.0,Suburban,61.5,2,SUV,0,5,Yes,4,Yes,Low,Yes,51-60
EV02301,56,Female,57298.0,Urban,30.3,3,Sedan,4,4,Yes,2,No,Low,No,51-60
EV02302,41,Male,130657.0,Suburban,34.2,2,Hatchback,2,9,Yes,4,Yes,Low,No,41-50
EV02303,55,Female,59836.0,Urban,40.2,2,Hatchback,12,19,Yes,5,Yes,Low,Yes,51-60
EV02304,36,Male,30000.0,Rural,36.9,3,Hatchback,0,0,Yes,4,Yes,Low,Yes,31-40
EV02305,60,Male,86095.0,Urban,5.0,1,SUV,3,4,No,1,No,High,No,51-60
EV02306,52,Male,30000.0,Suburban,51.9,2,Sedan,2,9,Yes,2,Yes,Low,No,51-60
EV02307,67,Female,57961.0,Urban,52.1,2,Sedan,13,17,No,4,No,Medium,No,61-70
EV02308,40,Male,60918.0,Urban,11.8,1,SUV,10,4,Yes,3,Yes,Low,No,31-40
EV02309,29,Female,89712.0,Suburban,89.5,2,Sedan,2,1,Yes,1,Yes,Low,No,18-30
EV02310,69,Male,104308.0,Urban,5.0,2,Sedan,11,13,Yes,5,No,Low,No,61-70
EV02311,56,Male,109935.0,Suburban,57.0,1,SUV,5,4,Yes,1,Yes,Low,No,51-60
EV02312,58,Male,100247.0,Urban,10.5,2,SUV,10,7,No,2,Yes,Low,No,51-60
EV02313,47,Male,72085.0,Rural,28.9,2,SUV,0,1,Yes,3,No,Low,No,41-50
EV02314,57,Female,83816.0,Urban,5.3,1,Sedan,14,11,No,2,Yes,Low,No,51-60
EV02315,28,Male,137899.0,Rural,44.0,1,SUV,0,0,Yes,4,No,Low,No,18-30
EV02316,47,Female,171327.0,Urban,18.5,1,SUV,5,14,No,2,No,Low,No,41-50
EV02317,26,Female,84708.0,Suburban,5.0,3,Sedan,4,8,No,3,No,Medium,No,18-30
EV02318,48,Female,110561.0,Suburban,5.0,2,Sedan,1,4,Yes,4,Yes,Low,No,41-50
EV02319,41,Male,98947.0,Suburban,40.2,1,Truck,5,1,No,1,Yes,Medium,No,41-50
EV02320,56,Male,128022.0,Suburban,47.7,2,Sedan,6,5,Yes,1,No,Low,No,51-60
EV02321,68,Male,105573.0,Rural,31.9,1,Sedan,2,0,Yes,2,Yes,Low,No,61-70
EV02322,27,Male,103269.0,Urban,47.9,2,Sedan,3,15,No,5,No,Medium,No,18-30
EV02323,38,Female,58811.0,Suburban,52.5,3,Sedan,2,7,No,2,Yes,Low,No,31-40
EV02324,57,Female,107839.0,Rural,38.6,3,Hatchback,0,1,Yes,5,No,Low,No,51-60
EV02325,64,Female,57726.0,Urban,22.1,2,Sedan,8,5,Yes,4,Yes,Low,Yes,61-70
EV02326,29,Female,115757.0,Urban,18.1,2,Sedan,12,16,No,1,Yes,Low,No,18-30
EV02327,57,Male,123083.0,Rural,46.3,1,SUV,2,0,No,4,No,Medium,No,51-60
EV02328,29,Male,71706.0,Urban,66.5,1,Truck,7,8,Yes,3,Yes,Low,No,18-30
EV02329,43,Female,56676.0,Urban,15.4,2,SUV,8,9,No,1,Yes,Low,No,41-50
EV02330,40,Male,180149.0,Suburban,6.0,1,Hatchback,6,2,Yes,3,Yes,Low,No,31-40
EV02331,66,Male,100936.0,Urban,49.8,1,SUV,10,13,No,4,No,Medium,No,61-70
EV02332,65,Male,55969.0,Suburban,89.2,1,SUV,6,1,Yes,1,Yes,Low,No,61-70
EV02333,55,Male,50359.0,Urban,5.0,2,SUV,8,6,No,1,Yes,Low,No,51-60
EV02334,68,Female,36165.0,Suburban,5.0,2,Sedan,2,7,Yes,4,Yes,Low,No,61-70
EV02335,27,Male,102898.0,Urban,23.8,1,Hatchback,6,19,Yes,3,Yes,Low,Yes,18-30
EV02336,35,Male,108971.0,Urban,15.6,1,Sedan,5,7,No,1,No,Low,No,31-40
EV02337,25,Male,61652.0,Urban,40.6,3,Sedan,12,18,Yes,1,Yes,Low,No,18-30
EV02338,30,Female,59115.0,Suburban,8.3,2,SUV,0,3,Yes,1,Yes,Low,No,18-30
EV02339,68,Female,95883.0,Urban,55.2,1,Truck,3,10,No,5,Yes,Medium,No,61-70
EV02340,36,Male,74119.0,Suburban,20.9,2,Hatchback,3,8,Yes,4,Yes,Low,No,31-40
EV02341,60,Male,112962.0,Suburban,59.8,1,Sedan,6,1,Yes,5,No,Low,No,51-60
EV02342,62,Male,67119.0,Suburban,5.0,1,Truck,3,7,Yes,1,Yes,Low,No,61-70
EV02343,49,Female,117536.0,Urban,53.1,2,SUV,10,10,Yes,1,No,Low,No,41-50
EV02344,41,Male,48179.0,Urban,6.7,2,SUV,11,16,Yes,2,Yes,Low,No,41-50
EV02345,32,Female,125752.0,Urban,27.4,3,Sedan,10,9,No,3,Yes,Low,No,31-40
EV02346,51,Female,95481.0,Suburban,42.4,2,Sedan,7,1,Yes,5,No,Low,No,51-60
EV02347,63,Male,139887.0,Urban,39.1,2,Truck,3,10,Yes,4,No,Low,No,61-70
EV02348,42,Female,55560.0,Urban,41.8,2,Hatchback,2,7,No,3,No,Medium,No,41-50
EV02349,37,Male,103296.0,Urban,29.2,1,Sedan,10,5,No,4,No,Low,No,31-40
EV02350,49,Male,107280.0,Rural,60.2,1,Sedan,2,1,Yes,2,Yes,Low,No,41-50
EV02351,69,Male,134436.0,Suburban,6.2,2,SUV,7,3,Yes,1,No,Low,No,61-70
EV02352,51,Male,102472.0,Urban,22.8,3,SUV,5,11,Yes,3,No,Low,No,51-60
EV02353,50,Female,73938.0,Suburban,15.7,2,Sedan,7,7,Yes,1,No,Low,No,41-50
EV02354,31,Male,89504.0,Suburban,23.7,2,SUV,2,8,Yes,5,Yes,Low,Yes,31-40
EV02355,57,Male,30000.0,Urban,29.1,3,Truck,14,9,No,3,Yes,Low,No,51-60
EV02356,27,Male,35361.0,Suburban,5.0,2,SUV,6,9,Yes,3,No,Low,No,18-30
EV02357,35,Male,30000.0,Urban,53.3,2,SUV,13,12,Yes,4,Yes,Low,No,31-40
EV02358,41,Female,54739.0,Suburban,17.9,2,Sedan,4,6,Yes,5,Yes,Low,No,41-50
EV02359,48,Female,39944.0,Rural,69.6,1,Sedan,2,1,Yes,2,Yes,Low,No,41-50
EV02360,64,Male,49797.0,Suburban,29.7,3,Sedan,4,7,Yes,1,No,Low,No,61-70
EV02361,57,Male,87278.0,Urban,41.6,1,SUV,8,5,Yes,5,Yes,Low,Yes,51-60
EV02362,53,Female,30000.0,Rural,38.5,1,Sedan,2,1,Yes,1,No,Low,No,51-60
EV02363,41,Male,124673.0,Suburban,94.3,3,SUV,2,6,Yes,4,No,Low,No,41-50
EV02364,46,Male,68001.0,Suburban,48.5,2,Sedan,2,5,Yes,3,No,Low,No,41-50
EV02365,49,Male,117949.0,Urban,5.0,1,SUV,5,7,Yes,1,No,Low,No,41-50
EV02366,36,Male,103843.0,Suburban,78.8,1,Hatchback,7,1,No,5,No,Medium,No,31-40
EV02367,26,Female,86504.0,Suburban,22.3,2,SUV,5,2,Yes,3,No,Low,No,18-30
EV02368,36,Male,55586.0,Suburban,59.4,4,Hatchback,1,5,No,4,No,High,No,31-40
EV02369,53,Male,106470.0,Urban,105.2,1,SUV,3,11,Yes,5,No,Low,No,51-60
EV02370,34,Male,91560.0,Suburban,19.9,2,Sedan,4,9,Yes,4,No,Low,No,31-40
EV02371,35,Female,111210.0,Suburban,77.7,1,Sedan,5,8,Yes,4,No,Medium,No,31-40
EV02372,60,Female,100931.0,Urban,37.0,1,SUV,5,13,No,1,No,Low,No,51-60
EV02373,29,Male,100720.0,Suburban,51.5,2,SUV,0,3,Yes,4,Yes,Low,Yes,18-30
EV02374,56,Female,101672.0,Suburban,60.1,2,Hatchback,5,8,Yes,1,Yes,Low,No,51-60
EV02375,66,Male,109508.0,Urban,39.9,1,Hatchback,11,12,Yes,3,Yes,Low,Yes,61-70
EV02376,46,Female,100273.0,Urban,38.9,1,SUV,4,4,No,2,No,Medium,No,41-50
EV02377,34,Female,105068.0,Urban,54.0,1,Hatchback,10,16,No,5,Yes,Medium,No,31-40
EV02378,33,Male,86661.0,Urban,60.6,2,Truck,12,3,No,2,Yes,Medium,No,31-40
EV02379,53,Male,103143.0,Suburban,30.4,2,Sedan,3,1,Yes,2,No,Low,No,51-60
EV02380,64,Female,74903.0,Suburban,44.4,2,SUV,7,9,Yes,1,Yes,Low,No,61-70
EV02381,32,Male,64824.0,Suburban,41.3,2,SUV,4,6,Yes,4,No,Low,No,31-40
EV02382,43,Male,39736.0,Urban,5.0,4,SUV,6,16,No,2,No,Low,No,41-50
EV02383,38,Male,66363.0,Suburban,28.5,1,SUV,2,4,No,5,No,Low,No,31-40
EV02384,50,Female,55791.0,Urban,17.2,3,Sedan,6,3,No,4,No,Low,No,41-50
EV02385,45,Male,78765.0,Urban,24.8,1,SUV,9,7,No,4,Yes,Low,Yes,41-50
EV02386,69,Male,92902.0,Suburban,10.5,3,Sedan,1,5,Yes,1,Yes,Low,No,61-70
EV02387,64,Female,88871.0,Urban,96.6,4,Sedan,5,4,Yes,1,Yes,Low,No,61-70
EV02388,35,Male,42379.0,Suburban,54.4,3,Sedan,0,3,Yes,3,Yes,Low,No,31-40
EV02389,66,Female,67695.0,Urban,39.3,2,Truck,4,13,No,4,Yes,Medium,No,61-70
EV02390,29,Female,59811.0,Rural,22.4,3,Hatchback,1,2,Yes,5,Yes,Low,Yes,18-30
EV02391,69,Female,80631.0,Urban,6.1,1,Hatchback,9,15,Yes,4,Yes,Low,No,61-70
EV02392,59,Female,83615.0,Rural,26.9,3,SUV,0,3,Yes,3,Yes,Low,Yes,51-60
EV02393,48,Female,116304.0,Urban,36.8,1,SUV,13,8,Yes,5,Yes,Low,No,41-50
EV02394,35,Male,98171.0,Suburban,22.3,1,SUV,6,9,Yes,3,Yes,Low,Yes,31-40
EV02395,59,Female,30000.0,Rural,5.0,3,SUV,1,1,Yes,5,Yes,Low,Yes,51-60
EV02396,41,Male,91762.0,Urban,37.0,1,Sedan,6,11,Yes,4,Yes,Low,No,41-50
EV02397,26,Male,97471.0,Suburban,81.6,2,SUV,1,7,Yes,5,Yes,Low,Yes,18-30
EV02398,57,Female,86928.0,Urban,34.6,2,SUV,7,12,No,4,No,Low,No,51-60
EV02399,66,Female,117232.0,Rural,47.2,2,Hatchback,0,1,Yes,5,Yes,Low,No,61-70
EV02400,45,Male,120639.0,Suburban,47.5,1,SUV,1,8,No,2,No,Medium,No,41-50
EV02401,37,Female,109170.0,Urban,51.8,2,Truck,11,9,No,4,Yes,Low,Yes,31-40
EV02402,31,Female,67997.0,Urban,18.9,3,Sedan,13,8,No,2,Yes,Low,No,31-40
EV02403,37,Male,67332.0,Suburban,101.5,1,Sedan,2,4,Yes,4,No,Low,No,31-40
EV02404,58,Male,64557.0,Rural,5.0,2,SUV,1,3,Yes,2,No,Low,No,51-60
EV02405,58,Other,98644.0,Urban,37.6,3,Hatchback,7,17,Yes,1,Yes,Low,No,51-60
EV02406,59,Other,143716.0,Urban,40.1,1,Hatchback,5,19,No,5,Yes,Low,Yes,51-60
EV02407,58,Male,106608.0,Suburban,20.8,2,SUV,4,6,Yes,3,Yes,Low,No,51-60
EV02408,35,Female,84708.0,Urban,78.8,2,Sedan,4,18,No,2,Yes,Medium,No,31-40
EV02409,52,Female,70842.0,Suburban,53.1,1,Sedan,5,4,No,2,Yes,Medium,No,51-60
EV02410,47,Male,78211.0,Suburban,51.6,1,Hatchback,3,4,No,2,Yes,Medium,No,41-50
EV02411,43,Male,97203.0,Urban,61.6,1,Hatchback,14,15,No,4,Yes,Low,Yes,41-50
EV02412,43,Male,120459.0,Suburban,38.2,1,Sedan,0,2,Yes,1,No,Medium,No,41-50
EV02413,66,Other,90190.0,Urban,47.1,2,Sedan,3,8,No,1,No,Low,No,61-70
EV02414,61,Male,96677.0,Urban,5.0,2,Sedan,8,13,No,2,No,Low,No,61-70
EV02415,34,Male,125089.0,Rural,76.1,2,Sedan,2,2,No,1,Yes,Medium,No,31-40
EV02416,43,Male,43461.0,Suburban,36.7,2,Sedan,6,8,No,4,Yes,Medium,No,41-50
EV02417,35,Female,138199.0,Urban,30.1,2,Hatchback,12,8,Yes,1,No,Low,No,31-40
EV02418,50,Female,62378.0,Urban,5.0,1,SUV,11,4,Yes,4,Yes,Low,Yes,41-50
EV02419,54,Female,30000.0,Suburban,39.2,1,SUV,7,6,Yes,2,Yes,Low,No,51-60
EV02420,60,Male,80199.0,Rural,12.6,1,Sedan,2,0,Yes,2,Yes,Low,No,51-60
EV02421,26,Female,127807.0,Urban,53.9,2,Hatchback,2,9,No,3,Yes,Medium,No,18-30
EV02422,55,Male,122674.0,Suburban,16.7,2,Sedan,5,5,Yes,4,Yes,Low,Yes,51-60
EV02423,58,Male,30000.0,Rural,17.9,1,Truck,2,3,Yes,2,Yes,Low,No,51-60
EV02424,30,Male,108009.0,Suburban,36.8,2,SUV,1,1,Yes,4,No,Low,No,18-30
EV02425,37,Male,129379.0,Urban,58.6,2,Sedan,9,6,No,2,Yes,Low,Yes,31-40
EV02426,67,Male,74737.0,Suburban,27.7,1,Sedan,6,3,Yes,5,No,Low,No,61-70
EV02427,49,Male,64171.0,Suburban,24.5,2,Sedan,4,2,Yes,1,Yes,Low,No,41-50
EV02428,41,Female,72406.0,Suburban,27.0,2,SUV,2,8,Yes,1,Yes,Low,No,41-50
EV02429,26,Female,76075.0,Urban,6.7,2,Sedan,10,7,No,4,No,Medium,No,18-30
EV02430,29,Male,64683.0,Suburban,67.2,3,Sedan,2,4,No,5,No,Medium,No,18-30
EV02431,53,Male,103414.0,Suburban,20.8,2,SUV,7,5,Yes,5,No,Low,No,51-60
EV02432,64,Male,90134.0,Urban,68.9,3,SUV,7,6,No,3,Yes,Medium,No,61-70
EV02433,52,Male,37262.0,Urban,77.0,2,SUV,10,4,Yes,2,No,Low,No,51-60
EV02434,40,Male,94036.0,Urban,33.9,1,SUV,12,3,Yes,2,Yes,Low,No,31-40
EV02435,61,Female,152835.0,Suburban,57.3,1,SUV,1,5,No,1,No,Medium,No,61-70
EV02436,49,Female,53108.0,Urban,5.0,2,SUV,5,3,No,4,No,Low,No,41-50
EV02437,51,Male,31801.0,Suburban,48.9,2,Truck,3,2,Yes,2,Yes,Low,No,51-60
EV02438,53,Female,38396.0,Rural,36.5,3,SUV,0,1,No,1,No,Medium,No,51-60
EV02439,66,Male,104158.0,Urban,7.2,1,Sedan,4,10,No,3,Yes,Medium,No,61-70
EV02440,65,Male,53038.0,Suburban,6.5,1,SUV,3,6,Yes,1,No,Low,No,61-70
EV02441,57,Male,139488.0,Urban,34.4,3,Sedan,12,18,No,5,No,Low,Yes,51-60
EV02442,29,Male,59296.0,Urban,9.0,2,Truck,4,9,No,3,Yes,Low,No,18-30
EV02443,29,Male,75255.0,Suburban,25.0,2,Hatchback,0,6,No,4,Yes,Medium,No,18-30
EV02444,31,Female,62806.0,Urban,73.9,1,Sedan,10,16,Yes,4,Yes,Low,No,31-40
EV02445,46,Male,41648.0,Urban,62.7,2,SUV,6,5,Yes,4,No,Low,No,41-50
EV02446,48,Male,30000.0,Urban,46.6,1,Sedan,9,12,No,5,No,Medium,No,41-50
EV02447,63,Female,38395.0,Urban,89.7,2,SUV,5,17,Yes,4,Yes,Low,No,61-70
EV02448,30,Female,44443.0,Suburban,98.5,1,SUV,5,4,Yes,4,No,Medium,No,18-30
EV02449,30,Male,44403.0,Urban,63.8,2,Sedan,13,13,No,2,Yes,Low,No,18-30
EV02450,67,Female,88208.0,Urban,55.8,1,Truck,4,15,No,5,No,Low,No,61-70
EV02451,48,Male,84708.0,Suburban,31.4,1,SUV,2,3,Yes,3,Yes,Low,Yes,41-50
EV02452,61,Male,138555.0,Suburban,77.6,1,Sedan,5,6,No,1,Yes,Medium,No,61-70
EV02453,47,Female,156452.0,Urban,40.9,1,Sedan,6,7,Yes,2,Yes,Low,Yes,41-50
EV02454,42,Male,80685.0,Urban,5.0,1,SUV,2,16,No,3,No,Low,No,41-50
EV02455,30,Female,79856.0,Rural,46.2,1,SUV,1,2,Yes,3,Yes,Low,Yes,18-30
EV02456,25,Male,136543.0,Rural,17.3,3,SUV,2,2,Yes,2,Yes,Low,No,18-30
EV02457,28,Female,81051.0,Rural,79.6,2,Hatchback,0,3,No,2,Yes,Medium,No,18-30
EV02458,58,Female,73693.0,Rural,33.1,1,SUV,2,3,Yes,4,No,Low,No,51-60
EV02459,32,Female,46688.0,Suburban,42.2,2,Truck,1,9,Yes,4,Yes,Low,No,31-40
EV02460,25,Male,112697.0,Suburban,36.1,2,SUV,1,2,Yes,1,Yes,Low,No,18-30
EV02461,62,Female,139165.0,Urban,7.6,1,Sedan,3,7,No,1,Yes,Low,No,61-70
EV02462,27,Female,90365.0,Suburban,25.3,1,Sedan,0,7,Yes,3,No,Low,No,18-30
EV02463,32,Male,30000.0,Urban,42.4,2,Sedan,11,8,No,3,Yes,Medium,No,31-40
EV02464,57,Female,84586.0,Suburban,34.2,2,Hatchback,2,4,No,3,Yes,Medium,No,51-60
EV02465,26,Male,182205.0,Suburban,33.8,1,Sedan,7,4,Yes,4,No,Low,No,18-30
EV02466,43,Female,119783.0,Urban,61.6,1,Sedan,13,5,Yes,3,Yes,Low,No,41-50
EV02467,57,Male,129073.0,Urban,43.0,1,Sedan,8,10,No,2,Yes,Low,No,51-60
EV02468,63,Male,89526.0,Urban,74.1,3,Sedan,4,12,No,3,Yes,Medium,No,61-70
EV02469,30,Male,81728.0,Urban,15.7,2,SUV,8,8,Yes,4,Yes,Low,Yes,18-30
EV02470,43,Male,125866.0,Urban,50.5,1,Sedan,12,18,No,4,No,Low,No,41-50
EV02471,52,Female,65752.0,Suburban,36.2,1,Truck,2,3,No,5,No,Medium,No,51-60
EV02472,52,Male,30000.0,Rural,56.0,2,Truck,0,3,Yes,3,No,Low,No,51-60
EV02473,44,Male,77266.0,Urban,49.4,1,Hatchback,7,7,Yes,1,No,Low,No,41-50
EV02474,34,Female,102424.0,Urban,45.7,2,Hatchback,6,6,No,1,No,Medium,No,31-40
EV02475,30,Female,30000.0,Rural,51.1,1,SUV,0,0,Yes,5,No,Low,No,18-30
EV02476,66,Male,152182.0,Urban,41.5,3,SUV,3,9,No,5,Yes,Low,No,61-70
EV02477,40,Female,48113.0,Suburban,46.1,3,Truck,4,3,Yes,1,No,Low,No,31-40
EV02478,33,Female,108678.0,Urban,5.0,4,SUV,8,19,Yes,3,Yes,Low,No,31-40
EV02479,27,Male,86259.0,Suburban,23.8,2,SUV,3,2,Yes,4,Yes,Low,Yes,18-30
EV02480,63,Male,30000.0,Suburban,23.4,2,SUV,1,2,No,2,No,Medium,No,61-70
EV02481,39,Male,83810.0,Suburban,26.6,1,Sedan,5,6,Yes,1,Yes,Low,No,31-40
EV02482,34,Male,124349.0,Rural,66.6,1,SUV,0,1,Yes,4,No,Low,Yes,31-40
EV02483,31,Male,59903.0,Urban,64.9,1,Truck,4,13,Yes,1,Yes,Low,No,31-40
EV02484,62,Male,100346.0,Suburban,12.7,1,Hatchback,6,4,Yes,5,Yes,Low,Yes,61-70
EV02485,53,Female,95894.0,Suburban,40.2,2,SUV,0,6,Yes,5,Yes,Low,Yes,51-60
EV02486,46,Male,44982.0,Suburban,44.9,2,Sedan,6,8,Yes,2,Yes,Low,No,41-50
EV02487,33,Male,63424.0,Suburban,80.2,1,Sedan,1,2,Yes,3,Yes,Low,No,31-40
EV02488,55,Female,91438.0,Suburban,47.7,2,SUV,3,4,Yes,5,Yes,Low,Yes,51-60
EV02489,49,Female,68707.0,Suburban,63.5,2,Sedan,5,8,Yes,1,No,Low,No,41-50
EV02490,41,Other,52585.0,Urban,75.1,2,Truck,6,9,No,4,Yes,Medium,No,41-50
EV02491,45,Male,94741.0,Urban,5.0,3,SUV,10,9,No,1,No,Low,No,41-50
EV02492,68,Male,93133.0,Suburban,62.4,3,Sedan,2,8,Yes,2,Yes,Low,No,61-70
EV02493,29,Male,127960.0,Urban,61.0,1,SUV,11,7,No,4,Yes,Medium,No,18-30
EV02494,36,Female,121507.0,Urban,50.7,2,SUV,7,13,Yes,1,Yes,Low,No,31-40
EV02495,39,Male,169619.0,Suburban,15.3,3,Sedan,1,3,Yes,3,Yes,Low,Yes,31-40
EV02496,46,Male,42514.0,Urban,32.2,2,SUV,9,4,No,3,Yes,Medium,No,41-50
EV02497,33,Male,117280.0,Urban,27.8,1,Sedan,8,9,Yes,1,No,Low,No,31-40
EV02498,27,Female,56530.0,Rural,48.1,4,SUV,0,2,Yes,5,Yes,Low,Yes,18-30
EV02499,64,Female,80968.0,Suburban,49.0,2,Sedan,5,6,Yes,1,Yes,Low,No,61-70
EV02500,44,Female,39061.0,Urban,77.3,1,Hatchback,13,4,Yes,3,No,Low,No,41-50
EV02501,56,Male,84106.0,Suburban,17.2,1,Sedan,4,1,Yes,3,Yes,Low,No,51-60
EV02502,46,Female,115933.0,Suburban,17.8,3,SUV,1,3,Yes,1,No,Low,No,41-50
EV02503,61,Male,75953.0,Suburban,63.3,2,SUV,4,9,No,5,No,Low,No,61-70
EV02504,59,Female,109424.0,Urban,81.8,2,SUV,9,3,No,5,No,Low,No,51-60
EV02505,42,Female,112790.0,Urban,76.9,1,Hatchback,6,14,No,4,No,Low,No,41-50
EV02506,27,Male,90859.0,Urban,68.5,2,SUV,9,17,No,2,Yes,Low,No,18-30
EV02507,33,Female,95289.0,Suburban,10.6,2,Sedan,2,1,No,5,Yes,Low,No,31-40
EV02508,43,Female,59521.0,Suburban,32.8,2,Hatchback,6,2,Yes,3,Yes,Low,Yes,41-50
EV02509,37,Male,37732.0,Rural,31.8,2,SUV,0,0,Yes,2,No,Low,No,31-40
EV02510,62,Male,103019.0,Urban,59.0,3,Sedan,12,12,Yes,1,No,Low,No,61-70
EV02511,42,Male,85825.0,Urban,30.3,1,Truck,4,15,No,3,No,Low,No,41-50
EV02512,36,Male,30000.0,Rural,40.2,1,SUV,1,2,Yes,1,No,Low,No,31-40
EV02513,27,Male,67380.0,Suburban,24.1,1,SUV,0,3,Yes,5,No,Low,No,18-30
EV02514,47,Male,94275.0,Suburban,5.0,4,Hatchback,2,9,Yes,1,Yes,Low,No,41-50
EV02515,69,Female,63865.0,Suburban,43.5,4,Sedan,3,3,Yes,3,No,Low,No,61-70
EV02516,67,Male,94863.0,Urban,66.6,1,Sedan,14,16,Yes,2,Yes,Low,No,61-70
EV02517,29,Male,56798.0,Urban,34.6,4,SUV,4,10,Yes,3,Yes,Low,No,18-30
EV02518,60,Female,49415.0,Urban,5.0,1,Sedan,8,15,No,1,Yes,Low,No,51-60
EV02519,44,Male,126950.0,Urban,55.5,2,Sedan,3,16,No,2,No,Low,No,41-50
EV02520,38,Other,99114.0,Urban,29.7,2,SUV,7,11,Yes,3,Yes,Low,No,31-40
EV02521,62,Female,30000.0,Suburban,51.4,2,Sedan,4,9,Yes,3,No,Low,No,61-70
EV02522,45,Female,132217.0,Rural,29.9,2,Truck,1,3,Yes,3,Yes,Low,No,41-50
EV02523,60,Male,78058.0,Urban,40.2,3,SUV,6,6,Yes,3,No,Low,No,51-60
EV02524,49,Female,30000.0,Rural,30.8,1,Hatchback,0,0,Yes,2,No,Low,No,41-50
EV02525,33,Female,59449.0,Urban,48.9,1,Sedan,2,14,No,4,Yes,Medium,No,31-40
EV02526,60,Male,70833.0,Urban,38.3,2,Sedan,5,18,No,5,Yes,Low,Yes,51-60
EV02527,50,Female,48105.0,Urban,42.9,2,Sedan,12,18,Yes,4,Yes,Low,No,41-50
EV02528,67,Male,41807.0,Suburban,79.2,1,Truck,1,4,No,4,Yes,Medium,No,61-70
EV02529,28,Male,93711.0,Urban,40.2,3,Sedan,8,8,No,2,Yes,Medium,No,18-30
EV02530,63,Female,97311.0,Suburban,26.1,2,Sedan,3,8,Yes,3,No,Low,No,61-70
EV02531,29,Male,100913.0,Rural,37.5,2,Sedan,2,0,Yes,4,Yes,Low,Yes,18-30
EV02532,33,Female,88397.0,Urban,58.4,1,Sedan,7,9,Yes,1,No,Low,No,31-40
EV02533,54,Female,56513.0,Rural,16.7,2,SUV,2,0,Yes,2,Yes,Low,No,51-60
EV02534,60,Male,30000.0,Urban,58.2,1,Sedan,3,3,Yes,3,Yes,Low,No,51-60
EV02535,25,Female,127183.0,Suburban,47.4,1,SUV,2,1,Yes,4,Yes,Low,No,18-30
EV02536,40,Male,60188.0,Suburban,86.0,1,Sedan,2,8,Yes,3,No,Low,No,31-40
EV02537,52,Male,82021.0,Urban,56.8,1,SUV,9,14,No,2,No,Low,No,51-60
EV02538,26,Female,86854.0,Urban,34.1,1,Hatchback,5,16,Yes,2,No,Low,No,18-30
EV02539,25,Male,98602.0,Suburban,85.2,1,Sedan,3,8,Yes,4,Yes,Low,No,18-30
EV02540,35,Male,54917.0,Urban,17.5,1,Sedan,13,3,No,1,No,Medium,No,31-40
EV02541,37,Male,30469.0,Suburban,35.3,3,Sedan,4,4,Yes,2,Yes,Low,No,31-40
EV02542,48,Female,97439.0,Urban,20.7,2,Hatchback,7,14,No,5,Yes,Low,Yes,41-50
EV02543,62,Female,96448.0,Urban,58.4,1,Sedan,4,7,Yes,3,Yes,Low,No,61-70
EV02544,65,Male,127369.0,Rural,41.3,3,SUV,2,2,Yes,4,Yes,Low,Yes,61-70
EV02545,48,Male,104090.0,Rural,9.9,3,Sedan,1,2,Yes,1,No,Low,No,41-50
EV02546,30,Female,107166.0,Suburban,43.0,2,Sedan,0,3,Yes,1,No,Low,No,18-30
EV02547,31,Female,107805.0,Urban,53.7,2,SUV,12,9,No,1,No,Low,No,31-40
EV02548,28,Male,120533.0,Suburban,37.1,1,SUV,0,4,Yes,3,Yes,Low,Yes,18-30
EV02549,37,Male,64838.0,Rural,48.5,2,Sedan,1,0,Yes,2,Yes,Low,No,31-40
EV02550,37,Female,132288.0,Urban,59.7,1,SUV,14,8,No,5,No,Low,No,31-40
EV02551,66,Female,101093.0,Urban,43.3,2,Sedan,4,7,No,1,No,Medium,No,61-70
EV02552,52,Female,57868.0,Urban,13.2,2,SUV,14,6,No,5,Yes,Low,Yes,51-60
EV02553,25,Female,92375.0,Suburban,41.6,1,SUV,3,3,Yes,1,No,Low,No,18-30
EV02554,45,Male,49844.0,Urban,56.0,4,SUV,5,4,No,1,No,Medium,No,41-50
EV02555,26,Female,132921.0,Suburban,5.0,4,Hatchback,7,1,Yes,2,No,Low,No,18-30
EV02556,37,Male,79986.0,Urban,41.9,2,SUV,3,13,No,3,Yes,Low,No,31-40
EV02557,35,Female,97601.0,Urban,52.8,2,SUV,7,10,No,1,No,Medium,No,31-40
EV02558,57,Male,138432.0,Suburban,38.1,3,Sedan,1,2,No,3,No,Low,No,51-60
EV02559,42,Male,80000.0,Urban,72.4,1,Sedan,3,7,No,1,No,Medium,No,41-50
EV02560,64,Female,81143.0,Urban,54.4,4,SUV,10,4,No,3,Yes,Medium,No,61-70
EV02561,26,Male,62650.0,Suburban,46.5,4,SUV,7,6,Yes,4,Yes,Low,No,18-30
EV02562,43,Male,105679.0,Urban,62.3,1,Truck,3,4,No,5,No,Medium,No,41-50
EV02563,62,Male,123754.0,Urban,63.1,1,Sedan,12,19,No,2,Yes,Low,No,61-70
EV02564,31,Female,74411.0,Rural,51.3,1,Sedan,1,1,Yes,2,No,Low,No,31-40
EV02565,63,Male,126498.0,Rural,28.3,1,Sedan,2,2,Yes,5,Yes,Low,Yes,61-70
EV02566,58,Male,120989.0,Rural,20.3,1,Sedan,2,0,Yes,4,No,Low,No,51-60
EV02567,67,Male,86246.0,Suburban,34.0,1,SUV,4,4,Yes,2,Yes,Low,No,61-70
EV02568,39,Male,30000.0,Suburban,51.4,1,Sedan,1,4,Yes,3,Yes,Low,No,31-40
EV02569,57,Male,30000.0,Urban,59.6,3,Truck,3,14,Yes,5,Yes,Low,Yes,51-60
EV02570,50,Female,62557.0,Suburban,50.2,1,Sedan,1,2,Yes,2,No,Low,No,41-50
EV02571,69,Female,101344.0,Urban,36.7,2,Truck,9,3,No,4,Yes,Low,Yes,61-70
EV02572,62,Male,123884.0,Suburban,53.3,3,Sedan,6,6,Yes,5,No,Low,No,61-70
EV02573,39,Male,61864.0,Urban,61.7,4,Sedan,7,5,Yes,1,Yes,Low,Yes,31-40
EV02574,59,Female,87306.0,Suburban,47.7,2,Truck,3,8,Yes,4,No,Low,No,51-60
EV02575,30,Female,78018.0,Rural,10.8,2,SUV,2,2,Yes,5,Yes,Low,Yes,18-30
EV02576,52,Female,30000.0,Rural,26.8,1,SUV,2,2,Yes,4,Yes,Low,No,51-60
EV02577,59,Male,106670.0,Urban,38.5,1,Hatchback,2,11,No,5,Yes,Low,Yes,51-60
EV02578,55,Male,89956.0,Suburban,62.1,1,SUV,3,3,Yes,3,Yes,Low,No,51-60
EV02579,25,Male,115613.0,Suburban,35.9,2,SUV,1,7,Yes,4,No,Low,No,18-30
EV02580,67,Female,93694.0,Urban,13.9,2,Sedan,10,16,No,3,Yes,Low,No,61-70
EV02581,64,Female,44282.0,Rural,43.7,1,SUV,1,0,Yes,1,Yes,Low,Yes,61-70
EV02582,67,Female,87215.0,Urban,16.2,1,Hatchback,9,4,Yes,4,Yes,Low,No,61-70
EV02583,60,Male,117192.0,Urban,5.0,3,Sedan,9,10,No,4,No,Low,No,51-60
EV02584,46,Female,129368.0,Urban,84.0,1,SUV,12,18,No,5,No,Low,No,41-50
EV02585,29,Male,53037.0,Suburban,11.7,1,Sedan,1,6,No,5,No,Low,No,18-30
EV02586,59,Male,85894.0,Urban,47.5,1,SUV,10,5,Yes,1,Yes,Low,No,51-60
EV02587,60,Female,84816.0,Urban,16.0,3,Sedan,12,18,No,1,No,Low,No,51-60
EV02588,61,Male,136598.0,Urban,10.3,1,Sedan,5,10,No,5,No,Low,No,61-70
EV02589,37,Male,110059.0,Suburban,52.2,1,Sedan,5,8,Yes,3,No,Low,No,31-40
EV02590,58,Male,99265.0,Urban,9.8,2,Sedan,7,14,No,3,No,Low,No,51-60
EV02591,37,Female,80886.0,Urban,24.8,2,SUV,12,16,No,3,Yes,Low,Yes,31-40
EV02592,44,Female,139777.0,Urban,62.4,2,SUV,14,13,Yes,2,Yes,Low,Yes,41-50
EV02593,28,Male,74654.0,Urban,51.4,1,Hatchback,10,18,No,5,No,Low,No,18-30
EV02594,58,Female,129981.0,Rural,13.9,2,Sedan,1,0,Yes,3,Yes,Low,No,51-60
EV02595,48,Male,44256.0,Suburban,66.4,1,Truck,3,2,No,5,No,High,No,41-50
EV02596,37,Female,124739.0,Rural,56.0,2,Sedan,0,3,Yes,2,No,Low,No,31-40
EV02597,27,Male,66135.0,Urban,23.8,1,SUV,13,12,No,3,No,Low,No,18-30
EV02598,43,Female,55986.0,Urban,5.0,2,Sedan,6,11,Yes,1,Yes,Low,No,41-50
EV02599,65,Female,86505.0,Rural,58.7,1,Sedan,1,1,Yes,4,No,Low,No,61-70
EV02600,39,Female,111242.0,Suburban,24.2,1,Hatchback,3,6,Yes,5,Yes,Low,Yes,31-40
EV02601,36,Female,90716.0,Urban,22.4,2,Sedan,8,7,No,1,No,Low,No,31-40
EV02602,62,Male,41084.0,Urban,39.0,1,SUV,13,7,No,1,Yes,Medium,No,61-70
EV02603,55,Male,133770.0,Rural,5.0,4,Sedan,1,3,Yes,1,Yes,Low,No,51-60
EV02604,50,Male,86091.0,Urban,38.1,2,Hatchback,10,12,No,5,Yes,Low,Yes,41-50
EV02605,36,Male,60148.0,Urban,85.6,3,SUV,4,17,Yes,2,Yes,Low,No,31-40
EV02606,43,Male,103882.0,Urban,27.7,1,SUV,8,5,No,5,Yes,Low,No,41-50
EV02607,32,Male,68859.0,Urban,5.0,2,Sedan,13,10,Yes,5,Yes,Low,Yes,31-40
EV02608,58,Female,119500.0,Suburban,41.0,1,Sedan,5,1,Yes,2,Yes,Low,No,51-60
EV02609,40,Male,49047.0,Urban,53.8,2,Sedan,4,3,Yes,2,Yes,Low,No,31-40
EV02610,46,Female,35083.0,Suburban,45.0,3,SUV,5,5,Yes,2,Yes,Low,No,41-50
EV02611,53,Female,103955.0,Urban,5.0,4,Hatchback,12,3,Yes,4,No,Low,No,51-60
EV02612,60,Female,82252.0,Urban,50.1,1,Hatchback,12,14,Yes,5,No,Low,No,51-60
EV02613,48,Female,90187.0,Urban,70.7,3,SUV,5,3,No,1,No,High,No,41-50
EV02614,37,Female,69403.0,Urban,24.9,2,Sedan,3,18,No,1,No,Low,No,31-40
EV02615,49,Male,104947.0,Urban,40.4,3,Hatchback,5,9,No,4,Yes,Medium,Yes,41-50
EV02616,45,Female,30000.0,Urban,69.2,3,Sedan,12,10,Yes,5,Yes,Low,No,41-50
EV02617,56,Female,118469.0,Suburban,78.4,4,Sedan,6,7,Yes,2,No,Low,No,51-60
EV02618,52,Male,79458.0,Urban,49.8,1,Sedan,4,4,Yes,3,Yes,Low,Yes,51-60
EV02619,34,Female,67705.0,Urban,13.2,2,Sedan,12,6,Yes,5,Yes,Low,Yes,31-40
EV02620,57,Female,84848.0,Suburban,53.2,1,SUV,7,6,Yes,1,Yes,Low,No,51-60
EV02621,50,Female,30000.0,Urban,46.5,3,Sedan,8,9,Yes,5,Yes,Low,Yes,41-50
EV02622,46,Male,84839.0,Rural,84.2,1,Truck,2,3,No,2,Yes,Medium,No,41-50
EV02623,50,Female,30000.0,Urban,53.3,2,SUV,4,18,Yes,5,Yes,Low,No,41-50
EV02624,39,Male,58187.0,Urban,7.4,2,Sedan,6,13,No,3,Yes,Low,No,31-40
EV02625,50,Female,84560.0,Suburban,31.9,1,Sedan,2,6,No,4,No,Medium,No,41-50
EV02626,30,Female,79638.0,Rural,66.3,2,Sedan,0,0,No,3,No,Medium,No,18-30
EV02627,32,Female,99412.0,Urban,18.3,1,Sedan,10,15,No,4,No,Low,No,31-40
EV02628,67,Male,96709.0,Urban,49.1,3,SUV,3,3,No,2,No,Medium,No,61-70
EV02629,47,Female,84708.0,Suburban,21.3,1,SUV,2,4,No,2,Yes,Medium,No,41-50
EV02630,34,Female,123577.0,Urban,48.3,1,Sedan,8,6,Yes,4,No,Low,No,31-40
EV02631,26,Female,39253.0,Urban,54.0,1,Sedan,10,12,Yes,1,No,Low,No,18-30
EV02632,38,Male,30000.0,Rural,57.7,1,Sedan,2,0,No,5,Yes,Medium,No,31-40
EV02633,29,Male,100953.0,Rural,5.0,1,Sedan,2,0,Yes,2,Yes,Low,No,18-30
EV02634,47,Female,36927.0,Urban,16.2,2,Sedan,3,14,Yes,4,Yes,Low,No,41-50
EV02635,67,Female,56658.0,Rural,68.6,1,Sedan,2,1,Yes,3,No,Low,No,61-70
EV02636,36,Male,93442.0,Urban,5.0,2,SUV,13,16,Yes,4,Yes,Low,No,31-40
EV02637,36,Male,114111.0,Suburban,37.8,4,SUV,2,6,Yes,1,No,Low,No,31-40
EV02638,62,Male,79681.0,Urban,37.9,3,Sedan,3,7,No,1,No,Medium,No,61-70
EV02639,41,Other,69803.0,Rural,97.2,2,Sedan,1,1,Yes,2,No,Low,No,41-50
EV02640,45,Female,70920.0,Suburban,33.5,3,SUV,5,6,Yes,1,No,Low,No,41-50
EV02641,26,Female,120902.0,Suburban,25.7,1,Sedan,3,7,No,5,No,Medium,No,18-30
EV02642,50,Female,108152.0,Urban,40.4,3,Sedan,7,14,Yes,5,Yes,Low,Yes,41-50
EV02643,60,Female,88222.0,Urban,73.7,1,Sedan,13,7,No,4,Yes,Medium,No,51-60
EV02644,49,Female,107730.0,Suburban,61.5,4,Hatchback,7,3,Yes,4,No,Low,No,41-50
EV02645,45,Female,107886.0,Urban,63.8,3,Sedan,7,5,No,2,Yes,Medium,No,41-50
EV02646,32,Female,92136.0,Urban,5.0,1,Hatchback,13,11,Yes,4,Yes,Low,Yes,31-40
EV02647,25,Male,80966.0,Suburban,45.5,1,Hatchback,1,3,Yes,1,No,Low,No,18-30
EV02648,57,Female,99412.0,Urban,24.5,1,Sedan,4,15,Yes,5,No,Low,No,51-60
EV02649,53,Female,140163.0,Urban,33.9,3,SUV,13,8,No,1,No,Medium,No,51-60
EV02650,59,Male,110518.0,Suburban,37.5,1,Truck,3,9,Yes,5,No,Low,No,51-60
EV02651,68,Female,104533.0,Rural,89.8,3,Hatchback,1,2,No,5,No,High,No,61-70
EV02652,35,Female,165087.0,Rural,66.0,4,Hatchback,1,3,Yes,4,No,Low,No,31-40
EV02653,52,Female,30000.0,Suburban,72.9,1,Hatchback,5,5,Yes,3,No,Low,No,51-60
EV02654,47,Female,92626.0,Suburban,69.8,1,Sedan,2,5,Yes,5,No,Low,Yes,41-50
EV02655,50,Female,90017.0,Suburban,28.3,4,Hatchback,6,9,No,4,Yes,Low,Yes,41-50
EV02656,38,Male,61979.0,Urban,40.2,3,Sedan,8,10,No,3,Yes,Medium,Yes,31-40
EV02657,59,Male,30000.0,Suburban,40.7,1,SUV,4,2,Yes,1,No,Low,No,51-60
EV02658,63,Female,90366.0,Urban,34.1,2,SUV,2,19,Yes,4,No,Low,No,61-70
EV02659,64,Female,59010.0,Urban,23.9,1,Hatchback,9,7,No,1,No,Low,No,61-70
EV02660,43,Female,45081.0,Suburban,57.4,2,Hatchback,3,1,Yes,5,Yes,Medium,No,41-50
EV02661,41,Male,125987.0,Urban,48.8,1,Sedan,5,16,No,3,Yes,Medium,Yes,41-50
EV02662,31,Male,80791.0,Suburban,82.6,1,Hatchback,5,5,Yes,1,No,Low,No,31-40
EV02663,52,Male,30000.0,Rural,5.0,1,Sedan,2,3,Yes,2,Yes,Low,No,51-60
EV02664,31,Female,95823.0,Suburban,41.1,1,SUV,0,3,No,2,Yes,High,No,31-40
EV02665,44,Female,58891.0,Suburban,39.9,1,Sedan,4,4,Yes,3,No,Low,No,41-50
EV02666,48,Male,35933.0,Rural,45.3,1,SUV,0,0,Yes,2,No,Low,No,41-50
EV02667,39,Female,63733.0,Rural,62.8,2,Hatchback,1,0,Yes,3,Yes,Low,Yes,31-40
EV02668,50,Male,118693.0,Urban,69.8,1,SUV,12,15,Yes,2,No,Low,No,41-50
EV02669,34,Male,42982.0,Suburban,75.0,1,SUV,7,6,Yes,3,Yes,Low,Yes,31-40
EV02670,52,Male,85054.0,Suburban,5.0,1,Truck,7,5,No,5,Yes,Low,No,51-60
EV02671,41,Male,85227.0,Urban,74.4,2,Sedan,8,7,No,2,No,Medium,No,41-50
EV02672,43,Male,87404.0,Suburban,32.1,1,Sedan,1,2,No,1,Yes,Medium,No,41-50
EV02673,36,Male,121522.0,Urban,11.0,2,Hatchback,13,4,Yes,2,Yes,Low,No,31-40
EV02674,40,Male,41971.0,Rural,45.6,1,Hatchback,2,2,Yes,4,Yes,Low,No,31-40
EV02675,48,Male,101200.0,Suburban,40.6,3,Truck,4,7,Yes,3,Yes,Low,No,41-50
EV02676,32,Male,111621.0,Rural,58.1,2,Hatchback,2,3,Yes,2,Yes,Low,Yes,31-40
EV02677,44,Other,41320.0,Urban,37.4,2,SUV,9,10,Yes,5,No,Low,No,41-50
EV02678,33,Male,86633.0,Suburban,66.1,1,Sedan,7,9,Yes,3,Yes,Low,No,31-40
EV02679,67,Other,90705.0,Urban,80.1,1,Sedan,12,9,Yes,1,Yes,Low,No,61-70
EV02680,55,Male,82761.0,Urban,51.1,2,SUV,14,16,Yes,2,No,Low,No,51-60
EV02681,39,Female,146811.0,Urban,38.2,1,Sedan,7,16,No,4,No,Low,No,31-40
EV02682,46,Female,60847.0,Urban,32.1,1,SUV,10,4,Yes,5,No,Low,No,41-50
EV02683,43,Female,60197.0,Urban,16.2,2,Sedan,3,3,No,2,Yes,Medium,No,41-50
EV02684,50,Female,44087.0,Suburban,13.9,1,Hatchback,2,7,Yes,3,No,Low,No,41-50
EV02685,32,Male,90266.0,Urban,39.0,2,SUV,7,6,No,4,No,Low,No,31-40
EV02686,63,Female,75681.0,Urban,56.8,2,Sedan,12,7,Yes,5,Yes,Low,Yes,61-70
EV02687,25,Female,66125.0,Urban,28.0,1,Sedan,7,18,No,3,Yes,Low,No,18-30
EV02688,62,Female,138250.0,Urban,7.0,1,Sedan,2,11,Yes,3,Yes,Low,Yes,61-70
EV02689,25,Female,70155.0,Suburban,52.8,1,Sedan,1,9,Yes,2,Yes,Low,No,18-30
EV02690,57,Male,70256.0,Urban,5.0,1,Sedan,11,6,No,4,Yes,Low,Yes,51-60
EV02691,46,Male,30000.0,Suburban,19.9,2,SUV,5,2,Yes,4,Yes,Low,No,41-50
EV02692,54,Male,109551.0,Urban,5.0,1,SUV,14,5,Yes,5,Yes,Low,Yes,51-60
EV02693,36,Male,113187.0,Urban,53.9,1,Truck,11,19,Yes,1,Yes,Low,No,31-40
EV02694,36,Other,125871.0,Suburban,35.5,2,Sedan,7,9,Yes,3,Yes,Low,No,31-40
EV02695,40,Male,70148.0,Urban,29.3,2,Sedan,2,15,Yes,2,No,Low,No,31-40
EV02696,25,Female,38742.0,Suburban,40.1,3,Hatchback,6,7,Yes,4,No,Low,No,18-30
EV02697,68,Male,103158.0,Suburban,45.0,2,Hatchback,5,9,Yes,2,Yes,Low,No,61-70
EV02698,64,Female,67515.0,Urban,70.8,2,Sedan,11,6,No,2,No,Low,No,61-70
EV02699,47,Male,95098.0,Rural,44.6,4,Sedan,0,0,Yes,4,Yes,Low,Yes,41-50
EV02700,25,Male,59215.0,Suburban,5.0,1,Sedan,6,8,Yes,2,Yes,Low,No,18-30
EV02701,47,Female,96170.0,Urban,55.9,2,Sedan,11,13,No,4,Yes,Medium,No,41-50
EV02702,50,Male,91821.0,Urban,55.8,1,SUV,10,3,No,5,Yes,Low,No,41-50
EV02703,28,Female,83940.0,Urban,67.7,1,Sedan,11,10,No,3,No,Low,No,18-30
EV02704,38,Female,74205.0,Urban,35.7,2,Sedan,4,15,Yes,1,No,Low,No,31-40
EV02705,59,Male,121956.0,Urban,72.3,3,Sedan,10,14,Yes,3,No,Low,No,51-60
EV02706,60,Male,101627.0,Suburban,68.9,2,SUV,3,2,Yes,3,Yes,Medium,No,51-60
EV02707,66,Male,79144.0,Suburban,40.2,2,Truck,6,6,No,5,Yes,Medium,No,61-70
EV02708,59,Male,167214.0,Suburban,25.9,3,Sedan,1,1,No,2,Yes,Medium,No,51-60
EV02709,57,Male,106059.0,Rural,33.3,2,SUV,1,1,Yes,5,No,Low,Yes,51-60
EV02710,50,Female,99645.0,Urban,58.9,1,SUV,6,6,Yes,3,Yes,Low,No,41-50
EV02711,28,Male,82451.0,Suburban,113.2,2,SUV,3,3,Yes,4,Yes,Low,Yes,18-30
EV02712,35,Female,67835.0,Suburban,47.9,1,SUV,1,9,Yes,1,No,Low,No,31-40
EV02713,42,Female,50824.0,Urban,5.0,1,Sedan,5,5,Yes,2,Yes,Low,No,41-50
EV02714,36,Male,117151.0,Urban,40.8,1,SUV,9,7,Yes,5,Yes,Low,No,31-40
EV02715,62,Male,62267.0,Rural,79.1,2,Hatchback,0,2,Yes,1,No,Low,No,61-70
EV02716,41,Female,61311.0,Urban,38.7,1,Hatchback,3,14,No,2,Yes,Low,No,41-50
EV02717,64,Female,123261.0,Suburban,73.5,1,Hatchback,0,6,Yes,2,Yes,Low,No,61-70
EV02718,42,Male,37291.0,Urban,32.1,2,Sedan,10,4,Yes,2,Yes,Low,No,41-50
EV02719,69,Male,75541.0,Suburban,62.6,2,Truck,6,9,Yes,2,No,Low,No,61-70
EV02720,67,Female,90996.0,Urban,41.3,2,Sedan,12,12,No,4,No,Low,No,61-70
EV02721,59,Male,41426.0,Urban,60.1,2,Sedan,14,13,Yes,2,Yes,Low,No,51-60
EV02722,64,Female,111332.0,Rural,48.6,2,Sedan,1,1,Yes,1,No,Low,No,61-70
EV02723,35,Male,134476.0,Urban,64.7,2,Sedan,6,3,No,4,Yes,High,No,31-40
EV02724,68,Female,30000.0,Suburban,24.0,2,SUV,2,7,Yes,2,No,Low,No,61-70
EV02725,57,Other,127333.0,Urban,63.9,1,SUV,4,7,No,5,Yes,Medium,Yes,51-60
EV02726,38,Male,110612.0,Urban,31.6,1,SUV,14,15,Yes,5,Yes,Low,Yes,31-40
EV02727,66,Male,79930.0,Urban,51.6,1,Sedan,8,12,Yes,4,No,Low,No,61-70
EV02728,64,Female,74640.0,Suburban,28.2,2,Sedan,5,9,Yes,1,Yes,Low,No,61-70
EV02729,26,Female,137468.0,Rural,78.9,1,Hatchback,2,1,Yes,3,Yes,Low,Yes,18-30
EV02730,32,Male,114723.0,Suburban,66.6,2,Sedan,1,8,Yes,3,Yes,Low,No,31-40
EV02731,47,Female,92665.0,Suburban,18.0,2,Hatchback,3,8,Yes,5,Yes,Low,Yes,41-50
EV02732,36,Male,44420.0,Suburban,25.7,3,Sedan,1,1,No,2,Yes,Low,No,31-40
EV02733,58,Female,118161.0,Urban,67.8,2,Sedan,11,14,No,4,No,Low,No,51-60
EV02734,59,Male,89363.0,Urban,20.6,1,SUV,2,5,No,5,No,Medium,No,51-60
EV02735,65,Male,30000.0,Rural,66.7,1,Sedan,1,3,No,4,No,Medium,No,61-70
EV02736,68,Male,77760.0,Urban,10.9,1,Hatchback,12,18,Yes,2,Yes,Low,No,61-70
EV02737,33,Female,56686.0,Urban,16.9,2,SUV,9,19,No,2,No,Low,No,31-40
EV02738,53,Male,61024.0,Urban,73.6,1,SUV,14,6,No,5,Yes,High,No,51-60
EV02739,35,Male,112545.0,Suburban,33.2,1,Sedan,3,8,Yes,4,Yes,Low,Yes,31-40
EV02740,38,Female,79898.0,Suburban,53.0,1,Hatchback,1,7,No,1,Yes,Medium,No,31-40
EV02741,26,Female,114964.0,Urban,38.9,1,Sedan,4,12,Yes,2,Yes,Low,No,18-30
EV02742,55,Female,103320.0,Suburban,52.3,4,SUV,4,7,Yes,3,No,Low,No,51-60
EV02743,27,Female,55621.0,Suburban,43.9,2,Sedan,3,1,Yes,5,No,Low,No,18-30
EV02744,52,Male,116850.0,Urban,86.0,3,SUV,8,15,No,5,Yes,Medium,Yes,51-60
EV02745,53,Female,59931.0,Urban,19.8,3,Sedan,6,14,No,2,No,Low,No,51-60
EV02746,34,Female,110195.0,Suburban,70.0,2,SUV,1,7,No,4,Yes,Low,No,31-40
EV02747,47,Female,76660.0,Rural,49.5,3,Sedan,0,0,Yes,3,Yes,Low,No,41-50
EV02748,26,Male,115278.0,Urban,29.6,2,Sedan,5,14,No,3,Yes,Low,No,18-30
EV02749,59,Female,122146.0,Urban,5.0,2,Truck,5,17,No,5,Yes,Low,Yes,51-60
EV02750,40,Female,53374.0,Suburban,59.8,3,Hatchback,1,6,Yes,1,No,Low,No,31-40
EV02751,51,Female,86915.0,Urban,21.6,1,SUV,11,8,No,4,Yes,Low,Yes,51-60
EV02752,62,Male,168628.0,Suburban,11.2,2,Sedan,0,7,Yes,5,No,Low,No,61-70
EV02753,62,Female,63680.0,Urban,52.0,4,SUV,13,13,Yes,5,No,Low,No,61-70
EV02754,36,Female,85163.0,Urban,38.5,3,Sedan,5,17,No,2,Yes,Low,No,31-40
EV02755,54,Male,80826.0,Urban,78.3,3,Hatchback,6,6,No,4,Yes,Medium,No,51-60
EV02756,36,Female,72532.0,Urban,28.6,2,Sedan,13,5,No,1,Yes,Medium,No,31-40
EV02757,33,Female,59225.0,Urban,121.5,3,Sedan,2,11,Yes,5,Yes,Low,Yes,31-40
EV02758,69,Male,75232.0,Urban,62.0,1,Sedan,12,11,No,2,Yes,Medium,No,61-70
EV02759,55,Male,99246.0,Suburban,49.3,1,SUV,5,5,No,3,No,Medium,No,51-60
EV02760,39,Male,91804.0,Suburban,25.8,2,SUV,7,8,Yes,1,Yes,Low,No,31-40
EV02761,38,Male,30000.0,Urban,55.1,3,Sedan,13,15,Yes,3,No,Low,No,31-40
EV02762,35,Male,64641.0,Urban,10.1,1,Sedan,3,8,No,3,Yes,Low,No,31-40
EV02763,46,Female,119346.0,Urban,5.0,2,SUV,10,14,Yes,3,Yes,Low,Yes,41-50
EV02764,46,Male,113781.0,Suburban,21.9,2,Sedan,4,3,Yes,3,No,Low,No,41-50
EV02765,41,Male,77528.0,Urban,62.8,1,SUV,13,10,Yes,1,No,Low,No,41-50
EV02766,44,Female,96559.0,Rural,67.5,2,SUV,2,2,Yes,3,No,Low,No,41-50
EV02767,26,Male,54374.0,Urban,58.0,1,SUV,4,5,No,4,Yes,Medium,Yes,18-30
EV02768,62,Other,30000.0,Rural,73.2,1,Sedan,0,2,Yes,3,No,Low,No,61-70
EV02769,32,Male,64151.0,Rural,10.0,2,Sedan,1,3,No,3,Yes,Medium,No,31-40
EV02770,44,Female,60094.0,Suburban,13.3,1,Sedan,4,9,Yes,5,No,Low,No,41-50
EV02771,50,Female,66857.0,Urban,27.9,2,Sedan,8,11,Yes,3,Yes,Low,No,41-50
EV02772,26,Male,116448.0,Urban,22.0,2,SUV,3,6,No,2,Yes,Medium,No,18-30
EV02773,69,Male,85441.0,Suburban,71.7,1,Truck,3,6,No,2,No,Medium,No,61-70
EV02774,43,Male,93623.0,Suburban,52.4,3,SUV,2,3,Yes,5,Yes,Low,No,41-50
EV02775,69,Male,52276.0,Suburban,23.2,1,Hatchback,0,5,Yes,1,Yes,Medium,No,61-70
EV02776,39,Male,54085.0,Urban,22.7,1,Sedan,8,8,Yes,2,No,Low,No,31-40
EV02777,51,Male,97432.0,Suburban,67.4,2,Sedan,6,1,No,4,Yes,Medium,No,51-60
EV02778,63,Female,109868.0,Urban,27.5,2,Sedan,7,5,No,1,No,Medium,No,61-70
EV02779,54,Male,39869.0,Urban,65.9,1,Sedan,11,11,No,5,No,Low,No,51-60
EV02780,42,Female,114514.0,Suburban,45.8,1,SUV,5,4,No,3,No,Medium,No,41-50
EV02781,56,Male,151989.0,Urban,14.3,1,SUV,12,16,No,4,Yes,Low,No,51-60
EV02782,69,Female,126720.0,Urban,54.5,1,Sedan,2,6,No,4,Yes,Medium,No,61-70
EV02783,33,Male,110564.0,Urban,15.2,2,SUV,4,7,No,4,No,Medium,No,31-40
EV02784,41,Male,61724.0,Urban,80.9,1,Sedan,11,14,No,5,No,Low,No,41-50
EV02785,36,Female,48525.0,Urban,42.3,2,Sedan,8,3,No,2,Yes,Medium,No,31-40
EV02786,64,Male,75802.0,Suburban,29.1,2,Hatchback,5,8,Yes,3,Yes,Low,No,61-70
EV02787,51,Male,78580.0,Urban,80.5,1,SUV,14,19,No,3,Yes,Medium,No,51-60
EV02788,62,Male,144230.0,Suburban,39.2,1,Sedan,6,3,Yes,3,No,Low,No,61-70
EV02789,53,Female,93562.0,Urban,21.5,3,Sedan,2,13,No,1,No,Medium,No,51-60
EV02790,59,Male,129701.0,Suburban,52.0,1,SUV,0,4,Yes,4,No,Low,No,51-60
EV02791,60,Male,97565.0,Suburban,62.7,2,Hatchback,6,2,Yes,3,No,Low,No,51-60
EV02792,37,Male,42656.0,Urban,5.0,1,SUV,12,19,Yes,2,Yes,Low,No,31-40
EV02793,59,Male,100416.0,Suburban,22.7,2,SUV,5,4,Yes,2,Yes,Low,No,51-60
EV02794,56,Female,84708.0,Urban,54.6,4,SUV,12,6,No,5,Yes,Medium,No,51-60
EV02795,37,Male,112035.0,Urban,43.9,3,SUV,8,18,No,1,Yes,Low,No,31-40
EV02796,55,Male,48360.0,Suburban,18.5,1,Sedan,3,6,Yes,3,Yes,Low,No,51-60
EV02797,27,Female,36484.0,Urban,42.9,1,Sedan,8,6,No,2,Yes,Medium,No,18-30
EV02798,68,Female,74052.0,Urban,21.4,1,Sedan,9,9,No,1,No,Low,No,61-70
EV02799,42,Male,104064.0,Urban,34.1,2,SUV,10,8,No,4,Yes,Low,No,41-50
EV02800,69,Other,51305.0,Suburban,20.1,4,SUV,3,1,Yes,1,Yes,Low,No,61-70
EV02801,66,Female,110019.0,Suburban,51.8,2,Sedan,4,5,Yes,2,Yes,Low,Yes,61-70
EV02802,34,Female,64186.0,Urban,58.9,2,Sedan,12,8,Yes,5,Yes,Low,Yes,31-40
EV02803,57,Male,99509.0,Urban,45.8,1,SUV,6,11,Yes,2,Yes,Low,No,51-60
EV02804,39,Male,58884.0,Rural,5.0,2,Sedan,0,1,No,5,No,Medium,No,31-40
EV02805,31,Female,102609.0,Urban,44.4,2,SUV,13,6,No,3,No,Low,No,31-40
EV02806,69,Male,81718.0,Urban,44.4,1,Truck,4,3,No,2,Yes,Medium,No,61-70
EV02807,66,Female,145958.0,Suburban,27.8,1,SUV,5,9,Yes,2,No,Low,No,61-70
EV02808,40,Male,96991.0,Urban,12.1,2,Truck,4,12,No,3,Yes,Low,No,31-40
EV02809,56,Male,91289.0,Suburban,83.6,2,Sedan,1,6,Yes,4,Yes,Low,Yes,51-60
EV02810,45,Female,102647.0,Urban,5.0,1,Sedan,10,5,Yes,3,No,Low,No,41-50
EV02811,28,Male,42493.0,Rural,27.9,4,Sedan,2,0,Yes,1,No,Low,No,18-30
EV02812,54,Male,125767.0,Urban,55.6,4,Sedan,7,9,Yes,4,No,Low,No,51-60
EV02813,29,Female,80704.0,Urban,78.4,3,Sedan,5,8,No,1,No,Medium,No,18-30
EV02814,67,Female,33153.0,Urban,5.0,3,SUV,5,16,Yes,1,Yes,Low,No,61-70
EV02815,47,Female,30000.0,Urban,7.9,1,Truck,4,3,Yes,1,No,Low,No,41-50
EV02816,43,Female,65540.0,Suburban,59.2,1,Hatchback,5,5,No,4,Yes,Low,No,41-50
EV02817,30,Male,66975.0,Urban,45.1,2,Sedan,7,9,No,1,Yes,Low,No,18-30
EV02818,42,Male,127228.0,Suburban,46.9,3,SUV,0,8,Yes,1,Yes,Low,No,41-50
EV02819,29,Female,161147.0,Urban,8.9,1,Sedan,12,17,Yes,5,Yes,Low,No,18-30
EV02820,44,Male,139247.0,Rural,30.9,4,SUV,2,0,Yes,2,Yes,Low,No,41-50
EV02821,69,Male,77966.0,Suburban,39.5,3,Sedan,2,1,Yes,2,No,Low,No,61-70
EV02822,32,Female,30000.0,Suburban,77.7,2,Sedan,4,5,Yes,4,No,Low,No,31-40
EV02823,31,Female,223345.0,Urban,44.3,2,SUV,3,11,No,5,No,Medium,No,31-40
EV02824,67,Male,67724.0,Urban,24.8,2,Sedan,13,16,No,2,Yes,Low,No,61-70
EV02825,63,Male,72673.0,Suburban,73.7,2,Sedan,1,9,Yes,3,Yes,Low,No,61-70
EV02826,33,Male,108070.0,Urban,30.2,1,Sedan,2,3,No,2,Yes,Medium,No,31-40
EV02827,66,Female,79170.0,Urban,48.5,2,Sedan,11,16,No,2,No,Low,No,61-70
EV02828,65,Male,66514.0,Suburban,51.4,4,Hatchback,4,8,Yes,2,No,Low,No,61-70
EV02829,26,Female,30000.0,Urban,40.2,1,SUV,14,5,No,3,Yes,Low,No,18-30
EV02830,37,Male,30000.0,Suburban,74.4,1,Sedan,3,4,Yes,5,No,Low,No,31-40
EV02831,65,Female,84296.0,Urban,67.8,2,Sedan,4,14,No,4,No,Low,No,61-70
EV02832,67,Other,165514.0,Suburban,29.7,1,Sedan,1,1,Yes,2,No,Low,No,61-70
EV02833,38,Female,73825.0,Urban,49.9,2,SUV,2,11,No,3,No,Low,No,31-40
EV02834,38,Female,135173.0,Urban,36.2,3,Hatchback,6,5,Yes,2,No,Low,No,31-40
EV02835,55,Male,129372.0,Urban,26.2,1,SUV,11,9,No,1,Yes,Medium,No,51-60
EV02836,34,Female,44589.0,Suburban,5.0,2,SUV,5,2,Yes,3,Yes,Low,No,31-40
EV02837,49,Male,91750.0,Rural,87.9,1,Sedan,2,2,Yes,5,No,Low,No,41-50
EV02838,63,Male,49109.0,Urban,76.7,1,Hatchback,13,7,No,3,Yes,Medium,No,61-70
EV02839,47,Female,38952.0,Urban,41.3,2,Sedan,5,19,No,1,Yes,Medium,No,41-50
EV02840,46,Male,100422.0,Suburban,37.9,2,SUV,3,4,No,5,No,Low,No,41-50
EV02841,61,Male,126825.0,Urban,38.1,2,Sedan,10,9,Yes,4,No,Low,No,61-70
EV02842,56,Female,43501.0,Urban,24.0,1,Sedan,6,6,Yes,4,Yes,Low,No,51-60
EV02843,47,Male,53074.0,Rural,25.4,1,Hatchback,1,0,Yes,1,No,Low,No,41-50
EV02844,50,Male,59004.0,Urban,40.2,2,SUV,6,18,No,5,Yes,Low,Yes,41-50
EV02845,25,Other,108984.0,Urban,41.9,1,SUV,7,16,No,5,Yes,Low,Yes,18-30
EV02846,49,Male,37642.0,Urban,12.2,1,SUV,2,4,Yes,5,Yes,Low,No,41-50
EV02847,68,Male,70814.0,Urban,39.1,1,Truck,5,8,No,3,Yes,Medium,No,61-70
EV02848,52,Male,84767.0,Urban,5.0,2,Sedan,10,11,No,3,Yes,Low,No,51-60
EV02849,62,Female,46229.0,Urban,69.5,1,SUV,3,9,No,2,Yes,Medium,No,61-70
EV02850,55,Male,89180.0,Urban,62.5,1,Sedan,8,11,Yes,5,Yes,Low,Yes,51-60
EV02851,52,Male,151601.0,Suburban,18.3,3,Sedan,2,5,Yes,5,No,Low,Yes,51-60
EV02852,65,Male,60949.0,Urban,69.3,2,Sedan,6,10,Yes,2,Yes,Low,No,61-70
EV02853,69,Male,98704.0,Urban,71.6,2,Sedan,6,12,Yes,2,No,Low,No,61-70
EV02854,50,Male,113782.0,Rural,22.3,4,Sedan,0,0,Yes,4,No,Low,No,41-50
EV02855,42,Male,55588.0,Urban,64.7,2,SUV,3,14,Yes,1,Yes,Low,No,41-50
EV02856,40,Female,102855.0,Urban,39.2,4,Truck,3,16,No,3,Yes,Medium,No,31-40
EV02857,39,Male,39702.0,Suburban,62.1,1,Truck,2,8,No,4,Yes,Low,Yes,31-40
EV02858,27,Female,81699.0,Urban,40.4,2,Sedan,6,18,Yes,3,Yes,Low,Yes,18-30
EV02859,50,Male,56891.0,Urban,26.1,2,SUV,3,15,No,4,Yes,Low,No,41-50
EV02860,44,Male,135300.0,Urban,82.1,4,Sedan,9,18,No,4,No,Medium,No,41-50
EV02861,51,Female,100018.0,Rural,61.1,1,Hatchback,0,1,Yes,5,Yes,Low,Yes,51-60
EV02862,30,Male,137688.0,Urban,39.1,2,SUV,9,15,No,1,No,Low,No,18-30
EV02863,51,Female,88638.0,Suburban,8.5,1,Truck,7,8,Yes,1,Yes,Low,No,51-60
EV02864,32,Female,48872.0,Urban,21.8,1,SUV,12,5,No,5,Yes,Low,No,31-40
EV02865,43,Male,51780.0,Urban,12.7,1,Sedan,5,11,No,3,Yes,Low,No,41-50
EV02866,59,Female,79400.0,Urban,23.1,2,Sedan,3,15,No,4,Yes,Low,Yes,51-60
EV02867,52,Male,120579.0,Suburban,5.0,4,Sedan,5,6,No,1,Yes,Low,No,51-60
EV02868,25,Female,69078.0,Rural,65.1,1,SUV,1,3,Yes,5,Yes,Low,No,18-30
EV02869,30,Female,67713.0,Suburban,46.5,2,Truck,3,1,No,2,Yes,Medium,No,18-30
EV02870,44,Female,168863.0,Rural,41.5,2,SUV,0,3,Yes,3,Yes,Low,Yes,41-50
EV02871,64,Female,114850.0,Urban,9.4,1,SUV,3,17,Yes,3,Yes,Low,Yes,61-70
EV02872,65,Female,90844.0,Urban,41.2,1,Hatchback,8,11,No,5,Yes,Medium,Yes,61-70
EV02873,33,Male,100628.0,Urban,5.0,3,Hatchback,5,8,Yes,3,Yes,Low,No,31-40
EV02874,38,Female,97648.0,Urban,16.6,3,Truck,6,15,Yes,2,No,Low,No,31-40
EV02875,59,Male,190285.0,Urban,5.0,1,Sedan,10,17,No,1,No,Low,No,51-60
EV02876,61,Male,91361.0,Urban,29.8,1,Hatchback,3,17,No,5,Yes,Low,No,61-70
EV02877,67,Male,142725.0,Suburban,35.6,4,SUV,3,4,Yes,4,Yes,Low,Yes,61-70
EV02878,39,Male,66600.0,Urban,111.4,2,SUV,7,16,Yes,4,No,Low,No,31-40
EV02879,30,Female,162632.0,Urban,54.2,1,Sedan,13,12,Yes,3,Yes,Low,Yes,18-30
EV02880,45,Male,98561.0,Suburban,63.1,3,SUV,7,5,Yes,4,Yes,Low,No,41-50
EV02881,42,Female,141248.0,Urban,75.5,1,SUV,4,3,Yes,5,Yes,Low,Yes,41-50
EV02882,56,Male,134689.0,Urban,40.6,1,SUV,10,13,Yes,1,No,Low,No,51-60
EV02883,68,Male,66439.0,Urban,29.2,1,SUV,9,6,Yes,2,No,Low,No,61-70
EV02884,41,Male,105718.0,Urban,14.3,1,Hatchback,7,15,No,5,Yes,Medium,Yes,41-50
EV02885,59,Female,85663.0,Urban,42.9,1,Hatchback,14,19,Yes,5,Yes,Low,Yes,51-60
EV02886,60,Female,45910.0,Urban,7.9,2,SUV,4,10,No,2,Yes,Low,No,51-60
EV02887,32,Male,111837.0,Suburban,22.2,2,Hatchback,3,2,Yes,2,Yes,Low,No,31-40
EV02888,58,Male,57990.0,Rural,48.4,3,Sedan,2,1,Yes,5,Yes,Low,Yes,51-60
EV02889,48,Female,151315.0,Suburban,6.9,1,Sedan,2,3,Yes,5,No,Low,No,41-50
EV02890,30,Male,98296.0,Rural,54.6,1,SUV,2,0,Yes,3,No,Low,No,18-30
EV02891,50,Female,65738.0,Rural,51.0,2,Sedan,0,0,Yes,3,Yes,Low,No,41-50
EV02892,54,Female,30000.0,Urban,36.8,2,SUV,8,16,No,4,Yes,Low,Yes,51-60
EV02893,69,Female,30000.0,Suburban,39.1,2,Sedan,1,8,Yes,2,No,Low,No,61-70
EV02894,36,Female,89105.0,Suburban,60.8,1,SUV,0,9,Yes,4,Yes,Low,No,31-40
EV02895,64,Female,30000.0,Suburban,82.2,3,Sedan,3,6,Yes,5,Yes,Low,Yes,61-70
EV02896,65,Male,40408.0,Rural,70.1,1,Hatchback,1,1,Yes,4,No,Low,No,61-70
EV02897,43,Female,151054.0,Suburban,44.4,1,Hatchback,0,7,Yes,5,Yes,Low,Yes,41-50
EV02898,56,Female,122486.0,Suburban,60.5,3,Sedan,0,5,Yes,1,Yes,Low,No,51-60
EV02899,40,Male,62745.0,Urban,70.9,1,Truck,3,6,No,5,No,High,No,31-40
EV02900,50,Male,89986.0,Suburban,23.4,2,Sedan,2,5,Yes,3,Yes,Low,No,41-50
EV02901,58,Female,56784.0,Suburban,16.3,2,SUV,5,4,Yes,1,Yes,Low,No,51-60
EV02902,34,Female,94683.0,Suburban,43.6,1,Sedan,5,7,Yes,3,Yes,Low,No,31-40
EV02903,29,Male,93904.0,Suburban,19.4,2,SUV,3,7,Yes,3,No,Low,No,18-30
EV02904,27,Male,43181.0,Suburban,43.9,2,Hatchback,0,3,Yes,5,Yes,Low,Yes,18-30
EV02905,34,Female,68790.0,Urban,62.8,2,SUV,2,4,Yes,5,Yes,Low,No,31-40
EV02906,35,Female,106546.0,Rural,16.3,1,SUV,0,3,Yes,3,No,Low,No,31-40
EV02907,56,Female,64014.0,Suburban,5.0,1,SUV,5,9,No,5,Yes,Low,Yes,51-60
EV02908,49,Male,33053.0,Urban,39.9,2,Sedan,5,19,No,4,No,Low,No,41-50
EV02909,65,Male,133517.0,Urban,44.5,2,Sedan,14,12,No,5,Yes,Low,Yes,61-70
EV02910,51,Male,150425.0,Urban,50.3,2,Hatchback,9,16,No,4,Yes,Low,Yes,51-60
EV02911,61,Female,91125.0,Urban,41.9,4,Sedan,2,7,Yes,1,No,Low,No,61-70
EV02912,62,Female,71548.0,Suburban,61.4,4,Sedan,6,1,Yes,1,Yes,Low,No,61-70
EV02913,54,Female,98796.0,Urban,63.8,1,SUV,13,11,No,4,Yes,Low,Yes,51-60
EV02914,33,Male,54545.0,Suburban,11.0,1,Truck,6,2,Yes,5,Yes,Low,Yes,31-40
EV02915,59,Female,58656.0,Urban,59.4,1,SUV,10,3,Yes,2,No,Low,No,51-60
EV02916,51,Female,113060.0,Suburban,83.7,1,SUV,4,3,No,1,No,Medium,No,51-60
EV02917,51,Male,34852.0,Suburban,5.0,2,Sedan,3,2,Yes,1,No,Low,No,51-60
EV02918,42,Female,95147.0,Urban,36.1,1,Sedan,3,3,No,3,No,Medium,No,41-50
EV02919,39,Male,79830.0,Suburban,5.0,1,SUV,2,2,Yes,5,Yes,Low,Yes,31-40
EV02920,31,Female,123089.0,Urban,31.0,2,SUV,11,12,No,4,Yes,Low,Yes,31-40
EV02921,58,Male,91275.0,Urban,88.3,1,Sedan,8,4,No,1,Yes,Medium,No,51-60
EV02922,66,Male,30000.0,Suburban,46.8,1,SUV,0,6,No,1,Yes,Medium,No,61-70
EV02923,61,Female,134587.0,Suburban,20.5,2,Sedan,5,5,Yes,4,No,Low,No,61-70
EV02924,55,Male,109085.0,Urban,35.7,2,Truck,9,12,No,3,Yes,Low,Yes,51-60
EV02925,41,Female,96403.0,Urban,48.8,2,Hatchback,4,10,Yes,3,No,Low,No,41-50
EV02926,30,Male,30000.0,Suburban,13.5,2,Hatchback,5,9,No,5,Yes,Medium,Yes,18-30
EV02927,54,Female,38126.0,Urban,46.2,1,Sedan,8,16,No,2,Yes,Low,No,51-60
EV02928,36,Female,118379.0,Urban,5.0,1,SUV,4,18,No,4,No,Low,No,31-40
EV02929,67,Female,86353.0,Suburban,31.7,3,SUV,1,2,Yes,2,No,Low,No,61-70
EV02930,41,Male,111139.0,Suburban,44.0,2,Sedan,3,5,Yes,5,Yes,Low,No,41-50
EV02931,59,Male,115326.0,Rural,65.7,1,SUV,0,2,Yes,4,Yes,Medium,Yes,51-60
EV02932,31,Other,84708.0,Urban,52.7,3,Hatchback,14,16,Yes,5,Yes,Low,No,31-40
EV02933,69,Male,106519.0,Rural,95.7,1,Sedan,0,1,No,2,Yes,Medium,No,61-70
EV02934,58,Female,93600.0,Urban,45.8,1,Sedan,9,5,No,1,Yes,Low,No,51-60
EV02935,63,Male,118958.0,Urban,16.4,2,Sedan,14,13,No,2,No,Low,No,61-70
EV02936,41,Male,67027.0,Urban,30.0,3,Sedan,5,15,Yes,2,Yes,Low,No,41-50
EV02937,66,Female,40809.0,Urban,41.7,2,Truck,2,11,No,2,Yes,Low,No,61-70
EV02938,30,Male,88524.0,Rural,21.9,3,SUV,0,0,No,3,Yes,Medium,No,18-30
EV02939,58,Male,108690.0,Urban,7.0,1,SUV,12,13,Yes,4,Yes,Low,No,51-60
EV02940,34,Male,69534.0,Suburban,53.9,4,SUV,6,1,Yes,3,Yes,Low,No,31-40
EV02941,33,Male,61250.0,Urban,45.1,1,SUV,10,14,Yes,1,Yes,Low,No,31-40
EV02942,30,Female,118525.0,Urban,5.0,2,Hatchback,2,14,No,3,No,Low,No,18-30
EV02943,25,Male,152412.0,Suburban,5.0,1,Sedan,0,9,Yes,1,No,Low,No,18-30
EV02944,41,Male,81778.0,Urban,39.7,2,SUV,8,3,No,1,No,Low,No,41-50
EV02945,36,Female,94528.0,Suburban,28.8,1,Hatchback,5,1,Yes,3,No,Low,No,31-40
EV02946,28,Female,84708.0,Urban,5.0,1,SUV,12,10,No,4,Yes,Low,Yes,18-30
EV02947,35,Male,70030.0,Urban,10.5,3,Hatchback,8,16,No,3,Yes,Low,No,31-40
EV02948,40,Female,30000.0,Rural,27.3,2,Sedan,2,0,Yes,1,Yes,Low,No,31-40
EV02949,60,Male,64482.0,Urban,13.0,4,SUV,9,16,No,4,Yes,Low,Yes,51-60
EV02950,45,Female,73201.0,Urban,29.4,3,Sedan,3,5,No,1,Yes,Medium,No,41-50
EV02951,55,Female,78871.0,Suburban,38.5,1,Sedan,0,8,Yes,5,Yes,Low,Yes,51-60
EV02952,28,Male,123821.0,Suburban,5.0,1,Sedan,7,4,Yes,2,Yes,Low,No,18-30
EV02953,64,Male,30000.0,Suburban,77.6,2,Sedan,6,7,No,3,Yes,Medium,No,61-70
EV02954,65,Male,43998.0,Suburban,23.5,2,Sedan,0,6,No,4,No,Low,No,61-70
EV02955,37,Male,102589.0,Urban,9.5,4,Sedan,8,10,No,5,No,Low,Yes,31-40
EV02956,36,Female,104201.0,Suburban,38.3,2,Sedan,0,1,Yes,4,Yes,Low,Yes,31-40
EV02957,68,Male,122806.0,Suburban,40.2,2,Sedan,5,8,Yes,4,Yes,Low,Yes,61-70
EV02958,26,Male,99280.0,Urban,5.0,1,SUV,5,6,No,4,Yes,Low,No,18-30
EV02959,31,Female,45300.0,Suburban,45.7,2,Sedan,6,1,No,4,Yes,Medium,No,31-40
EV02960,41,Female,51081.0,Urban,51.2,3,Sedan,7,7,No,3,Yes,Medium,No,41-50
EV02961,65,Male,57185.0,Suburban,34.2,1,SUV,5,1,Yes,3,Yes,Low,No,61-70
EV02962,40,Female,94151.0,Rural,42.7,2,Sedan,2,1,Yes,3,No,Low,No,31-40
EV02963,39,Male,80673.0,Suburban,32.5,2,SUV,0,5,Yes,2,Yes,Low,Yes,31-40
EV02964,69,Female,99801.0,Suburban,65.2,1,SUV,6,1,No,1,No,High,No,61-70
EV02965,30,Male,71575.0,Suburban,59.1,1,Sedan,4,7,Yes,5,No,Low,No,18-30
EV02966,45,Male,118068.0,Urban,48.4,1,SUV,9,7,No,1,No,Medium,No,41-50
EV02967,29,Male,77900.0,Urban,64.8,2,Hatchback,6,16,No,5,No,Medium,No,18-30
EV02968,40,Female,36202.0,Suburban,42.1,2,Sedan,3,8,Yes,4,No,Low,No,31-40
EV02969,55,Female,31108.0,Urban,124.3,1,Sedan,12,12,No,3,Yes,High,No,51-60
EV02970,53,Male,123375.0,Suburban,27.0,1,SUV,2,8,Yes,1,Yes,Low,No,51-60
EV02971,38,Female,127763.0,Rural,37.4,1,Sedan,1,2,Yes,1,No,Low,No,31-40
EV02972,59,Male,30000.0,Urban,83.1,2,Hatchback,6,17,No,4,No,Medium,No,51-60
EV02973,44,Male,44929.0,Urban,41.2,2,Hatchback,7,15,No,4,No,Low,No,41-50
EV02974,58,Male,119620.0,Urban,63.8,1,Sedan,13,17,No,2,Yes,Low,No,51-60
EV02975,68,Male,127906.0,Urban,50.2,2,Hatchback,12,15,No,1,Yes,Low,No,61-70
EV02976,34,Female,40800.0,Urban,54.3,2,SUV,3,17,Yes,1,No,Low,No,31-40
EV02977,26,Male,69327.0,Urban,40.0,2,Sedan,7,3,No,1,Yes,Low,No,18-30
EV02978,55,Female,37142.0,Urban,33.2,1,Hatchback,2,14,Yes,3,Yes,Low,No,51-60
EV02979,41,Male,80642.0,Suburban,5.0,2,Truck,2,6,No,2,Yes,Medium,No,41-50
EV02980,31,Female,87948.0,Rural,51.8,1,SUV,2,3,Yes,2,Yes,Low,No,31-40
EV02981,57,Other,30000.0,Urban,35.7,2,SUV,2,6,No,2,No,Low,No,51-60
EV02982,59,Female,62756.0,Suburban,16.2,4,Sedan,3,5,No,4,Yes,Low,No,51-60
EV02983,56,Female,136740.0,Suburban,34.1,1,Sedan,3,5,Yes,2,No,Low,No,51-60
EV02984,41,Female,38891.0,Urban,7.0,2,SUV,11,11,Yes,1,No,Low,No,41-50
EV02985,48,Male,74033.0,Suburban,56.4,2,SUV,2,9,No,3,No,Medium,No,41-50
EV02986,65,Male,128889.0,Suburban,22.3,1,Truck,6,5,Yes,1,Yes,Low,No,61-70
EV02987,66,Male,126964.0,Rural,36.2,1,Truck,2,3,Yes,5,Yes,Low,Yes,61-70
EV02988,45,Female,74248.0,Urban,27.7,1,Hatchback,13,16,No,4,No,Low,No,41-50
EV02989,65,Female,86204.0,Suburban,43.9,2,SUV,6,7,Yes,2,No,Low,No,61-70
EV02990,47,Male,63802.0,Urban,100.4,2,Sedan,5,3,No,5,No,Medium,No,41-50
EV02991,53,Other,129787.0,Urban,40.2,2,SUV,6,18,Yes,1,Yes,Low,No,51-60
EV02992,66,Female,73538.0,Rural,54.0,2,Truck,0,1,Yes,5,Yes,Low,No,61-70
EV02993,30,Female,30000.0,Urban,57.9,2,Sedan,4,19,No,4,No,Low,No,18-30
EV02994,69,Male,93595.0,Urban,40.2,2,Truck,8,9,No,5,No,High,No,61-70
EV02995,46,Male,99295.0,Urban,40.5,2,SUV,12,11,Yes,1,Yes,Low,Yes,41-50
EV02996,69,Male,81954.0,Suburban,40.2,4,SUV,2,4,No,1,Yes,Low,No,61-70
EV02997,69,Male,100024.0,Rural,31.7,4,Sedan,2,3,Yes,1,Yes,Low,No,61-70
EV02998,36,Female,146587.0,Urban,33.0,1,Sedan,11,3,No,5,Yes,Low,Yes,31-40
EV02999,57,Female,76757.0,Urban,55.6,2,Sedan,13,10,No,4,Yes,Low,Yes,51-60
EV03000,54,Female,30000.0,Suburban,33.5,2,Hatchback,0,1,No,5,Yes,Medium,No,51-60
EV03001,59,Female,82832.0,Suburban,42.7,1,Hatchback,1,2,Yes,4,Yes,Low,Yes,51-60
EV03002,40,Female,77543.0,Suburban,42.2,2,SUV,1,2,No,3,Yes,Medium,No,31-40
EV03003,39,Male,77318.0,Suburban,43.2,2,Sedan,2,7,Yes,2,Yes,Low,No,31-40
EV03004,55,Male,103776.0,Suburban,8.7,3,Sedan,6,3,Yes,1,No,Low,No,51-60
EV03005,44,Male,133621.0,Suburban,33.5,2,SUV,3,8,No,2,Yes,Medium,No,41-50
EV03006,41,Female,120587.0,Urban,41.7,1,SUV,3,7,Yes,5,Yes,Low,Yes,41-50
EV03007,68,Male,60285.0,Urban,46.0,1,Hatchback,14,16,No,3,No,Low,No,61-70
EV03008,46,Male,71817.0,Urban,60.4,4,Hatchback,12,19,No,5,Yes,Medium,No,41-50
EV03009,51,Female,30000.0,Urban,37.8,2,Hatchback,8,9,No,2,Yes,Medium,No,51-60
EV03010,43,Male,90330.0,Suburban,55.1,2,SUV,5,9,No,2,No,Medium,No,41-50
EV03011,39,Female,137634.0,Urban,35.2,1,Sedan,8,10,No,3,Yes,Medium,Yes,31-40
EV03012,54,Male,30000.0,Rural,5.0,1,Sedan,2,1,Yes,3,No,Low,No,51-60
EV03013,25,Female,65085.0,Suburban,5.0,2,Truck,0,4,Yes,2,No,Low,No,18-30
EV03014,52,Male,54134.0,Urban,5.0,2,SUV,2,3,No,2,Yes,Low,No,51-60
EV03015,26,Male,74472.0,Suburban,19.4,2,Hatchback,2,8,Yes,4,No,Low,No,18-30
EV03016,59,Female,55548.0,Urban,34.3,3,Sedan,14,12,No,1,No,Low,No,51-60
EV03017,52,Female,70597.0,Suburban,17.0,2,Sedan,7,8,No,5,Yes,Medium,No,51-60
EV03018,28,Male,85613.0,Rural,18.8,2,SUV,2,0,Yes,5,No,Low,No,18-30
EV03019,28,Female,109964.0,Suburban,66.3,2,Truck,2,6,Yes,2,No,Low,No,18-30
EV03020,25,Female,87961.0,Urban,11.5,2,SUV,5,16,No,2,Yes,Medium,No,18-30
EV03021,35,Female,36253.0,Urban,20.0,4,Hatchback,5,15,Yes,3,Yes,Low,No,31-40
EV03022,69,Male,57207.0,Suburban,61.1,4,Hatchback,1,6,Yes,4,Yes,Low,No,61-70
EV03023,61,Male,89893.0,Suburban,50.2,2,Sedan,4,9,Yes,3,No,Low,No,61-70
EV03024,36,Male,120207.0,Suburban,54.8,2,Sedan,1,5,Yes,4,Yes,Low,Yes,31-40
EV03025,55,Female,30504.0,Urban,40.2,1,SUV,8,16,No,2,Yes,Low,No,51-60
EV03026,30,Male,131068.0,Suburban,34.6,3,SUV,7,4,No,2,Yes,Medium,No,18-30
EV03027,54,Male,83960.0,Suburban,40.8,3,Sedan,7,4,Yes,2,Yes,Low,No,51-60
EV03028,48,Female,90446.0,Urban,35.4,1,Sedan,10,7,No,2,No,Low,No,41-50
EV03029,28,Female,44570.0,Suburban,41.9,1,SUV,6,2,Yes,4,Yes,Low,Yes,18-30
EV03030,35,Male,46215.0,Rural,42.7,1,Sedan,2,0,Yes,4,No,Low,No,31-40
EV03031,29,Male,66344.0,Suburban,5.2,1,Sedan,2,5,Yes,3,Yes,Low,No,18-30
EV03032,41,Female,97082.0,Suburban,49.4,2,Hatchback,2,9,Yes,1,Yes,Low,No,41-50
EV03033,44,Male,142466.0,Suburban,67.1,1,Hatchback,0,7,Yes,4,Yes,Low,Yes,41-50
EV03034,28,Male,79449.0,Urban,33.2,2,Sedan,3,4,Yes,1,No,Low,No,18-30
EV03035,31,Male,78292.0,Suburban,79.0,2,Sedan,5,4,Yes,2,No,Low,No,31-40
EV03036,57,Male,84229.0,Suburban,48.8,1,Sedan,4,9,No,2,Yes,Low,No,51-60
EV03037,62,Female,107799.0,Urban,58.5,1,SUV,9,16,Yes,1,Yes,Low,No,61-70
EV03038,52,Female,42155.0,Suburban,50.8,3,SUV,0,4,Yes,5,Yes,Low,Yes,51-60
EV03039,36,Female,75830.0,Suburban,50.8,2,Sedan,1,1,Yes,1,Yes,Low,No,31-40
EV03040,66,Male,72270.0,Suburban,5.0,1,Hatchback,6,3,Yes,1,Yes,Low,No,61-70
EV03041,37,Female,90702.0,Urban,29.3,2,Sedan,8,4,Yes,2,No,Low,No,31-40
EV03042,28,Male,167185.0,Urban,67.1,2,Sedan,2,12,Yes,2,Yes,Low,Yes,18-30
EV03043,59,Female,85454.0,Urban,54.0,2,Sedan,14,10,No,1,No,Low,No,51-60
EV03044,68,Male,56168.0,Suburban,18.5,1,SUV,6,6,No,4,Yes,Medium,No,61-70
EV03045,28,Female,74927.0,Suburban,67.3,2,Sedan,3,9,Yes,3,No,Low,No,18-30
EV03046,66,Female,115809.0,Urban,37.4,1,SUV,7,5,Yes,5,No,Low,Yes,61-70
EV03047,47,Female,79363.0,Suburban,15.9,1,Sedan,3,2,Yes,5,No,Low,No,41-50
EV03048,40,Other,45431.0,Urban,47.1,2,Sedan,14,14,No,5,Yes,Low,No,31-40
EV03049,49,Female,118170.0,Urban,45.1,1,Truck,4,4,No,2,No,Low,No,41-50
EV03050,45,Female,71018.0,Suburban,25.1,1,Sedan,6,6,Yes,1,No,Low,No,41-50
EV03051,32,Male,58534.0,Suburban,59.7,3,SUV,6,9,Yes,2,No,Low,No,31-40
EV03052,51,Female,130815.0,Urban,53.1,3,SUV,5,11,Yes,2,Yes,Low,Yes,51-60
EV03053,27,Female,79672.0,Urban,86.7,2,Sedan,12,7,No,5,No,Medium,No,18-30
EV03054,52,Female,98064.0,Urban,44.3,4,SUV,10,14,No,3,No,Low,No,51-60
EV03055,69,Other,147643.0,Urban,27.0,2,Sedan,6,5,No,2,No,Low,No,61-70
EV03056,37,Male,30000.0,Urban,59.8,3,Sedan,11,9,Yes,1,Yes,Low,No,31-40
EV03057,52,Male,49136.0,Urban,50.8,3,Sedan,13,18,Yes,4,No,Low,No,51-60
EV03058,27,Female,103281.0,Suburban,17.1,2,SUV,1,2,Yes,5,No,Low,No,18-30
EV03059,56,Male,106206.0,Rural,28.9,2,Hatchback,2,1,Yes,2,Yes,Low,No,51-60
EV03060,35,Female,102773.0,Rural,34.1,2,Sedan,1,0,Yes,4,Yes,Low,Yes,31-40
EV03061,27,Male,60467.0,Urban,24.7,1,Sedan,11,13,No,4,Yes,Medium,No,18-30
EV03062,27,Female,143947.0,Urban,45.8,3,SUV,14,14,No,5,Yes,Low,Yes,18-30
EV03063,45,Female,101494.0,Rural,56.6,2,SUV,0,3,Yes,3,Yes,Low,No,41-50
EV03064,29,Female,40065.0,Suburban,21.9,2,SUV,2,7,Yes,3,No,Low,No,18-30
EV03065,40,Female,82483.0,Urban,63.3,2,Hatchback,6,3,No,5,No,Medium,No,31-40
EV03066,66,Male,50716.0,Suburban,16.8,2,SUV,2,3,Yes,2,Yes,Low,No,61-70
EV03067,52,Male,32084.0,Suburban,43.3,1,Sedan,6,5,No,1,No,Medium,No,51-60
EV03068,26,Female,46345.0,Urban,22.9,2,Sedan,3,16,Yes,3,Yes,Low,No,18-30
EV03069,32,Male,127283.0,Urban,81.0,2,Sedan,13,19,Yes,1,Yes,Low,No,31-40
EV03070,41,Other,139464.0,Suburban,73.1,3,Hatchback,3,3,Yes,4,No,Low,No,41-50
EV03071,48,Female,66751.0,Urban,42.5,1,SUV,4,8,Yes,4,Yes,Low,Yes,41-50
EV03072,47,Female,117572.0,Rural,57.1,1,Sedan,2,3,Yes,4,Yes,Low,Yes,41-50
EV03073,36,Female,56416.0,Urban,104.3,1,Sedan,10,16,No,1,No,Medium,No,31-40
EV03074,57,Female,77007.0,Suburban,37.7,1,Hatchback,2,9,Yes,4,Yes,Low,No,51-60
EV03075,42,Female,106309.0,Suburban,12.7,2,Hatchback,0,5,Yes,4,Yes,Low,Yes,41-50
EV03076,51,Male,113038.0,Suburban,12.0,1,Sedan,4,3,Yes,3,No,Low,No,51-60
EV03077,29,Male,67918.0,Suburban,37.2,1,Sedan,3,7,Yes,4,Yes,Low,Yes,18-30
EV03078,27,Female,144851.0,Suburban,8.9,2,Sedan,4,4,Yes,2,No,Low,No,18-30
EV03079,65,Male,74366.0,Urban,61.3,4,Truck,3,10,No,5,No,Medium,No,61-70
EV03080,66,Female,64097.0,Suburban,40.2,1,SUV,6,9,Yes,4,No,Low,No,61-70
EV03081,44,Female,87061.0,Urban,25.2,2,SUV,7,6,Yes,1,No,Low,No,41-50
EV03082,63,Male,87833.0,Urban,47.9,2,SUV,3,6,No,2,Yes,Medium,No,61-70
EV03083,66,Female,93856.0,Suburban,70.0,2,Sedan,5,1,Yes,5,No,Low,No,61-70
EV03084,56,Male,41379.0,Urban,55.2,2,Sedan,8,12,Yes,4,No,Low,No,51-60
EV03085,58,Female,138227.0,Urban,53.6,1,Hatchback,14,6,No,2,No,Low,No,51-60
EV03086,57,Female,30000.0,Rural,56.6,2,Sedan,0,3,Yes,3,Yes,Low,No,51-60
EV03087,52,Female,79087.0,Suburban,24.4,2,Sedan,1,2,Yes,3,Yes,Low,No,51-60
EV03088,38,Female,30000.0,Suburban,37.1,2,SUV,7,5,Yes,3,No,Low,No,31-40
EV03089,64,Female,101062.0,Rural,39.0,2,Sedan,1,0,Yes,5,Yes,Low,Yes,61-70
EV03090,46,Female,87953.0,Urban,26.8,2,Sedan,13,4,No,3,No,Low,No,41-50
EV03091,63,Other,80142.0,Urban,20.1,2,Sedan,10,18,No,4,No,Low,No,61-70
EV03092,25,Female,98495.0,Urban,56.8,2,Truck,7,10,No,4,No,Low,No,18-30
EV03093,26,Female,97250.0,Suburban,5.0,1,Hatchback,5,1,No,1,Yes,Low,No,18-30
EV03094,36,Male,80186.0,Suburban,47.2,3,SUV,3,8,Yes,1,No,Low,No,31-40
EV03095,33,Male,87658.0,Rural,31.3,2,SUV,2,3,No,3,Yes,High,No,31-40
EV03096,30,Male,42518.0,Suburban,83.7,1,Hatchback,1,4,Yes,1,Yes,Low,No,18-30
EV03097,30,Male,84708.0,Urban,48.0,3,SUV,4,17,No,3,No,Low,No,18-30
EV03098,29,Female,89877.0,Urban,36.1,1,Truck,2,7,Yes,2,Yes,Low,No,18-30
EV03099,55,Male,85102.0,Rural,21.2,1,SUV,1,1,No,1,Yes,Low,No,51-60
EV03100,42,Male,75544.0,Urban,31.7,1,Sedan,9,16,No,4,No,Low,No,41-50
EV03101,60,Male,110640.0,Urban,24.4,2,SUV,12,14,No,1,Yes,Low,Yes,51-60
EV03102,25,Female,61845.0,Rural,38.7,4,Truck,0,2,No,2,No,High,No,18-30
EV03103,48,Male,83633.0,Rural,81.5,4,SUV,0,1,Yes,5,Yes,Low,Yes,41-50
EV03104,33,Male,52615.0,Suburban,70.1,4,SUV,1,3,Yes,3,Yes,Low,No,31-40
EV03105,65,Male,94032.0,Suburban,95.5,1,Sedan,4,8,No,1,No,High,No,61-70
EV03106,39,Male,139318.0,Urban,5.0,1,Sedan,5,3,Yes,5,No,Low,No,31-40
EV03107,32,Male,107330.0,Urban,59.0,2,Sedan,9,9,Yes,3,No,Low,No,31-40
EV03108,57,Female,83953.0,Suburban,64.6,1,Sedan,0,3,Yes,1,Yes,Low,No,51-60
EV03109,57,Male,74382.0,Suburban,72.2,1,Hatchback,4,3,Yes,1,No,Low,No,51-60
EV03110,63,Male,87504.0,Urban,19.5,2,Sedan,2,15,No,2,Yes,Low,No,61-70
EV03111,41,Female,57450.0,Suburban,45.8,3,Sedan,0,8,No,2,Yes,Low,No,41-50
EV03112,31,Female,64788.0,Suburban,33.9,2,Truck,5,9,Yes,3,Yes,Low,No,31-40
EV03113,43,Female,150235.0,Urban,38.0,1,SUV,5,10,No,3,No,Low,Yes,41-50
EV03114,28,Male,70387.0,Suburban,37.1,1,SUV,3,4,No,3,No,Medium,No,18-30
EV03115,43,Male,85512.0,Urban,24.6,2,SUV,10,14,Yes,4,Yes,Low,Yes,41-50
EV03116,67,Female,103219.0,Suburban,41.8,2,Sedan,3,5,Yes,2,No,Low,No,61-70
EV03117,60,Male,41018.0,Suburban,32.5,1,SUV,2,1,Yes,5,No,Low,No,51-60
EV03118,55,Male,52411.0,Urban,71.0,3,SUV,11,13,No,2,Yes,Low,No,51-60
EV03119,53,Male,88795.0,Urban,26.8,2,Sedan,3,9,No,5,No,Low,No,51-60
EV03120,34,Female,64019.0,Rural,53.3,1,SUV,1,0,Yes,3,Yes,Low,No,31-40
EV03121,69,Male,104546.0,Rural,77.8,3,SUV,1,3,No,3,No,High,No,61-70
EV03122,37,Male,30000.0,Urban,31.0,2,Truck,12,14,No,3,Yes,Low,No,31-40
EV03123,52,Female,108147.0,Urban,24.7,1,Sedan,6,9,Yes,4,No,Low,No,51-60
EV03124,29,Female,78122.0,Urban,45.7,1,Sedan,8,15,No,3,Yes,Low,No,18-30
EV03125,43,Female,65211.0,Suburban,22.9,2,SUV,7,7,No,2,No,Low,No,41-50
EV03126,68,Male,67118.0,Urban,49.6,1,Truck,11,18,No,1,Yes,Low,No,61-70
EV03127,62,Male,105863.0,Rural,26.8,4,Sedan,0,0,No,2,Yes,Medium,No,61-70
EV03128,66,Male,30000.0,Urban,36.9,1,Sedan,6,8,No,2,Yes,Medium,No,61-70
EV03129,45,Female,110100.0,Urban,56.0,3,Sedan,4,12,Yes,3,No,Low,No,41-50
EV03130,40,Male,124146.0,Urban,61.4,2,Sedan,10,8,No,4,No,Low,No,31-40
EV03131,57,Male,141358.0,Urban,87.0,3,Sedan,11,10,No,3,Yes,Low,Yes,51-60
EV03132,59,Male,85040.0,Suburban,7.3,1,SUV,3,4,Yes,5,Yes,Low,No,51-60
EV03133,64,Male,71259.0,Urban,34.6,1,Truck,2,4,No,1,No,Medium,No,61-70
EV03134,44,Female,101882.0,Rural,5.0,2,Sedan,2,1,No,2,Yes,Low,No,41-50
EV03135,47,Male,30000.0,Rural,24.0,3,Truck,0,0,Yes,1,Yes,Low,No,41-50
EV03136,65,Male,84708.0,Urban,39.7,2,Hatchback,13,16,No,5,Yes,Low,Yes,61-70
EV03137,54,Female,67839.0,Urban,6.6,2,Sedan,13,14,Yes,1,Yes,Low,No,51-60
EV03138,61,Female,57433.0,Suburban,23.6,3,SUV,6,9,Yes,1,Yes,Low,No,61-70
EV03139,50,Female,157600.0,Suburban,50.4,3,SUV,0,3,Yes,1,Yes,Low,No,41-50
EV03140,25,Female,107731.0,Suburban,40.2,1,SUV,4,9,Yes,1,Yes,Low,Yes,18-30
EV03141,60,Male,30000.0,Suburban,60.8,1,Sedan,5,4,Yes,3,Yes,Low,No,51-60
EV03142,56,Female,128183.0,Urban,23.9,3,Hatchback,9,7,Yes,5,Yes,Low,Yes,51-60
EV03143,49,Female,101411.0,Suburban,61.9,3,Hatchback,4,4,No,1,No,Medium,No,41-50
EV03144,66,Female,110725.0,Rural,28.9,3,Hatchback,0,3,Yes,5,Yes,Low,Yes,61-70
EV03145,55,Male,111355.0,Suburban,17.3,2,Sedan,5,3,Yes,4,No,Low,No,51-60
EV03146,69,Female,61726.0,Suburban,50.5,1,SUV,3,7,Yes,2,Yes,Low,No,61-70
EV03147,43,Female,65925.0,Suburban,11.1,3,SUV,3,9,No,2,No,Low,No,41-50
EV03148,67,Female,137301.0,Urban,52.5,1,Sedan,5,19,No,3,No,Low,No,61-70
EV03149,67,Female,84440.0,Urban,59.6,3,Sedan,5,13,Yes,2,Yes,Low,No,61-70
EV03150,27,Other,115709.0,Suburban,32.0,1,SUV,3,3,No,1,Yes,High,No,18-30
EV03151,66,Male,62118.0,Suburban,70.5,1,SUV,0,4,Yes,4,Yes,Low,Yes,61-70
EV03152,35,Male,69396.0,Urban,47.8,1,Hatchback,11,10,No,5,No,Low,No,31-40
EV03153,48,Female,78124.0,Suburban,32.9,1,Hatchback,7,2,No,2,No,Low,No,41-50
EV03154,38,Female,56563.0,Rural,39.4,2,Truck,0,0,Yes,4,No,Low,No,31-40
EV03155,51,Male,128352.0,Urban,76.7,1,Sedan,13,5,No,3,Yes,Medium,No,51-60
EV03156,35,Male,123268.0,Urban,6.9,2,SUV,7,3,No,5,No,Low,No,31-40
EV03157,61,Male,73808.0,Urban,5.6,2,Sedan,4,15,No,1,Yes,Low,No,61-70
EV03158,42,Female,109475.0,Rural,5.0,1,SUV,2,2,Yes,1,Yes,Low,No,41-50
EV03159,29,Female,86306.0,Suburban,34.7,3,SUV,0,9,Yes,5,Yes,Low,Yes,18-30
EV03160,61,Male,72421.0,Urban,37.5,1,Hatchback,11,9,Yes,3,No,Low,No,61-70
EV03161,25,Male,58555.0,Rural,71.9,2,SUV,1,0,Yes,1,Yes,Low,No,18-30
EV03162,28,Female,72804.0,Suburban,40.2,3,Truck,1,8,Yes,3,Yes,Low,No,18-30
EV03163,54,Male,84708.0,Suburban,22.2,2,SUV,4,3,Yes,5,Yes,Low,No,51-60
EV03164,27,Male,56509.0,Rural,27.8,1,Sedan,0,2,Yes,1,No,Low,No,18-30
EV03165,55,Male,118089.0,Urban,5.0,3,SUV,6,12,Yes,4,No,Low,No,51-60
EV03166,55,Male,116889.0,Urban,111.5,1,SUV,3,4,No,4,No,High,No,51-60
EV03167,41,Other,122303.0,Urban,37.7,4,Sedan,7,14,No,4,Yes,Medium,No,41-50
EV03168,31,Male,37639.0,Suburban,88.0,1,Sedan,3,1,Yes,2,Yes,Low,No,31-40
EV03169,40,Male,108883.0,Suburban,38.6,2,Truck,4,5,Yes,1,Yes,Low,No,31-40
EV03170,61,Male,109917.0,Suburban,75.8,3,Sedan,6,3,Yes,4,No,Low,No,61-70
EV03171,58,Female,97379.0,Suburban,42.7,2,SUV,1,4,Yes,3,Yes,Low,Yes,51-60
EV03172,63,Male,90950.0,Urban,23.4,1,Hatchback,9,19,No,5,Yes,Low,Yes,61-70
EV03173,37,Male,81271.0,Urban,45.6,2,Sedan,11,13,Yes,3,No,Low,No,31-40
EV03174,50,Male,113232.0,Suburban,27.7,1,SUV,5,1,Yes,4,No,Low,No,41-50
EV03175,54,Female,105194.0,Rural,31.4,2,Sedan,2,1,Yes,4,Yes,Low,No,51-60
EV03176,32,Female,99914.0,Urban,13.3,2,SUV,5,7,No,1,Yes,Low,No,31-40
EV03177,52,Female,93232.0,Urban,61.2,1,Truck,12,14,No,1,Yes,Low,No,51-60
EV03178,42,Female,69726.0,Suburban,36.5,1,Sedan,1,1,No,3,No,High,No,41-50
EV03179,69,Male,79524.0,Suburban,56.5,2,SUV,7,3,Yes,5,Yes,Low,Yes,61-70
EV03180,38,Male,30000.0,Urban,43.2,1,SUV,2,10,Yes,5,Yes,Low,Yes,31-40
EV03181,50,Female,104179.0,Suburban,15.5,1,Hatchback,3,6,Yes,2,No,Low,No,41-50
EV03182,49,Female,92697.0,Urban,43.4,2,Sedan,8,13,No,3,Yes,Low,No,41-50
EV03183,47,Female,90669.0,Suburban,50.9,3,Sedan,7,9,Yes,2,No,Low,No,41-50
EV03184,29,Male,63985.0,Suburban,10.1,1,SUV,1,6,Yes,3,Yes,Low,Yes,18-30
EV03185,29,Female,76452.0,Suburban,5.0,2,Truck,4,2,Yes,3,Yes,Low,No,18-30
EV03186,35,Female,121232.0,Urban,9.5,1,SUV,9,16,Yes,5,Yes,Low,Yes,31-40
EV03187,34,Female,41026.0,Urban,68.7,2,SUV,7,15,No,5,No,Low,No,31-40
EV03188,65,Male,34781.0,Suburban,60.2,2,SUV,5,1,Yes,5,No,Low,No,61-70
EV03189,41,Male,78571.0,Urban,52.2,1,Sedan,5,6,Yes,3,No,Low,No,41-50
EV03190,57,Female,59262.0,Rural,56.0,1,Truck,1,3,Yes,5,Yes,Low,No,51-60
EV03191,67,Female,84708.0,Urban,66.2,2,SUV,10,15,No,2,No,Medium,No,61-70
EV03192,67,Other,81110.0,Rural,32.6,2,Truck,0,1,Yes,3,Yes,Low,No,61-70
EV03193,49,Male,98725.0,Urban,39.8,1,Sedan,3,12,No,5,Yes,Low,Yes,41-50
EV03194,60,Male,30000.0,Urban,19.5,1,SUV,6,16,Yes,4,No,Low,No,51-60
EV03195,52,Male,140649.0,Suburban,49.5,3,Truck,3,2,No,4,Yes,Medium,Yes,51-60
EV03196,48,Female,91813.0,Urban,35.3,1,SUV,7,17,No,3,No,Low,No,41-50
EV03197,29,Male,75255.0,Urban,46.9,1,SUV,4,8,No,4,No,Low,No,18-30
EV03198,36,Female,91446.0,Rural,76.9,3,Sedan,0,1,No,1,Yes,High,No,31-40
EV03199,51,Male,65823.0,Urban,18.9,2,Hatchback,5,12,No,2,No,Low,No,51-60
EV03200,59,Male,118481.0,Suburban,45.1,4,Sedan,4,4,Yes,4,No,Low,No,51-60
EV03201,53,Male,151014.0,Urban,37.5,1,SUV,10,13,No,1,Yes,Low,No,51-60
EV03202,42,Female,109719.0,Suburban,55.4,1,SUV,3,4,Yes,3,Yes,Low,Yes,41-50
EV03203,57,Male,127899.0,Urban,5.0,1,Truck,2,14,Yes,2,No,Low,No,51-60
EV03204,29,Female,69435.0,Suburban,79.1,1,Hatchback,2,9,Yes,5,No,Low,No,18-30
EV03205,42,Female,83363.0,Urban,28.4,2,Sedan,3,19,No,1,No,Low,No,41-50
EV03206,51,Male,34515.0,Suburban,59.8,1,Hatchback,3,7,Yes,2,No,Low,No,51-60
EV03207,39,Male,42588.0,Urban,25.3,1,Sedan,3,19,No,5,Yes,Low,No,31-40
EV03208,35,Male,60770.0,Urban,52.2,1,SUV,6,12,No,4,Yes,Low,No,31-40
EV03209,49,Female,57432.0,Urban,73.5,3,Truck,8,15,Yes,3,No,Low,No,41-50
EV03210,43,Male,75370.0,Urban,63.9,1,SUV,5,19,No,1,Yes,Low,No,41-50
EV03211,40,Male,117097.0,Urban,43.3,1,SUV,11,6,No,2,Yes,Medium,No,31-40
EV03212,51,Female,81771.0,Urban,63.7,1,Sedan,4,3,Yes,5,Yes,Low,Yes,51-60
EV03213,28,Male,117267.0,Urban,28.3,2,SUV,6,3,Yes,1,Yes,Low,No,18-30
EV03214,42,Female,32578.0,Suburban,23.5,2,Sedan,6,9,Yes,1,Yes,Low,No,41-50
EV03215,45,Male,204784.0,Urban,62.0,1,Sedan,5,4,Yes,1,Yes,Low,Yes,41-50
EV03216,28,Male,78074.0,Urban,79.0,2,Sedan,14,3,No,1,Yes,High,No,18-30
EV03217,69,Male,93084.0,Suburban,5.0,1,SUV,1,2,Yes,4,Yes,Low,Yes,61-70
EV03218,52,Male,124296.0,Urban,41.4,2,Sedan,10,11,Yes,3,Yes,Low,Yes,51-60
EV03219,41,Female,93314.0,Suburban,61.6,1,SUV,1,7,Yes,1,Yes,Low,Yes,41-50
EV03220,34,Female,61973.0,Rural,16.2,3,Sedan,2,2,Yes,3,Yes,Low,No,31-40
EV03221,51,Male,101113.0,Suburban,11.3,3,Sedan,1,8,Yes,3,Yes,Low,Yes,51-60
EV03222,64,Male,30000.0,Suburban,43.7,1,SUV,0,6,Yes,3,Yes,Low,No,61-70
EV03223,56,Male,111033.0,Urban,42.7,1,Sedan,3,19,Yes,4,Yes,Low,Yes,51-60
EV03224,57,Male,68930.0,Urban,54.9,3,Hatchback,3,7,No,3,Yes,Medium,No,51-60
EV03225,26,Female,137733.0,Suburban,50.4,1,SUV,4,9,Yes,3,Yes,Low,Yes,18-30
EV03226,42,Female,42027.0,Suburban,24.4,1,Hatchback,3,6,Yes,2,Yes,Low,No,41-50
EV03227,47,Male,80437.0,Rural,38.6,1,SUV,2,0,Yes,5,No,Low,No,41-50
EV03228,48,Female,103351.0,Rural,70.7,1,SUV,2,2,No,3,No,Medium,No,41-50
EV03229,47,Male,81876.0,Suburban,75.9,2,SUV,0,1,Yes,3,Yes,Medium,No,41-50
EV03230,48,Male,69022.0,Rural,40.2,4,Sedan,2,2,Yes,1,No,Low,No,41-50
EV03231,42,Male,89543.0,Suburban,5.0,1,Hatchback,2,4,Yes,2,Yes,Low,No,41-50
EV03232,50,Female,127633.0,Urban,40.7,3,Sedan,5,4,Yes,1,No,Low,No,41-50
EV03233,51,Female,57974.0,Rural,27.1,3,Hatchback,1,3,Yes,3,Yes,Low,No,51-60
EV03234,67,Male,37942.0,Urban,15.0,2,SUV,3,5,No,3,Yes,Low,No,61-70
EV03235,64,Female,70922.0,Rural,49.1,3,SUV,1,3,Yes,5,Yes,Low,Yes,61-70
EV03236,25,Female,57308.0,Suburban,70.1,1,Hatchback,6,5,Yes,1,No,Low,No,18-30
EV03237,36,Male,78447.0,Urban,66.0,2,Sedan,6,11,No,3,No,Medium,No,31-40
EV03238,41,Male,109797.0,Urban,55.1,1,Hatchback,3,10,Yes,1,Yes,Low,No,41-50
EV03239,35,Male,121716.0,Suburban,56.9,2,Hatchback,7,6,Yes,5,No,Low,Yes,31-40
EV03240,27,Male,61366.0,Urban,58.1,2,SUV,8,3,No,1,Yes,Medium,No,18-30
EV03241,54,Male,103507.0,Urban,25.0,2,SUV,7,8,Yes,3,No,Low,No,51-60
EV03242,52,Male,43011.0,Urban,49.0,4,Hatchback,7,12,No,1,No,Low,No,51-60
EV03243,66,Male,97980.0,Urban,31.5,2,Sedan,11,19,No,5,No,Low,No,61-70
EV03244,27,Other,87070.0,Urban,23.3,3,Sedan,3,8,No,4,Yes,Low,No,18-30
EV03245,51,Male,101793.0,Rural,10.2,1,SUV,2,0,Yes,3,Yes,Low,No,51-60
EV03246,61,Male,53776.0,Urban,45.7,1,Truck,4,14,Yes,5,No,Low,Yes,61-70
EV03247,69,Male,73212.0,Suburban,54.2,2,SUV,7,8,Yes,4,Yes,Low,No,61-70
EV03248,35,Male,131181.0,Suburban,65.5,4,Sedan,1,1,Yes,4,Yes,Low,Yes,31-40
EV03249,47,Male,76366.0,Urban,24.4,1,Hatchback,6,7,Yes,2,Yes,Low,No,41-50
EV03250,65,Male,93585.0,Suburban,39.5,2,SUV,0,8,Yes,5,No,Low,No,61-70
EV03251,44,Female,82670.0,Rural,27.9,3,Sedan,2,1,Yes,3,Yes,Low,No,41-50
EV03252,46,Male,75512.0,Suburban,49.7,2,Hatchback,4,9,No,1,Yes,Medium,No,41-50
EV03253,41,Male,163926.0,Urban,13.2,3,SUV,12,6,No,2,No,Low,No,41-50
EV03254,45,Male,90830.0,Suburban,23.6,2,Hatchback,1,5,Yes,5,Yes,Low,Yes,41-50
EV03255,59,Male,98546.0,Urban,21.2,1,Sedan,3,5,No,5,Yes,Low,Yes,51-60
EV03256,27,Female,120287.0,Suburban,53.7,2,Sedan,3,4,Yes,4,No,Low,No,18-30
EV03257,67,Male,61175.0,Urban,64.3,3,Truck,2,4,Yes,5,Yes,Low,No,61-70
EV03258,45,Male,102429.0,Urban,37.4,2,Sedan,4,7,Yes,5,No,Low,No,41-50
EV03259,41,Male,130030.0,Suburban,31.0,1,SUV,0,4,Yes,4,No,Low,No,41-50
EV03260,66,Female,69804.0,Suburban,28.2,4,Sedan,2,2,Yes,1,No,Low,No,61-70
EV03261,51,Male,141069.0,Suburban,34.5,2,Sedan,5,5,Yes,2,Yes,Low,No,51-60
EV03262,69,Male,75980.0,Suburban,8.7,2,Sedan,7,7,Yes,3,No,Low,No,61-70
EV03263,27,Male,51583.0,Urban,15.7,3,SUV,9,3,No,5,No,Medium,No,18-30
EV03264,28,Male,105539.0,Suburban,53.1,1,SUV,7,6,No,3,Yes,Medium,No,18-30
EV03265,47,Male,63889.0,Rural,20.9,2,SUV,0,3,Yes,2,No,Low,No,41-50
EV03266,45,Male,52997.0,Urban,67.4,4,Hatchback,11,9,No,1,Yes,Medium,No,41-50
EV03267,28,Female,143206.0,Suburban,47.4,2,Sedan,4,5,Yes,5,Yes,Low,Yes,18-30
EV03268,65,Male,30000.0,Urban,42.6,3,SUV,7,7,Yes,2,Yes,Low,No,61-70
EV03269,51,Male,30000.0,Urban,55.7,1,Hatchback,14,5,Yes,1,Yes,Low,No,51-60
EV03270,32,Female,74898.0,Rural,34.6,3,Sedan,1,2,Yes,2,No,Low,No,31-40
EV03271,69,Female,124429.0,Urban,30.9,1,Truck,2,6,Yes,3,No,Low,No,61-70
EV03272,57,Female,89948.0,Rural,40.2,3,Hatchback,1,3,Yes,2,No,Low,No,51-60
EV03273,53,Male,119892.0,Suburban,15.9,1,Sedan,4,8,Yes,1,No,Low,No,51-60
EV03274,42,Female,119963.0,Suburban,35.0,2,SUV,0,5,Yes,5,No,Low,No,41-50
EV03275,33,Female,117631.0,Suburban,41.0,1,SUV,0,5,Yes,3,Yes,Low,No,31-40
EV03276,43,Male,30000.0,Suburban,18.4,4,SUV,7,7,Yes,5,No,Low,No,41-50
EV03277,63,Male,77400.0,Suburban,40.2,2,SUV,4,8,Yes,2,No,Low,No,61-70
EV03278,62,Male,126595.0,Suburban,58.6,2,SUV,2,7,Yes,2,Yes,Low,No,61-70
EV03279,32,Female,80054.0,Rural,79.7,1,SUV,1,1,Yes,5,Yes,Low,Yes,31-40
EV03280,63,Male,126994.0,Urban,13.6,3,Sedan,4,6,Yes,4,Yes,Low,Yes,61-70
EV03281,34,Male,106635.0,Suburban,50.8,2,Sedan,2,7,Yes,4,Yes,Low,Yes,31-40
EV03282,39,Male,47973.0,Urban,42.6,2,Sedan,14,7,No,1,No,Low,No,31-40
EV03283,44,Female,104262.0,Urban,68.3,2,Sedan,4,10,No,5,No,Medium,No,41-50
EV03284,25,Male,94282.0,Urban,24.5,3,Hatchback,10,4,No,5,Yes,Medium,No,18-30
EV03285,30,Male,30000.0,Suburban,28.8,1,SUV,6,5,Yes,1,No,Low,No,18-30
EV03286,49,Male,123852.0,Suburban,24.5,2,SUV,7,7,Yes,5,Yes,Low,No,41-50
EV03287,47,Male,40100.0,Rural,15.7,1,SUV,1,3,Yes,5,No,Low,No,41-50
EV03288,61,Male,163870.0,Suburban,22.3,1,Truck,1,6,Yes,4,Yes,Low,Yes,61-70
EV03289,64,Male,51561.0,Suburban,53.5,2,SUV,0,2,Yes,2,No,Low,No,61-70
EV03290,58,Female,138387.0,Urban,31.5,1,Hatchback,4,12,Yes,1,Yes,Low,Yes,51-60
EV03291,68,Male,30000.0,Urban,25.8,2,Sedan,11,15,No,2,No,Low,No,61-70
EV03292,39,Male,111622.0,Urban,77.0,2,Truck,11,11,Yes,1,Yes,Low,No,31-40
EV03293,68,Male,147529.0,Rural,61.5,1,Truck,0,3,Yes,5,No,Low,No,61-70
EV03294,41,Male,135478.0,Urban,45.0,1,SUV,3,14,No,2,Yes,Low,No,41-50
EV03295,37,Male,85878.0,Rural,19.8,2,Hatchback,2,0,Yes,4,Yes,Low,No,31-40
EV03296,45,Male,50799.0,Rural,30.1,4,Sedan,0,1,Yes,3,Yes,Low,No,41-50
EV03297,43,Female,88339.0,Urban,38.5,2,SUV,13,19,Yes,4,Yes,Low,No,41-50
EV03298,64,Female,35410.0,Urban,24.7,1,Sedan,9,15,Yes,1,Yes,Low,No,61-70
EV03299,29,Male,89299.0,Urban,42.4,1,Sedan,8,19,No,4,Yes,Low,No,18-30
EV03300,43,Male,76268.0,Rural,5.0,1,Sedan,1,2,Yes,5,Yes,Low,No,41-50
EV03301,36,Male,99187.0,Rural,5.0,4,SUV,2,1,No,3,No,Low,No,31-40
EV03302,49,Male,105631.0,Suburban,10.2,3,Hatchback,6,6,Yes,3,No,Low,No,41-50
EV03303,27,Female,55535.0,Urban,29.9,1,Truck,12,13,No,3,Yes,Low,Yes,18-30
EV03304,30,Male,94338.0,Suburban,52.7,2,SUV,4,6,Yes,4,Yes,Low,No,18-30
EV03305,36,Female,115941.0,Urban,32.3,2,Truck,11,6,No,1,No,Medium,No,31-40
EV03306,66,Male,108126.0,Urban,29.8,1,SUV,6,10,No,4,Yes,Low,No,61-70
EV03307,68,Female,84708.0,Urban,5.0,2,Sedan,6,3,No,3,No,Medium,No,61-70
EV03308,69,Female,99102.0,Urban,61.9,2,Hatchback,8,18,Yes,3,Yes,Low,Yes,61-70
EV03309,61,Male,79524.0,Urban,40.2,1,Sedan,10,19,Yes,5,Yes,Low,Yes,61-70
EV03310,45,Female,90667.0,Urban,71.5,3,Sedan,14,14,Yes,3,Yes,Low,No,41-50
EV03311,58,Male,123466.0,Urban,37.0,1,Sedan,7,5,No,4,Yes,Medium,No,51-60
EV03312,29,Female,81304.0,Urban,60.4,1,Sedan,6,13,No,5,No,Medium,No,18-30
EV03313,40,Male,75573.0,Urban,5.0,2,Sedan,13,7,No,4,Yes,Low,No,31-40
EV03314,45,Male,53253.0,Urban,13.2,1,Sedan,10,12,Yes,2,Yes,Low,No,41-50
EV03315,46,Female,74071.0,Suburban,5.0,2,SUV,3,9,Yes,2,Yes,Low,No,41-50
EV03316,47,Female,94589.0,Urban,44.0,1,Sedan,8,19,Yes,3,Yes,Low,No,41-50
EV03317,57,Female,121085.0,Urban,25.3,3,SUV,7,15,No,2,Yes,Low,No,51-60
EV03318,58,Male,63808.0,Urban,83.2,1,Hatchback,11,9,Yes,4,No,Low,No,51-60
EV03319,43,Male,44133.0,Urban,54.0,3,Sedan,6,9,Yes,5,Yes,Low,No,41-50
EV03320,64,Male,53658.0,Urban,32.3,2,Hatchback,9,14,No,5,Yes,Low,Yes,61-70
EV03321,43,Female,85800.0,Rural,86.1,1,Sedan,2,3,Yes,5,Yes,Low,No,41-50
EV03322,46,Female,87305.0,Suburban,21.7,2,Sedan,2,7,Yes,2,Yes,Low,No,41-50
EV03323,47,Male,125012.0,Urban,47.0,2,SUV,13,14,No,3,Yes,Low,No,41-50
EV03324,45,Female,120772.0,Urban,66.8,2,SUV,6,10,No,5,No,Medium,No,41-50
EV03325,66,Female,101019.0,Urban,36.7,2,Truck,3,12,No,5,Yes,Low,Yes,61-70
EV03326,35,Male,66172.0,Suburban,48.5,1,Sedan,7,4,Yes,3,No,Low,No,31-40
EV03327,32,Male,48894.0,Urban,33.0,1,Truck,4,18,Yes,3,No,Low,No,31-40
EV03328,57,Female,89170.0,Rural,76.3,2,SUV,2,2,Yes,5,Yes,Low,Yes,51-60
EV03329,50,Male,87848.0,Suburban,7.9,1,Sedan,6,1,Yes,4,Yes,Low,No,41-50
EV03330,65,Male,70011.0,Rural,22.9,2,Truck,1,0,Yes,4,No,Low,Yes,61-70
EV03331,34,Female,78402.0,Rural,23.1,2,Truck,2,3,Yes,4,Yes,Low,Yes,31-40
EV03332,35,Male,65624.0,Suburban,50.5,1,SUV,1,7,No,5,No,Medium,No,31-40
EV03333,43,Female,30000.0,Urban,44.0,1,Sedan,9,4,No,5,Yes,Medium,No,41-50
EV03334,66,Male,63750.0,Rural,26.5,1,SUV,0,0,Yes,4,Yes,Low,No,61-70
EV03335,49,Male,111391.0,Urban,5.0,2,Truck,4,11,Yes,2,Yes,Low,No,41-50
EV03336,55,Other,99189.0,Suburban,50.7,1,Sedan,3,1,Yes,3,Yes,Low,No,51-60
EV03337,42,Male,102049.0,Urban,70.5,2,Sedan,2,4,No,3,Yes,High,No,41-50
EV03338,55,Male,30000.0,Urban,57.0,3,Sedan,6,11,Yes,2,Yes,Low,No,51-60
EV03339,36,Male,30000.0,Rural,55.3,3,Truck,1,1,Yes,5,No,Low,No,31-40
EV03340,55,Female,131056.0,Urban,51.3,2,Sedan,10,5,Yes,1,No,Low,No,51-60
EV03341,52,Female,30000.0,Suburban,90.4,1,Sedan,7,9,Yes,1,No,Low,No,51-60
EV03342,62,Male,55303.0,Suburban,38.1,2,Hatchback,3,2,Yes,4,Yes,Low,No,61-70
EV03343,45,Male,81438.0,Urban,6.1,2,Sedan,9,11,No,5,Yes,Low,No,41-50
EV03344,39,Female,146064.0,Rural,13.1,2,SUV,2,1,Yes,1,No,Low,No,31-40
EV03345,28,Male,111534.0,Suburban,50.1,3,Truck,7,4,No,5,Yes,Low,Yes,18-30
EV03346,25,Male,80680.0,Suburban,38.8,4,Truck,0,1,Yes,5,No,Low,No,18-30
EV03347,63,Female,41501.0,Urban,30.1,2,Truck,12,7,Yes,3,Yes,Low,No,61-70
EV03348,27,Male,117587.0,Suburban,13.0,2,Truck,6,6,Yes,4,Yes,Low,Yes,18-30
EV03349,46,Female,64731.0,Urban,62.6,4,Sedan,14,5,No,5,Yes,Medium,Yes,41-50
EV03350,54,Female,74804.0,Suburban,5.0,1,SUV,5,8,No,5,Yes,Low,Yes,51-60
EV03351,35,Male,121415.0,Urban,66.6,2,Sedan,5,8,Yes,3,No,Low,No,31-40
EV03352,33,Female,74776.0,Suburban,36.1,1,SUV,7,6,Yes,1,Yes,Low,No,31-40
EV03353,64,Male,89189.0,Suburban,46.4,1,Truck,1,5,No,1,Yes,Medium,No,61-70
EV03354,39,Female,204597.0,Rural,17.4,1,Truck,2,1,Yes,3,Yes,Low,Yes,31-40
EV03355,59,Female,81966.0,Suburban,38.3,1,SUV,0,9,Yes,4,No,Low,No,51-60
EV03356,27,Female,118431.0,Suburban,49.1,4,Sedan,3,7,Yes,1,Yes,Low,Yes,18-30
EV03357,36,Male,112179.0,Urban,30.0,2,SUV,13,15,No,3,No,Low,No,31-40
EV03358,46,Female,84708.0,Urban,14.2,1,Sedan,14,6,Yes,1,Yes,Low,No,41-50
EV03359,49,Male,93452.0,Urban,28.7,1,Sedan,3,10,Yes,4,No,Low,No,41-50
EV03360,31,Male,62066.0,Urban,27.5,1,Sedan,12,11,Yes,1,Yes,Low,No,31-40
EV03361,58,Female,85208.0,Suburban,20.9,2,Sedan,7,3,Yes,4,Yes,Low,Yes,51-60
EV03362,67,Male,118610.0,Suburban,34.4,2,Sedan,4,7,Yes,4,No,Low,No,61-70
EV03363,68,Male,75613.0,Rural,11.4,4,Sedan,0,1,Yes,5,Yes,Low,Yes,61-70
EV03364,55,Female,95730.0,Urban,48.0,2,SUV,7,16,No,5,Yes,Medium,Yes,51-60
EV03365,26,Female,34716.0,Suburban,83.9,1,Sedan,1,3,Yes,3,Yes,Medium,No,18-30
EV03366,44,Female,71167.0,Urban,30.3,2,SUV,10,8,Yes,2,Yes,Low,Yes,41-50
EV03367,43,Male,92031.0,Urban,48.4,3,SUV,10,19,No,5,No,Low,No,41-50
EV03368,56,Male,97937.0,Urban,47.2,2,SUV,8,13,Yes,4,Yes,Low,Yes,51-60
EV03369,35,Male,132749.0,Suburban,5.0,1,SUV,7,5,Yes,2,No,Low,No,31-40
EV03370,59,Male,97011.0,Urban,64.4,2,SUV,5,14,No,4,No,Low,No,51-60
EV03371,35,Male,122389.0,Suburban,71.8,1,Sedan,1,6,No,1,No,Medium,No,31-40
EV03372,36,Male,93921.0,Urban,37.1,2,SUV,8,4,Yes,3,Yes,Low,No,31-40
EV03373,25,Male,62225.0,Urban,35.8,1,SUV,13,8,No,4,Yes,Low,No,18-30
EV03374,30,Male,129737.0,Urban,40.9,2,Sedan,14,11,Yes,2,No,Low,No,18-30
EV03375,57,Female,54224.0,Suburban,79.4,2,SUV,7,2,Yes,4,No,Low,No,51-60
EV03376,69,Male,122344.0,Urban,8.0,2,Hatchback,12,4,No,1,No,Low,No,61-70
EV03377,49,Male,121786.0,Urban,41.2,2,Sedan,8,12,No,2,Yes,Medium,No,41-50
EV03378,58,Male,30000.0,Suburban,5.1,1,Sedan,1,6,No,4,Yes,Medium,No,51-60
EV03379,47,Female,119882.0,Urban,51.1,1,SUV,2,13,No,4,Yes,Medium,Yes,41-50
EV03380,49,Female,110302.0,Suburban,48.7,1,Hatchback,4,7,Yes,4,No,Low,No,41-50
EV03381,51,Female,56766.0,Rural,43.4,2,Truck,2,0,Yes,5,No,Low,No,51-60
EV03382,65,Male,119545.0,Urban,49.4,1,SUV,6,17,Yes,4,No,Low,No,61-70
EV03383,33,Male,82870.0,Urban,97.9,2,Sedan,13,7,No,3,No,Low,No,31-40
EV03384,53,Female,160395.0,Suburban,5.0,1,Truck,6,4,Yes,3,Yes,Low,Yes,51-60
EV03385,31,Male,99424.0,Suburban,41.7,3,Sedan,6,4,No,5,Yes,Medium,No,31-40
EV03386,27,Other,122934.0,Urban,5.0,3,Truck,11,3,No,5,Yes,Low,No,18-30
EV03387,50,Female,71019.0,Rural,28.6,2,SUV,2,0,Yes,3,Yes,Low,No,41-50
EV03388,41,Female,93919.0,Suburban,41.4,1,Sedan,1,1,Yes,2,Yes,Low,No,41-50
EV03389,49,Male,119449.0,Suburban,6.1,2,SUV,5,4,Yes,1,Yes,Low,No,41-50
EV03390,28,Female,61405.0,Urban,42.1,1,Sedan,4,3,No,3,Yes,Medium,No,18-30
EV03391,56,Male,81956.0,Urban,5.0,1,SUV,9,12,Yes,2,Yes,Low,No,51-60
EV03392,49,Male,40487.0,Suburban,52.6,3,Hatchback,4,7,No,4,Yes,Medium,Yes,41-50
EV03393,42,Female,40212.0,Suburban,35.0,3,Truck,7,2,No,1,Yes,Low,No,41-50
EV03394,36,Male,114956.0,Rural,5.0,1,SUV,2,2,Yes,1,No,Low,No,31-40
EV03395,44,Male,87823.0,Rural,104.6,1,Hatchback,2,2,Yes,3,Yes,Low,No,41-50
EV03396,63,Other,54198.0,Urban,7.1,1,Truck,14,7,Yes,3,No,Low,No,61-70
EV03397,54,Male,112484.0,Rural,29.4,2,Sedan,2,1,Yes,2,No,Low,No,51-60
EV03398,66,Male,77162.0,Rural,14.9,1,SUV,0,0,Yes,3,Yes,Low,No,61-70
EV03399,67,Female,30000.0,Suburban,5.0,3,Hatchback,2,2,Yes,1,No,Low,No,61-70
EV03400,46,Male,95299.0,Suburban,76.2,1,Hatchback,4,8,No,5,Yes,Medium,Yes,41-50
EV03401,62,Female,98147.0,Suburban,62.5,1,Truck,7,8,Yes,1,Yes,Low,No,61-70
EV03402,38,Female,54001.0,Rural,71.2,2,Sedan,1,3,No,2,No,Medium,No,31-40
EV03403,51,Male,54721.0,Rural,27.6,3,Sedan,1,2,Yes,5,Yes,Low,Yes,51-60
EV03404,60,Male,96488.0,Urban,33.8,3,Sedan,9,19,No,3,Yes,Low,No,51-60
EV03405,45,Female,84708.0,Urban,89.0,2,Sedan,5,6,No,3,No,Medium,No,41-50
EV03406,39,Female,77897.0,Suburban,86.1,3,Truck,4,5,Yes,2,No,Low,No,31-40
EV03407,48,Female,99512.0,Suburban,72.9,1,Sedan,7,6,Yes,2,Yes,Low,No,41-50
EV03408,48,Female,82440.0,Suburban,70.5,1,Sedan,6,6,Yes,1,Yes,Low,No,41-50
EV03409,51,Female,119750.0,Urban,35.7,3,Sedan,10,3,No,1,Yes,Low,No,51-60
EV03410,64,Male,124712.0,Rural,36.9,1,Sedan,1,0,Yes,5,Yes,Low,Yes,61-70
EV03411,49,Male,106268.0,Urban,28.0,1,SUV,10,9,Yes,4,No,Low,No,41-50
EV03412,65,Female,143987.0,Urban,46.6,1,SUV,7,17,No,2,Yes,Low,No,61-70
EV03413,41,Female,30000.0,Urban,58.6,4,SUV,3,12,No,5,No,Medium,No,41-50
EV03414,59,Female,92411.0,Suburban,34.6,3,Truck,7,8,Yes,3,Yes,Low,No,51-60
EV03415,66,Male,117502.0,Rural,88.9,1,Sedan,1,3,Yes,2,No,Low,No,61-70
EV03416,67,Male,92277.0,Suburban,28.2,2,Truck,4,3,Yes,4,Yes,Low,No,61-70
EV03417,56,Female,75069.0,Urban,51.1,2,Sedan,10,19,No,4,Yes,Low,Yes,51-60
EV03418,36,Female,100627.0,Urban,52.4,2,Hatchback,14,13,Yes,3,Yes,Low,No,31-40
EV03419,29,Male,103587.0,Urban,96.0,2,SUV,2,7,No,2,Yes,High,No,18-30
EV03420,53,Male,96759.0,Urban,5.0,2,Hatchback,3,6,No,1,No,Medium,No,51-60
EV03421,29,Male,128123.0,Suburban,5.0,2,SUV,1,8,No,5,No,Low,No,18-30
EV03422,32,Male,91684.0,Urban,7.0,2,SUV,6,19,Yes,5,No,Low,No,31-40
EV03423,37,Male,91883.0,Suburban,18.8,3,Sedan,2,7,No,1,No,Medium,No,31-40
EV03424,68,Female,148255.0,Urban,18.6,1,Sedan,8,12,No,4,Yes,Low,Yes,61-70
EV03425,33,Male,104558.0,Urban,48.3,1,SUV,6,19,No,3,Yes,Low,Yes,31-40
EV03426,31,Male,158001.0,Suburban,29.4,1,Sedan,0,3,No,1,Yes,Medium,No,31-40
EV03427,35,Male,113072.0,Urban,56.1,2,Sedan,2,5,No,3,No,Medium,No,31-40
EV03428,47,Female,76018.0,Suburban,64.3,1,SUV,4,1,Yes,1,No,Low,No,41-50
EV03429,62,Male,85517.0,Urban,17.7,2,Sedan,10,16,No,4,No,Low,No,61-70
EV03430,44,Male,94495.0,Urban,47.3,4,SUV,7,14,Yes,1,Yes,Low,No,41-50
EV03431,43,Male,54825.0,Suburban,14.4,2,Sedan,3,6,Yes,2,No,Low,No,41-50
EV03432,30,Female,109783.0,Suburban,83.2,3,Sedan,1,4,No,3,No,High,No,18-30
EV03433,60,Male,30000.0,Suburban,89.4,2,Truck,4,7,Yes,4,Yes,Low,No,51-60
EV03434,67,Male,149582.0,Urban,12.5,1,Hatchback,10,5,No,3,No,Low,No,61-70
EV03435,45,Female,123921.0,Urban,5.0,1,Sedan,14,8,No,1,Yes,Low,No,41-50
EV03436,28,Male,106219.0,Urban,44.4,3,Sedan,2,19,Yes,2,No,Low,No,18-30
EV03437,25,Female,93066.0,Urban,68.0,2,Sedan,9,14,Yes,4,No,Low,No,18-30
EV03438,57,Female,96061.0,Suburban,72.2,2,Sedan,6,9,Yes,5,No,Low,No,51-60
EV03439,30,Female,96601.0,Suburban,71.3,2,Sedan,6,8,Yes,2,Yes,Low,No,18-30
EV03440,29,Male,92134.0,Rural,36.2,4,SUV,1,1,Yes,3,Yes,Low,No,18-30
EV03441,40,Male,109448.0,Rural,51.0,2,Sedan,0,2,Yes,5,Yes,Low,No,31-40
EV03442,51,Female,105911.0,Suburban,79.7,3,Sedan,6,8,Yes,4,Yes,Low,Yes,51-60
EV03443,63,Male,92155.0,Rural,29.6,2,SUV,2,2,Yes,4,Yes,Low,Yes,61-70
EV03444,36,Male,92897.0,Urban,5.0,3,Sedan,11,5,No,1,Yes,Low,No,31-40
EV03445,57,Female,67245.0,Suburban,26.9,2,SUV,7,9,Yes,3,No,Low,No,51-60
EV03446,55,Male,78511.0,Suburban,47.0,1,Sedan,3,7,Yes,3,Yes,Low,No,51-60
EV03447,53,Male,89832.0,Rural,33.8,2,Truck,1,1,Yes,1,Yes,Low,No,51-60
EV03448,27,Male,72005.0,Suburban,91.6,2,SUV,5,1,No,3,No,Medium,No,18-30
EV03449,64,Male,139859.0,Urban,60.4,4,Truck,5,3,Yes,1,No,Low,No,61-70
EV03450,26,Male,117090.0,Suburban,48.3,2,Sedan,7,1,Yes,1,Yes,Low,No,18-30
EV03451,68,Female,94906.0,Urban,29.8,1,Truck,9,15,No,2,Yes,Low,No,61-70
EV03452,32,Male,34051.0,Urban,24.5,1,SUV,9,4,Yes,5,No,Low,No,31-40
EV03453,55,Other,93989.0,Rural,48.8,1,Sedan,0,2,Yes,3,No,Low,No,51-60
EV03454,41,Male,46515.0,Urban,29.0,2,Hatchback,6,10,No,3,No,Medium,No,41-50
EV03455,51,Male,90554.0,Urban,40.2,2,SUV,13,11,Yes,5,Yes,Low,Yes,51-60
EV03456,43,Female,122864.0,Suburban,51.2,1,SUV,1,9,Yes,5,No,Low,Yes,41-50
EV03457,35,Female,90519.0,Suburban,26.8,2,Sedan,2,5,Yes,1,No,Low,No,31-40
EV03458,27,Male,84708.0,Urban,5.0,2,Sedan,11,7,No,1,Yes,Low,No,18-30
EV03459,40,Male,84337.0,Urban,52.2,2,SUV,3,12,Yes,3,No,Low,No,31-40
EV03460,35,Female,156183.0,Urban,41.0,3,Sedan,11,19,No,2,Yes,Low,No,31-40
EV03461,34,Female,137282.0,Suburban,22.9,1,Truck,4,2,Yes,5,No,Low,No,31-40
EV03462,69,Female,91548.0,Suburban,32.8,1,Truck,2,8,No,4,Yes,Medium,No,61-70
EV03463,51,Female,85019.0,Suburban,17.1,2,Hatchback,4,6,Yes,5,Yes,Low,Yes,51-60
EV03464,33,Male,93678.0,Urban,46.7,2,SUV,14,11,No,2,Yes,Low,No,31-40
EV03465,58,Male,30000.0,Urban,48.3,1,SUV,4,11,Yes,2,No,Low,No,51-60
EV03466,54,Male,70386.0,Suburban,66.3,2,Hatchback,7,3,Yes,3,Yes,Low,Yes,51-60
EV03467,47,Male,55035.0,Urban,5.0,2,SUV,4,17,No,3,Yes,Low,No,41-50
EV03468,26,Male,88178.0,Rural,76.4,2,Sedan,2,3,Yes,5,No,Low,No,18-30
EV03469,28,Male,119002.0,Rural,71.1,1,Sedan,1,3,Yes,1,No,Low,No,18-30
EV03470,26,Female,49568.0,Suburban,33.7,4,SUV,5,6,Yes,5,No,Low,No,18-30
EV03471,27,Female,69047.0,Suburban,52.1,1,Truck,6,8,No,1,Yes,Low,No,18-30
EV03472,54,Female,101563.0,Urban,35.3,2,SUV,5,4,Yes,3,No,Low,No,51-60
EV03473,46,Female,90284.0,Suburban,40.2,1,Sedan,1,3,Yes,5,Yes,Low,Yes,41-50
EV03474,40,Female,130001.0,Urban,65.4,1,Sedan,13,10,Yes,5,Yes,Low,Yes,31-40
EV03475,27,Female,73250.0,Urban,32.5,2,Sedan,7,5,No,2,No,Low,No,18-30
EV03476,56,Female,88627.0,Urban,23.4,2,SUV,4,5,No,3,No,High,No,51-60
EV03477,68,Male,149088.0,Suburban,23.1,2,SUV,3,4,Yes,3,No,Low,No,61-70
EV03478,36,Male,107154.0,Urban,35.4,2,SUV,11,17,Yes,1,Yes,Low,No,31-40
EV03479,28,Male,59275.0,Suburban,46.8,3,SUV,6,9,Yes,4,Yes,Low,No,18-30
EV03480,58,Other,92355.0,Suburban,59.1,1,Sedan,0,5,Yes,3,No,Low,No,51-60
EV03481,35,Male,119665.0,Urban,31.8,2,Hatchback,13,15,No,1,No,Low,No,31-40
EV03482,36,Male,61121.0,Urban,69.4,1,Truck,14,14,No,3,Yes,Medium,No,31-40
EV03483,49,Female,39976.0,Urban,40.0,2,SUV,8,8,No,3,Yes,Medium,No,41-50
EV03484,28,Male,78727.0,Urban,67.9,1,SUV,13,13,Yes,5,Yes,Low,Yes,18-30
EV03485,45,Female,73023.0,Suburban,18.3,2,SUV,7,2,Yes,1,Yes,Low,No,41-50
EV03486,63,Male,65678.0,Rural,47.0,1,Hatchback,2,3,Yes,4,Yes,Low,No,61-70
EV03487,26,Male,30000.0,Urban,49.2,1,Sedan,6,13,No,5,No,Low,No,18-30
EV03488,68,Female,104154.0,Urban,34.4,2,Hatchback,6,16,No,4,No,Low,No,61-70
EV03489,51,Male,63398.0,Urban,7.3,1,Sedan,4,7,Yes,3,Yes,Low,No,51-60
EV03490,56,Female,55879.0,Rural,5.0,1,SUV,2,3,Yes,2,No,Low,No,51-60
EV03491,36,Male,84708.0,Suburban,5.0,2,Sedan,6,6,Yes,4,No,Low,No,31-40
EV03492,66,Male,104075.0,Urban,83.9,2,Sedan,8,5,Yes,5,Yes,Low,No,61-70
EV03493,25,Female,83533.0,Urban,71.3,1,Sedan,7,15,No,2,Yes,Low,No,18-30
EV03494,66,Male,53674.0,Suburban,82.7,3,Hatchback,2,5,Yes,1,Yes,Low,No,61-70
EV03495,67,Female,30000.0,Rural,88.8,1,Sedan,1,3,Yes,1,No,Medium,No,61-70
EV03496,48,Male,138167.0,Urban,10.0,1,SUV,7,5,No,5,No,Medium,No,41-50
EV03497,60,Male,90149.0,Urban,7.0,1,SUV,6,14,Yes,2,No,Low,No,51-60
EV03498,39,Female,82998.0,Suburban,5.0,3,Truck,7,5,No,4,No,Low,No,31-40
EV03499,34,Male,114667.0,Suburban,59.6,3,Hatchback,2,4,Yes,2,Yes,Low,Yes,31-40
EV03500,69,Female,102368.0,Urban,17.0,1,Truck,7,17,No,1,No,Low,No,61-70
EV03501,52,Male,30000.0,Urban,40.1,2,Sedan,11,17,No,3,Yes,Low,No,51-60
EV03502,26,Other,33647.0,Rural,58.2,2,SUV,2,3,No,5,Yes,Low,Yes,18-30
EV03503,61,Male,132871.0,Urban,62.1,2,Hatchback,14,15,Yes,1,No,Low,No,61-70
EV03504,63,Male,48731.0,Urban,5.1,2,Sedan,5,14,Yes,5,Yes,Low,Yes,61-70
EV03505,49,Female,119765.0,Urban,27.0,2,Sedan,11,4,No,3,No,Low,No,41-50
EV03506,52,Male,30000.0,Urban,20.9,2,Sedan,10,14,No,1,No,Low,No,51-60
EV03507,63,Male,70185.0,Urban,50.4,1,Sedan,11,3,No,3,No,Medium,No,61-70
EV03508,37,Male,133551.0,Rural,46.6,2,SUV,0,0,Yes,1,No,Low,No,31-40
EV03509,26,Male,110132.0,Rural,32.7,1,SUV,2,3,Yes,1,Yes,Low,No,18-30
EV03510,38,Male,107706.0,Suburban,72.4,2,Sedan,5,4,Yes,2,No,Low,No,31-40
EV03511,39,Other,32334.0,Suburban,57.1,1,Sedan,2,7,Yes,3,Yes,Low,No,31-40
EV03512,31,Male,30000.0,Urban,53.3,4,Hatchback,13,16,Yes,1,Yes,Low,No,31-40
EV03513,43,Female,139891.0,Suburban,63.4,1,Sedan,5,8,Yes,5,No,Low,No,41-50
EV03514,42,Male,49005.0,Urban,52.2,2,Hatchback,10,5,Yes,1,Yes,Low,No,41-50
EV03515,62,Male,131029.0,Suburban,12.1,4,Sedan,0,4,No,5,No,Medium,No,61-70
EV03516,42,Male,124469.0,Urban,42.0,2,SUV,9,10,No,2,No,Low,No,41-50
EV03517,34,Male,40299.0,Urban,39.6,4,Hatchback,12,18,No,4,Yes,Low,No,31-40
EV03518,43,Female,103838.0,Urban,5.0,1,SUV,8,10,No,4,Yes,Low,No,41-50
EV03519,32,Female,49172.0,Urban,28.5,1,Hatchback,3,14,Yes,1,Yes,Low,No,31-40
EV03520,57,Male,49828.0,Urban,46.5,2,Sedan,6,16,No,1,Yes,Low,No,51-60
EV03521,28,Male,97909.0,Urban,28.1,2,SUV,3,12,Yes,1,Yes,Low,No,18-30
EV03522,34,Male,50003.0,Urban,37.6,1,Truck,3,18,No,1,Yes,Low,No,31-40
EV03523,32,Female,55918.0,Rural,49.1,1,SUV,2,1,Yes,1,Yes,Low,No,31-40
EV03524,66,Male,83198.0,Suburban,36.8,2,Sedan,7,3,Yes,1,No,Low,No,61-70
EV03525,51,Female,127674.0,Suburban,21.8,2,Sedan,0,4,Yes,2,No,Low,No,51-60
EV03526,66,Male,57898.0,Urban,18.8,2,SUV,14,17,No,3,Yes,Low,No,61-70
EV03527,64,Female,128992.0,Urban,67.4,1,Truck,7,5,No,4,No,Low,No,61-70
EV03528,63,Female,107950.0,Suburban,50.3,3,Sedan,4,7,Yes,4,No,Low,No,61-70
EV03529,53,Male,88807.0,Suburban,29.6,1,Hatchback,2,6,Yes,4,Yes,Low,No,51-60
EV03530,48,Male,78493.0,Urban,24.2,3,SUV,4,6,No,5,Yes,Medium,No,41-50
EV03531,65,Female,88877.0,Urban,47.5,1,Sedan,13,6,No,4,Yes,Medium,No,61-70
EV03532,51,Female,50093.0,Suburban,29.4,1,SUV,3,7,Yes,5,Yes,Low,Yes,51-60
EV03533,59,Male,127077.0,Urban,66.1,1,SUV,13,16,No,2,Yes,Low,No,51-60
EV03534,61,Male,59709.0,Urban,47.0,2,Truck,8,10,No,3,Yes,Low,No,61-70
EV03535,54,Male,50839.0,Rural,5.0,1,Hatchback,2,3,Yes,5,Yes,Low,Yes,51-60
EV03536,64,Female,106274.0,Urban,52.1,2,SUV,8,14,Yes,3,No,Low,No,61-70
EV03537,56,Male,119719.0,Rural,5.0,1,Sedan,0,3,Yes,2,Yes,Low,No,51-60
EV03538,26,Other,49056.0,Urban,5.0,3,Truck,3,14,No,4,Yes,Low,No,18-30
EV03539,65,Other,58338.0,Suburban,70.0,2,Sedan,2,1,Yes,1,Yes,Low,No,61-70
EV03540,62,Female,99663.0,Urban,32.0,2,SUV,6,15,No,2,Yes,Low,Yes,61-70
EV03541,59,Male,96146.0,Rural,27.1,2,SUV,1,1,Yes,4,No,Low,No,51-60
EV03542,46,Male,68533.0,Urban,66.6,1,SUV,6,12,No,4,No,Medium,No,41-50
EV03543,52,Female,65766.0,Rural,5.0,2,Hatchback,1,0,Yes,3,No,Low,No,51-60
EV03544,61,Female,30000.0,Suburban,41.7,2,Sedan,0,5,Yes,3,Yes,Low,No,61-70
EV03545,25,Male,79116.0,Suburban,23.8,2,Sedan,3,5,Yes,1,Yes,Low,No,18-30
EV03546,59,Female,103482.0,Rural,44.2,1,Sedan,0,1,Yes,1,Yes,Medium,No,51-60
EV03547,42,Female,78915.0,Suburban,68.5,3,SUV,5,5,Yes,4,Yes,Low,Yes,41-50
EV03548,46,Male,152366.0,Rural,33.6,1,Sedan,0,2,Yes,4,Yes,Low,Yes,41-50
EV03549,27,Female,56935.0,Suburban,14.3,4,Hatchback,5,8,No,2,No,Low,No,18-30
EV03550,48,Female,111707.0,Suburban,33.0,2,SUV,3,7,Yes,5,No,Low,No,41-50
EV03551,55,Male,99806.0,Urban,71.0,1,Sedan,12,17,No,1,Yes,Low,No,51-60
EV03552,66,Female,113882.0,Suburban,7.2,2,Sedan,3,2,Yes,4,No,Low,Yes,61-70
EV03553,58,Male,66765.0,Suburban,5.0,2,SUV,2,4,No,1,Yes,Low,No,51-60
EV03554,31,Male,81716.0,Urban,36.8,2,Sedan,3,10,No,3,No,Low,No,31-40
EV03555,67,Female,144325.0,Urban,50.8,1,SUV,7,18,Yes,1,No,Low,No,61-70
EV03556,41,Male,115750.0,Urban,92.5,3,SUV,14,6,No,3,Yes,Medium,No,41-50
EV03557,64,Female,63737.0,Urban,18.0,2,SUV,8,14,No,2,Yes,Low,No,61-70
EV03558,61,Female,112772.0,Rural,5.0,1,SUV,2,1,Yes,5,No,Low,No,61-70
EV03559,36,Male,147974.0,Urban,65.3,1,SUV,9,4,No,3,Yes,Low,Yes,31-40
EV03560,42,Female,127746.0,Urban,30.3,2,SUV,11,3,No,5,Yes,Low,Yes,41-50
EV03561,47,Male,117786.0,Rural,30.9,3,Hatchback,0,1,Yes,5,No,Low,No,41-50
EV03562,38,Female,61211.0,Urban,41.2,2,Sedan,3,18,No,3,Yes,Low,No,31-40
EV03563,54,Male,39948.0,Suburban,45.1,3,Sedan,2,1,Yes,5,No,Low,No,51-60
EV03564,49,Female,84708.0,Suburban,41.8,2,SUV,6,9,Yes,3,Yes,Low,No,41-50
EV03565,56,Female,46947.0,Urban,26.4,2,Sedan,12,3,No,4,Yes,Medium,No,51-60
EV03566,59,Male,71040.0,Suburban,18.2,3,SUV,3,8,Yes,3,No,Low,No,51-60
EV03567,52,Male,30000.0,Suburban,5.0,2,Hatchback,0,1,Yes,1,No,Low,No,51-60
EV03568,39,Male,59447.0,Urban,28.3,2,SUV,7,18,No,4,Yes,Medium,No,31-40
EV03569,44,Female,85743.0,Urban,74.7,2,Sedan,9,5,No,1,No,Medium,No,41-50
EV03570,56,Female,43206.0,Suburban,39.7,3,Sedan,5,8,Yes,1,Yes,Low,No,51-60
EV03571,30,Male,118899.0,Urban,56.7,3,Sedan,11,11,No,3,No,Low,No,18-30
EV03572,59,Male,60996.0,Urban,37.3,2,Hatchback,9,6,No,3,Yes,Low,Yes,51-60
EV03573,45,Male,95477.0,Urban,48.9,1,Truck,14,6,No,4,No,Low,No,41-50
EV03574,39,Male,86924.0,Urban,69.4,1,Truck,13,13,Yes,5,Yes,Low,Yes,31-40
EV03575,51,Male,112148.0,Urban,40.2,1,SUV,13,12,No,3,Yes,Low,Yes,51-60
EV03576,37,Female,47036.0,Suburban,15.0,2,Sedan,0,4,Yes,4,No,Low,No,31-40
EV03577,59,Male,50518.0,Urban,40.2,2,SUV,11,12,No,5,No,Medium,No,51-60
EV03578,27,Female,86989.0,Urban,13.1,3,Hatchback,6,7,No,4,No,Low,No,18-30
EV03579,39,Male,30000.0,Rural,36.2,1,Truck,1,0,No,5,No,High,No,31-40
EV03580,37,Male,84410.0,Urban,24.9,2,Hatchback,5,16,No,5,Yes,Medium,No,31-40
EV03581,46,Female,30000.0,Urban,5.0,1,Hatchback,2,9,No,3,Yes,Low,No,41-50
EV03582,41,Female,119903.0,Urban,30.2,1,SUV,13,16,Yes,5,No,Low,No,41-50
EV03583,45,Female,134373.0,Rural,63.0,4,Sedan,0,1,Yes,3,No,Low,No,41-50
EV03584,34,Male,39224.0,Suburban,66.5,3,Truck,0,4,Yes,2,Yes,Low,No,31-40
EV03585,37,Female,129874.0,Suburban,20.9,1,SUV,4,8,Yes,1,Yes,Low,No,31-40
EV03586,42,Male,119973.0,Suburban,5.0,1,Sedan,1,3,Yes,2,No,Low,No,41-50
EV03587,62,Male,100316.0,Urban,49.0,2,SUV,3,4,No,5,Yes,Low,Yes,61-70
EV03588,34,Male,91813.0,Urban,28.4,2,SUV,7,13,No,3,No,Medium,No,31-40
EV03589,55,Male,109113.0,Urban,71.6,2,SUV,9,13,Yes,1,No,Low,No,51-60
EV03590,58,Male,56835.0,Suburban,63.7,3,Hatchback,4,8,Yes,4,No,Low,No,51-60
EV03591,50,Male,105173.0,Suburban,7.1,1,SUV,1,4,Yes,2,Yes,Low,No,41-50
EV03592,52,Male,95720.0,Urban,30.4,2,SUV,13,14,No,5,No,Low,No,51-60
EV03593,50,Female,93942.0,Suburban,79.0,2,SUV,6,2,Yes,5,Yes,Low,Yes,41-50
EV03594,61,Male,118984.0,Suburban,15.9,2,Sedan,1,5,Yes,1,Yes,Low,No,61-70
EV03595,60,Female,30000.0,Urban,65.1,1,SUV,11,18,Yes,4,No,Low,No,51-60
EV03596,43,Other,116348.0,Rural,24.2,2,Sedan,0,1,Yes,5,Yes,Low,Yes,41-50
EV03597,59,Male,87528.0,Suburban,19.4,2,Truck,5,1,Yes,3,Yes,Low,No,51-60
EV03598,39,Female,90901.0,Urban,78.3,2,SUV,5,4,No,4,Yes,Medium,No,31-40
EV03599,65,Male,113361.0,Suburban,63.2,1,SUV,7,9,No,1,No,Low,No,61-70
EV03600,48,Female,77242.0,Urban,31.7,1,Sedan,2,6,Yes,3,No,Low,No,41-50
EV03601,67,Male,72465.0,Suburban,20.8,4,Sedan,0,8,Yes,5,Yes,Low,No,61-70
EV03602,48,Male,68439.0,Suburban,79.9,2,Hatchback,4,2,Yes,2,Yes,Low,No,41-50
EV03603,62,Female,100234.0,Suburban,49.8,3,Truck,0,1,Yes,2,No,Low,No,61-70
EV03604,64,Female,41118.0,Rural,10.8,2,SUV,0,3,Yes,2,Yes,Low,No,61-70
EV03605,28,Male,112150.0,Rural,50.6,2,SUV,1,2,Yes,4,Yes,Low,Yes,18-30
EV03606,40,Male,43199.0,Suburban,11.9,1,SUV,5,7,Yes,1,No,Low,No,31-40
EV03607,43,Other,30000.0,Urban,5.0,2,Sedan,4,12,No,1,Yes,Low,No,41-50
EV03608,26,Female,97144.0,Urban,25.9,3,Sedan,4,9,No,2,No,Low,No,18-30
EV03609,42,Male,50220.0,Urban,53.8,3,SUV,13,14,No,1,No,Low,No,41-50
EV03610,41,Male,103198.0,Urban,40.6,1,Sedan,13,15,Yes,3,Yes,Low,No,41-50
EV03611,28,Male,145125.0,Rural,54.1,1,Truck,0,1,Yes,4,Yes,Low,Yes,18-30
EV03612,54,Female,68243.0,Suburban,33.5,2,SUV,6,5,Yes,1,No,Low,No,51-60
EV03613,38,Female,139597.0,Suburban,27.1,1,Sedan,3,6,Yes,2,No,Low,No,31-40
EV03614,28,Male,62481.0,Suburban,21.3,3,Truck,7,3,Yes,4,Yes,Low,No,18-30
EV03615,30,Male,44664.0,Urban,39.9,3,Sedan,3,7,Yes,1,Yes,Low,No,18-30
EV03616,64,Female,31802.0,Rural,40.2,2,SUV,1,1,Yes,1,No,Low,No,61-70
EV03617,49,Female,95896.0,Rural,72.8,1,SUV,1,2,Yes,4,Yes,Low,No,41-50
EV03618,54,Male,111819.0,Suburban,40.2,3,Sedan,7,8,Yes,3,No,Low,No,51-60
EV03619,47,Male,96130.0,Suburban,14.7,2,Hatchback,0,3,Yes,1,Yes,Low,No,41-50
EV03620,43,Male,121400.0,Rural,44.6,4,Hatchback,0,1,Yes,1,No,Low,No,41-50
EV03621,43,Male,84708.0,Urban,53.6,1,Sedan,13,5,No,5,Yes,Low,No,41-50
EV03622,59,Female,139014.0,Suburban,16.5,2,SUV,6,4,Yes,3,Yes,Low,Yes,51-60
EV03623,59,Male,61610.0,Rural,69.0,2,SUV,0,0,Yes,3,Yes,Low,No,51-60
EV03624,64,Female,57809.0,Rural,43.7,1,Sedan,0,0,Yes,4,Yes,Low,No,61-70
EV03625,39,Female,101431.0,Urban,64.9,4,Sedan,11,12,Yes,5,Yes,Low,Yes,31-40
EV03626,56,Male,54018.0,Urban,5.0,4,Truck,3,8,Yes,1,Yes,Low,No,51-60
EV03627,47,Male,141870.0,Suburban,63.6,1,SUV,4,9,Yes,5,No,Low,Yes,41-50
EV03628,38,Female,92193.0,Suburban,84.8,2,SUV,4,5,Yes,3,No,Low,No,31-40
EV03629,50,Male,87555.0,Rural,5.0,1,Sedan,2,2,Yes,2,Yes,Low,Yes,41-50
EV03630,67,Female,99640.0,Urban,5.0,1,Hatchback,7,12,No,5,Yes,Low,Yes,61-70
EV03631,60,Male,85434.0,Suburban,22.4,1,Sedan,0,2,No,3,No,Low,No,51-60
EV03632,39,Female,78453.0,Urban,26.0,1,Hatchback,9,9,No,1,Yes,Low,No,31-40
EV03633,26,Male,150085.0,Suburban,31.7,2,SUV,7,3,Yes,3,No,Low,No,18-30
EV03634,43,Male,157509.0,Suburban,96.3,3,Sedan,5,9,Yes,4,No,Low,No,41-50
EV03635,54,Male,73145.0,Urban,59.2,1,SUV,5,5,No,3,Yes,Medium,No,51-60
EV03636,37,Female,127284.0,Rural,27.9,2,Hatchback,0,3,Yes,2,No,Low,No,31-40
EV03637,39,Female,95431.0,Suburban,5.0,2,Hatchback,6,5,Yes,3,Yes,Low,Yes,31-40
EV03638,33,Male,30000.0,Suburban,18.9,3,Sedan,5,4,Yes,5,No,Low,No,31-40
EV03639,57,Female,148883.0,Suburban,41.0,1,SUV,6,6,No,5,Yes,Medium,Yes,51-60
EV03640,27,Female,72700.0,Rural,13.7,1,Sedan,0,1,Yes,3,Yes,Low,No,18-30
EV03641,54,Female,106382.0,Urban,37.3,1,Truck,11,12,No,2,Yes,Low,No,51-60
EV03642,49,Male,80942.0,Rural,19.9,2,Sedan,0,2,Yes,5,Yes,Low,Yes,41-50
EV03643,57,Other,81958.0,Urban,82.9,4,Hatchback,5,11,No,4,Yes,Low,Yes,51-60
EV03644,31,Female,76967.0,Suburban,43.1,2,Sedan,5,7,Yes,2,Yes,Low,No,31-40
EV03645,55,Male,144604.0,Suburban,63.1,1,Hatchback,7,8,No,1,Yes,High,No,51-60
EV03646,41,Female,69169.0,Suburban,61.9,1,Sedan,6,2,Yes,4,No,Low,No,41-50
EV03647,59,Female,63353.0,Urban,28.6,2,Hatchback,11,13,No,4,No,Low,No,51-60
EV03648,68,Male,72243.0,Suburban,58.4,2,Hatchback,1,6,Yes,3,No,Low,No,61-70
EV03649,26,Male,125309.0,Suburban,59.5,1,Truck,5,9,Yes,2,Yes,Low,No,18-30
EV03650,41,Male,133511.0,Urban,38.0,3,Sedan,7,4,No,1,Yes,Low,No,41-50
EV03651,36,Female,91412.0,Suburban,70.3,2,SUV,0,7,Yes,3,Yes,Low,No,31-40
EV03652,66,Male,40804.0,Suburban,29.2,2,Hatchback,4,9,Yes,3,No,Low,No,61-70
EV03653,25,Other,32379.0,Suburban,11.8,1,Hatchback,1,7,Yes,2,Yes,Low,No,18-30
EV03654,29,Female,134339.0,Suburban,38.3,3,Truck,1,5,Yes,1,Yes,Low,No,18-30
EV03655,64,Male,143117.0,Urban,46.4,2,SUV,8,17,No,4,Yes,Low,Yes,61-70
EV03656,41,Male,70591.0,Suburban,55.7,1,Truck,0,1,Yes,2,Yes,Low,No,41-50
EV03657,58,Male,109160.0,Urban,54.1,2,Truck,14,7,Yes,5,No,Low,Yes,51-60
EV03658,51,Male,85652.0,Urban,13.4,3,Hatchback,11,11,No,3,Yes,Low,No,51-60
EV03659,27,Male,115353.0,Suburban,83.4,2,SUV,0,9,Yes,1,No,Low,No,18-30
EV03660,52,Male,76360.0,Suburban,54.1,4,Sedan,3,2,Yes,3,Yes,Low,Yes,51-60
EV03661,68,Male,78308.0,Urban,36.4,1,Sedan,9,19,Yes,2,Yes,Low,No,61-70
EV03662,25,Female,114372.0,Urban,40.2,3,Truck,3,3,Yes,1,Yes,Low,No,18-30
EV03663,35,Male,100972.0,Urban,16.1,3,Hatchback,12,12,Yes,4,Yes,Low,Yes,31-40
EV03664,34,Female,63007.0,Urban,28.3,2,Truck,6,11,No,1,Yes,Medium,No,31-40
EV03665,35,Male,55586.0,Urban,42.9,2,Sedan,12,13,No,4,Yes,Low,No,31-40
EV03666,67,Female,48080.0,Suburban,57.2,2,SUV,5,1,No,1,Yes,Medium,No,61-70
EV03667,56,Male,31549.0,Urban,57.0,2,Sedan,6,19,No,3,Yes,Low,No,51-60
EV03668,45,Female,55879.0,Suburban,69.7,1,Truck,7,4,Yes,5,Yes,Low,No,41-50
EV03669,51,Male,71747.0,Urban,88.3,1,SUV,3,7,Yes,3,Yes,Low,No,51-60
EV03670,66,Male,112358.0,Suburban,86.1,1,Sedan,3,8,No,1,Yes,Medium,No,61-70
EV03671,58,Male,126680.0,Rural,38.1,4,SUV,2,0,Yes,3,No,Low,No,51-60
EV03672,32,Male,82433.0,Suburban,54.2,1,SUV,7,5,Yes,1,No,Low,No,31-40
EV03673,46,Female,139562.0,Urban,79.9,4,Sedan,6,14,Yes,3,Yes,Low,Yes,41-50
EV03674,57,Male,30000.0,Rural,58.0,3,Sedan,2,1,Yes,4,Yes,Low,No,51-60
EV03675,35,Male,81159.0,Suburban,45.7,1,SUV,4,8,Yes,5,Yes,Low,Yes,31-40
EV03676,34,Female,95819.0,Urban,40.4,1,Truck,8,19,Yes,5,No,Low,No,31-40
EV03677,27,Female,76087.0,Rural,66.2,1,Sedan,1,3,No,3,Yes,Medium,No,18-30
EV03678,52,Male,91167.0,Urban,5.0,3,Truck,12,11,No,4,No,Low,No,51-60
EV03679,57,Female,98671.0,Urban,43.9,3,Truck,4,16,No,4,No,Medium,No,51-60
EV03680,43,Female,93353.0,Suburban,8.2,1,Sedan,2,4,Yes,3,Yes,Low,No,41-50
EV03681,41,Female,71890.0,Suburban,16.8,1,SUV,0,7,Yes,5,Yes,Low,Yes,41-50
EV03682,68,Male,91879.0,Suburban,45.6,1,SUV,1,9,Yes,4,No,Low,No,61-70
EV03683,42,Female,30000.0,Suburban,26.7,2,Hatchback,4,5,Yes,1,No,Low,No,41-50
EV03684,50,Male,88615.0,Urban,57.9,2,SUV,12,14,No,1,No,Low,No,41-50
EV03685,32,Female,106745.0,Suburban,56.9,1,Hatchback,0,4,Yes,1,No,Low,No,31-40
EV03686,68,Female,132058.0,Urban,65.4,1,SUV,3,16,No,4,No,Low,No,61-70
EV03687,31,Female,34295.0,Rural,73.4,2,Truck,2,3,Yes,1,No,Low,No,31-40
EV03688,44,Male,73799.0,Rural,134.6,1,Sedan,0,3,No,5,No,Medium,No,41-50
EV03689,54,Female,102428.0,Rural,31.1,2,SUV,2,1,Yes,1,Yes,Low,No,51-60
EV03690,69,Male,38605.0,Suburban,99.4,2,SUV,3,7,Yes,4,Yes,Low,Yes,61-70
EV03691,42,Female,50593.0,Urban,42.8,1,Sedan,10,14,No,1,No,Low,No,41-50
EV03692,39,Female,98447.0,Suburban,52.0,1,Sedan,0,6,No,2,No,Medium,No,31-40
EV03693,44,Male,30000.0,Urban,5.0,2,SUV,5,7,Yes,4,Yes,Low,No,41-50
EV03694,44,Female,30886.0,Urban,16.8,2,Truck,10,16,No,5,No,Low,No,41-50
EV03695,39,Female,69998.0,Urban,44.5,2,Sedan,14,17,Yes,2,No,Low,No,31-40
EV03696,68,Female,100248.0,Suburban,24.8,2,Sedan,6,5,Yes,3,No,Low,No,61-70
EV03697,42,Female,121368.0,Rural,49.0,1,SUV,0,3,No,4,Yes,Medium,No,41-50
EV03698,35,Male,57177.0,Rural,21.5,1,Sedan,2,3,Yes,2,No,Low,No,31-40
EV03699,61,Male,49223.0,Urban,7.0,2,Sedan,12,11,Yes,2,No,Low,No,61-70
EV03700,45,Male,96256.0,Urban,52.3,4,Sedan,11,4,Yes,4,Yes,Low,Yes,41-50
EV03701,54,Male,84708.0,Urban,60.6,1,Sedan,2,17,No,3,Yes,Low,No,51-60
EV03702,39,Female,111811.0,Urban,17.8,1,Hatchback,5,3,No,2,Yes,Medium,No,31-40
EV03703,63,Male,57307.0,Suburban,66.6,2,Sedan,4,3,Yes,1,No,Low,No,61-70
EV03704,37,Female,88653.0,Urban,34.3,3,Sedan,12,5,No,2,Yes,Low,No,31-40
EV03705,26,Male,118145.0,Suburban,25.0,1,SUV,6,2,No,5,Yes,Low,No,18-30
EV03706,60,Female,90077.0,Urban,32.8,1,SUV,6,12,No,1,Yes,Low,No,51-60
EV03707,52,Male,133736.0,Urban,34.7,1,SUV,14,19,No,3,Yes,Low,No,51-60
EV03708,51,Male,72955.0,Rural,62.9,1,SUV,0,2,No,2,No,High,No,51-60
EV03709,49,Male,101925.0,Urban,47.4,2,SUV,13,19,No,2,Yes,Low,No,41-50
EV03710,60,Female,57337.0,Urban,50.5,1,SUV,14,6,No,4,No,Medium,No,51-60
EV03711,51,Male,84701.0,Suburban,33.4,3,Sedan,1,5,No,5,No,Medium,No,51-60
EV03712,67,Male,96213.0,Suburban,26.4,1,Hatchback,4,8,Yes,3,Yes,Low,No,61-70
EV03713,45,Female,89171.0,Rural,5.0,2,Sedan,0,1,Yes,4,No,Low,No,41-50
EV03714,68,Female,57473.0,Urban,53.3,2,Truck,5,6,No,4,Yes,Medium,No,61-70
EV03715,46,Male,85527.0,Urban,17.8,1,Sedan,6,8,Yes,1,Yes,Low,No,41-50
EV03716,35,Male,78497.0,Urban,34.6,1,Hatchback,11,3,Yes,2,No,Low,No,31-40
EV03717,39,Male,83635.0,Suburban,77.0,3,SUV,0,9,Yes,1,No,Low,No,31-40
EV03718,60,Male,83809.0,Urban,81.8,2,SUV,5,3,No,2,Yes,Medium,No,51-60
EV03719,62,Male,97589.0,Rural,50.7,1,Sedan,1,1,Yes,5,Yes,Low,Yes,61-70
EV03720,42,Female,90283.0,Urban,59.3,3,Sedan,12,4,No,3,Yes,Low,Yes,41-50
EV03721,51,Male,35607.0,Suburban,30.7,2,Sedan,1,4,Yes,1,No,Medium,No,51-60
EV03722,39,Female,104885.0,Rural,28.4,1,Hatchback,0,0,Yes,4,Yes,Low,No,31-40
EV03723,31,Female,54072.0,Rural,36.3,1,SUV,0,3,Yes,4,No,Low,No,31-40
EV03724,38,Male,52533.0,Suburban,62.2,2,SUV,1,5,Yes,4,Yes,Low,No,31-40
EV03725,66,Other,74902.0,Suburban,22.9,1,Sedan,5,9,Yes,2,No,Low,No,61-70
EV03726,50,Male,74682.0,Suburban,97.4,1,SUV,1,9,Yes,4,Yes,Low,No,41-50
EV03727,42,Male,30000.0,Suburban,5.0,1,Hatchback,0,4,No,2,No,Medium,No,41-50
EV03728,27,Other,124432.0,Urban,79.0,2,SUV,8,18,No,5,No,Low,Yes,18-30
EV03729,36,Male,30000.0,Suburban,22.0,1,Sedan,5,8,Yes,3,Yes,Low,No,31-40
EV03730,27,Male,99822.0,Urban,21.0,3,SUV,8,12,No,1,No,Low,No,18-30
EV03731,45,Female,30000.0,Rural,28.9,2,SUV,1,2,Yes,2,Yes,Low,No,41-50
EV03732,48,Female,105596.0,Urban,11.7,2,Truck,7,16,No,5,No,Low,Yes,41-50
EV03733,47,Male,71709.0,Suburban,50.0,1,SUV,6,9,Yes,2,No,Low,No,41-50
EV03734,67,Female,83314.0,Urban,22.1,2,Sedan,5,13,No,3,No,Low,No,61-70
EV03735,61,Male,48457.0,Urban,75.7,1,Sedan,13,18,No,3,Yes,Low,No,61-70
EV03736,47,Female,103503.0,Urban,64.0,2,Sedan,13,11,No,1,Yes,Medium,No,41-50
EV03737,41,Male,96250.0,Suburban,40.2,2,SUV,4,7,No,3,Yes,Low,Yes,41-50
EV03738,45,Male,168654.0,Urban,48.1,1,Sedan,11,19,No,2,Yes,Low,No,41-50
EV03739,25,Male,76070.0,Suburban,14.4,2,SUV,6,8,Yes,1,Yes,Low,No,18-30
EV03740,50,Female,105292.0,Urban,28.2,3,SUV,3,8,No,5,Yes,Medium,No,41-50
EV03741,25,Female,113276.0,Urban,21.8,2,Sedan,3,3,No,5,No,Medium,No,18-30
EV03742,32,Male,89578.0,Suburban,47.2,2,Hatchback,7,4,Yes,2,Yes,Low,No,31-40
EV03743,62,Male,74639.0,Suburban,49.6,1,Sedan,6,7,Yes,2,Yes,Low,No,61-70
EV03744,54,Male,145514.0,Urban,25.3,1,Hatchback,12,3,Yes,3,No,Low,No,51-60
EV03745,47,Male,75015.0,Suburban,67.6,3,SUV,7,3,Yes,4,Yes,Low,No,41-50
EV03746,29,Female,30000.0,Suburban,36.7,2,Sedan,7,1,Yes,1,Yes,Low,No,18-30
EV03747,66,Female,56003.0,Rural,5.0,3,Sedan,0,1,Yes,2,No,Low,No,61-70
EV03748,65,Female,33799.0,Rural,59.9,2,SUV,0,0,No,5,Yes,Medium,No,61-70
EV03749,59,Male,78418.0,Suburban,51.1,1,Truck,7,3,Yes,4,Yes,Low,No,51-60
EV03750,69,Male,102547.0,Urban,15.7,1,Sedan,12,11,Yes,4,No,Low,No,61-70
EV03751,35,Male,99161.0,Rural,27.0,2,Hatchback,2,3,Yes,1,Yes,Low,No,31-40
EV03752,29,Other,119625.0,Urban,46.7,2,Sedan,6,12,No,2,Yes,Low,No,18-30
EV03753,27,Male,64393.0,Rural,35.3,1,Truck,1,2,Yes,1,Yes,Low,No,18-30
EV03754,47,Male,91201.0,Suburban,22.6,2,Sedan,5,8,Yes,3,No,Low,No,41-50
EV03755,66,Female,40429.0,Urban,48.4,2,SUV,13,6,No,1,Yes,Low,No,61-70
EV03756,65,Female,71331.0,Urban,5.0,2,Hatchback,11,9,No,2,Yes,Low,No,61-70
EV03757,49,Female,121886.0,Urban,31.5,4,Sedan,12,5,Yes,1,Yes,Low,No,41-50
EV03758,30,Male,44002.0,Suburban,40.1,1,Sedan,7,1,Yes,4,Yes,Low,No,18-30
EV03759,57,Male,120381.0,Suburban,46.4,3,SUV,4,9,Yes,3,No,Low,No,51-60
EV03760,61,Male,66199.0,Suburban,46.7,3,Hatchback,0,2,Yes,4,No,Low,No,61-70
EV03761,64,Male,96295.0,Rural,60.5,1,Hatchback,1,2,Yes,1,Yes,Low,No,61-70
EV03762,48,Male,97859.0,Urban,17.6,1,Truck,7,14,Yes,3,Yes,Low,Yes,41-50
EV03763,31,Female,40145.0,Suburban,38.5,2,SUV,0,3,Yes,2,No,Low,No,31-40
EV03764,33,Female,40522.0,Urban,28.7,2,Hatchback,5,15,No,5,Yes,Low,No,31-40
EV03765,25,Male,94210.0,Urban,18.5,1,Hatchback,10,18,Yes,3,Yes,Low,No,18-30
EV03766,67,Female,52568.0,Urban,48.6,3,SUV,7,12,Yes,1,Yes,Low,No,61-70
EV03767,35,Female,91262.0,Suburban,37.0,2,Truck,1,3,Yes,4,No,Low,No,31-40
EV03768,57,Female,127439.0,Suburban,5.0,1,Sedan,1,3,Yes,2,Yes,Low,No,51-60
EV03769,27,Female,134051.0,Suburban,32.5,2,Sedan,1,6,No,1,Yes,Low,No,18-30
EV03770,25,Male,88137.0,Suburban,40.2,2,SUV,7,6,Yes,3,No,Low,No,18-30
EV03771,46,Male,31946.0,Urban,65.3,2,Sedan,11,6,No,3,Yes,Low,No,41-50
EV03772,57,Female,136025.0,Urban,16.1,2,Truck,12,9,No,5,Yes,Low,Yes,51-60
EV03773,38,Male,87649.0,Urban,55.0,2,SUV,4,8,Yes,4,No,Low,No,31-40
EV03774,52,Male,105640.0,Urban,33.1,1,SUV,12,17,Yes,4,Yes,Low,No,51-60
EV03775,55,Male,59845.0,Urban,48.7,2,Sedan,3,12,Yes,1,Yes,Low,No,51-60
EV03776,52,Other,64505.0,Suburban,70.6,1,SUV,3,3,Yes,2,Yes,Low,No,51-60
EV03777,27,Male,55988.0,Rural,46.6,1,SUV,0,1,Yes,3,No,Low,No,18-30
EV03778,62,Female,72874.0,Urban,37.5,2,Sedan,13,15,Yes,5,No,Low,Yes,61-70
EV03779,33,Female,55447.0,Urban,73.5,1,Sedan,12,8,No,4,Yes,Low,No,31-40
EV03780,28,Male,67519.0,Suburban,5.0,1,Sedan,3,1,No,3,Yes,Medium,No,18-30
EV03781,42,Male,30000.0,Suburban,53.4,2,Hatchback,1,8,Yes,2,No,Low,No,41-50
EV03782,65,Male,100055.0,Urban,42.4,2,SUV,2,12,No,2,Yes,Low,No,61-70
EV03783,58,Female,122986.0,Rural,27.6,4,SUV,0,2,No,2,Yes,Medium,No,51-60
EV03784,66,Male,71909.0,Urban,25.6,1,Sedan,8,6,No,3,No,Low,No,61-70
EV03785,30,Female,77421.0,Urban,44.0,3,SUV,3,16,No,1,No,Low,No,18-30
EV03786,68,Male,32447.0,Suburban,25.5,1,Hatchback,5,6,Yes,5,No,Low,No,61-70
EV03787,38,Male,61984.0,Urban,17.4,1,SUV,8,19,Yes,3,Yes,Low,No,31-40
EV03788,63,Male,75311.0,Rural,23.3,1,SUV,0,3,Yes,2,No,Low,No,61-70
EV03789,35,Male,68743.0,Suburban,54.0,1,Sedan,0,1,No,1,Yes,High,No,31-40
EV03790,40,Female,77331.0,Suburban,5.0,3,Sedan,6,3,Yes,5,Yes,Low,Yes,31-40
EV03791,26,Male,164769.0,Urban,51.8,2,SUV,9,11,No,1,No,Low,No,18-30
EV03792,62,Male,119934.0,Suburban,53.7,3,SUV,4,6,Yes,5,Yes,Low,Yes,61-70
EV03793,49,Female,75308.0,Urban,41.0,1,Sedan,14,3,Yes,3,Yes,Low,Yes,41-50
EV03794,28,Female,66292.0,Urban,61.5,1,Truck,12,5,Yes,4,Yes,Low,No,18-30
EV03795,37,Male,78447.0,Urban,102.5,3,Hatchback,11,6,No,3,No,Medium,No,31-40
EV03796,63,Male,134502.0,Urban,72.8,1,Sedan,14,14,No,2,Yes,Low,Yes,61-70
EV03797,33,Female,146423.0,Rural,44.4,2,Hatchback,1,1,Yes,5,Yes,Low,Yes,31-40
EV03798,29,Female,59721.0,Suburban,28.8,2,Truck,5,1,Yes,2,Yes,Low,No,18-30
EV03799,61,Male,42424.0,Urban,27.3,3,Sedan,8,18,Yes,1,Yes,Low,No,61-70
EV03800,35,Male,86543.0,Suburban,30.1,3,SUV,4,6,No,3,Yes,Low,Yes,31-40
EV03801,37,Female,153545.0,Urban,30.7,2,SUV,5,8,No,4,Yes,Medium,No,31-40
EV03802,52,Female,30000.0,Suburban,90.1,3,Truck,3,1,No,1,Yes,Medium,No,51-60
EV03803,46,Male,104084.0,Urban,5.0,4,Sedan,7,8,No,2,Yes,Low,No,41-50
EV03804,65,Female,62240.0,Suburban,99.8,2,Hatchback,3,6,Yes,1,No,Low,No,61-70
EV03805,57,Male,69396.0,Suburban,5.0,1,Sedan,3,9,No,3,Yes,Low,No,51-60
EV03806,37,Female,105796.0,Suburban,31.1,1,SUV,3,3,Yes,5,Yes,Low,Yes,31-40
EV03807,41,Female,94869.0,Suburban,12.8,1,SUV,6,2,Yes,2,Yes,Low,No,41-50
EV03808,67,Female,59715.0,Urban,33.1,2,Truck,10,18,No,4,Yes,Low,No,61-70
EV03809,27,Female,103331.0,Urban,74.2,2,Sedan,10,11,No,4,Yes,Low,No,18-30
EV03810,56,Male,178827.0,Suburban,23.9,2,Sedan,6,1,No,1,Yes,Medium,No,51-60
EV03811,46,Male,39084.0,Urban,52.4,3,SUV,3,9,Yes,4,Yes,Low,Yes,41-50
EV03812,38,Female,102063.0,Urban,36.0,3,Sedan,6,4,No,5,Yes,Low,Yes,31-40
EV03813,39,Male,66013.0,Urban,45.8,1,SUV,8,18,No,2,No,Low,No,31-40
EV03814,26,Male,109965.0,Suburban,34.2,2,Sedan,3,1,Yes,3,No,Low,No,18-30
EV03815,49,Male,42323.0,Urban,57.9,2,SUV,4,9,No,1,Yes,Low,No,41-50
EV03816,66,Male,59798.0,Urban,37.4,1,SUV,8,17,No,1,No,Medium,No,61-70
EV03817,34,Male,91589.0,Rural,7.7,1,Hatchback,2,1,Yes,4,No,Low,No,31-40
EV03818,33,Male,63155.0,Suburban,59.6,2,SUV,6,5,Yes,3,Yes,Low,Yes,31-40
EV03819,42,Female,86896.0,Rural,23.1,2,Sedan,1,2,Yes,5,No,Low,No,41-50
EV03820,60,Male,119036.0,Urban,23.9,2,Sedan,9,9,No,2,Yes,Medium,No,51-60
EV03821,48,Male,78544.0,Urban,50.0,1,SUV,5,3,No,3,No,Medium,No,41-50
EV03822,61,Male,49395.0,Urban,15.9,2,Hatchback,8,17,Yes,3,No,Low,No,61-70
EV03823,42,Male,132951.0,Suburban,12.9,2,Sedan,6,1,Yes,1,No,Low,No,41-50
EV03824,48,Female,67079.0,Suburban,43.8,3,Hatchback,3,8,Yes,1,Yes,Low,No,41-50
EV03825,62,Male,124071.0,Suburban,18.5,1,Hatchback,3,7,No,2,No,Low,No,61-70
EV03826,63,Female,80653.0,Suburban,21.0,3,SUV,4,2,Yes,5,No,Low,No,61-70
EV03827,50,Female,59539.0,Urban,56.4,2,SUV,2,6,Yes,2,Yes,Low,Yes,41-50
EV03828,55,Male,142863.0,Suburban,10.6,1,Hatchback,1,5,Yes,4,Yes,Low,Yes,51-60
EV03829,41,Male,79989.0,Urban,53.9,2,Hatchback,13,15,Yes,3,No,Low,No,41-50
EV03830,55,Female,56777.0,Suburban,10.1,3,Sedan,3,5,Yes,2,No,Low,No,51-60
EV03831,67,Male,138014.0,Suburban,5.0,2,SUV,1,7,Yes,4,Yes,Low,Yes,61-70
EV03832,39,Male,212377.0,Urban,15.1,1,Sedan,10,11,No,2,Yes,Low,Yes,31-40
EV03833,28,Male,54917.0,Urban,82.0,2,SUV,11,10,No,5,Yes,Low,Yes,18-30
EV03834,27,Male,111495.0,Suburban,6.0,1,Sedan,4,1,Yes,4,No,Low,No,18-30
EV03835,60,Male,97483.0,Urban,26.4,1,Truck,4,8,No,4,Yes,Low,No,51-60
EV03836,68,Female,30000.0,Urban,16.3,2,SUV,14,5,No,5,Yes,Low,Yes,61-70
EV03837,33,Female,51321.0,Rural,70.1,3,SUV,2,0,Yes,1,Yes,Low,No,31-40
EV03838,54,Male,163475.0,Urban,47.4,1,Hatchback,11,10,Yes,3,No,Low,No,51-60
EV03839,67,Female,107396.0,Urban,79.7,3,SUV,12,19,Yes,2,Yes,Low,No,61-70
EV03840,69,Female,94270.0,Urban,26.1,2,Sedan,9,7,No,2,No,Medium,No,61-70
EV03841,64,Male,51903.0,Rural,57.6,3,SUV,1,0,Yes,4,No,Low,No,61-70
EV03842,59,Male,53210.0,Suburban,76.3,1,SUV,7,1,No,3,Yes,High,No,51-60
EV03843,66,Male,111034.0,Urban,58.7,2,Sedan,13,18,No,5,Yes,Low,Yes,61-70
EV03844,60,Male,85131.0,Suburban,51.4,2,SUV,6,8,Yes,4,No,Low,No,51-60
EV03845,50,Female,47873.0,Suburban,51.4,1,SUV,1,1,No,2,No,Medium,No,41-50
EV03846,29,Male,58816.0,Rural,31.3,2,Sedan,1,0,Yes,3,Yes,Low,No,18-30
EV03847,52,Female,72896.0,Urban,14.7,2,Sedan,14,10,Yes,2,No,Low,No,51-60
EV03848,43,Female,96710.0,Urban,45.7,3,Sedan,13,17,Yes,1,No,Low,No,41-50
EV03849,53,Male,44623.0,Rural,41.5,3,Sedan,1,0,Yes,1,No,Low,No,51-60
EV03850,37,Male,82601.0,Urban,14.5,2,Truck,12,12,No,4,Yes,Low,Yes,31-40
EV03851,46,Female,64522.0,Rural,38.5,3,SUV,1,2,Yes,4,Yes,Low,Yes,41-50
EV03852,53,Female,76270.0,Urban,28.9,2,Sedan,4,4,Yes,3,Yes,Low,No,51-60
EV03853,29,Male,71980.0,Urban,23.6,2,SUV,3,17,No,5,Yes,Low,No,18-30
EV03854,30,Female,61505.0,Suburban,35.3,2,Truck,6,1,Yes,5,No,Low,No,18-30
EV03855,61,Female,88124.0,Rural,45.8,3,Sedan,0,0,Yes,5,Yes,Low,Yes,61-70
EV03856,54,Male,111091.0,Suburban,52.3,3,SUV,7,8,Yes,4,Yes,Low,No,51-60
EV03857,59,Male,30000.0,Urban,69.0,4,Hatchback,6,14,Yes,5,Yes,Low,No,51-60
EV03858,58,Female,128491.0,Suburban,26.6,2,Truck,3,1,Yes,4,Yes,Low,No,51-60
EV03859,36,Male,56023.0,Urban,43.2,2,SUV,10,13,No,1,Yes,Low,No,31-40
EV03860,58,Male,108788.0,Suburban,17.1,2,Sedan,2,3,Yes,5,No,Low,No,51-60
EV03861,60,Male,60022.0,Urban,42.8,2,Sedan,9,10,No,2,No,Low,No,51-60
EV03862,68,Female,30000.0,Suburban,44.0,3,Sedan,4,5,Yes,4,Yes,Low,No,61-70
EV03863,39,Female,30000.0,Urban,21.0,2,Hatchback,11,9,Yes,5,No,Low,No,31-40
EV03864,35,Male,132715.0,Urban,43.7,2,SUV,9,8,No,2,Yes,Low,Yes,31-40
EV03865,58,Other,142687.0,Urban,12.3,2,Sedan,10,11,No,5,No,Low,Yes,51-60
EV03866,61,Female,91184.0,Urban,46.8,2,SUV,3,3,No,3,No,Medium,No,61-70
EV03867,59,Male,104473.0,Rural,5.0,2,Hatchback,2,2,Yes,2,Yes,Low,No,51-60
EV03868,55,Male,89657.0,Suburban,5.0,4,Truck,7,3,Yes,3,Yes,Low,No,51-60
EV03869,25,Female,30000.0,Rural,5.0,1,Sedan,2,3,Yes,4,Yes,Low,Yes,18-30
EV03870,46,Female,72604.0,Urban,28.4,1,Sedan,14,15,Yes,2,Yes,Low,No,41-50
EV03871,45,Male,39370.0,Urban,43.4,2,SUV,14,6,Yes,5,Yes,Low,No,41-50
EV03872,51,Female,119154.0,Rural,41.8,1,SUV,1,2,Yes,4,Yes,Low,Yes,51-60
EV03873,25,Other,92387.0,Suburban,48.4,3,SUV,2,1,Yes,5,No,Low,No,18-30
EV03874,29,Female,46590.0,Suburban,47.9,3,Sedan,0,8,Yes,2,Yes,Low,No,18-30
EV03875,58,Male,30000.0,Suburban,18.3,1,Sedan,2,9,Yes,3,No,Low,No,51-60
EV03876,52,Male,59242.0,Suburban,46.8,2,Sedan,7,2,Yes,3,Yes,Low,No,51-60
EV03877,29,Male,30000.0,Urban,68.2,1,Hatchback,8,16,No,5,Yes,Medium,No,18-30
EV03878,57,Female,107919.0,Urban,5.0,1,Truck,10,13,No,3,No,Low,No,51-60
EV03879,35,Male,113501.0,Suburban,34.8,1,SUV,0,7,Yes,4,Yes,Low,No,31-40
EV03880,68,Male,88069.0,Urban,12.6,2,SUV,5,9,Yes,5,No,Low,Yes,61-70
EV03881,39,Female,38577.0,Urban,65.1,1,Hatchback,3,12,No,4,No,Low,No,31-40
EV03882,31,Male,120429.0,Urban,43.8,1,Sedan,10,10,No,2,No,Medium,No,31-40
EV03883,29,Male,78174.0,Urban,24.1,1,Truck,4,4,Yes,5,No,Low,No,18-30
EV03884,32,Male,119183.0,Urban,103.7,3,Sedan,5,10,No,2,No,Medium,No,31-40
EV03885,34,Female,70221.0,Urban,66.6,2,Truck,4,16,No,1,No,Low,No,31-40
EV03886,49,Female,41430.0,Urban,34.5,1,Hatchback,11,10,No,4,No,Low,No,41-50
EV03887,51,Female,88890.0,Urban,87.6,1,Truck,8,9,Yes,4,Yes,Low,Yes,51-60
EV03888,61,Male,107565.0,Urban,71.6,1,Sedan,3,16,Yes,3,Yes,Low,Yes,61-70
EV03889,38,Male,38657.0,Urban,115.4,1,Sedan,6,15,Yes,5,Yes,Low,Yes,31-40
EV03890,55,Male,99357.0,Urban,30.2,3,Sedan,6,15,No,1,Yes,Low,No,51-60
EV03891,48,Female,84070.0,Suburban,67.0,1,SUV,0,9,Yes,5,Yes,Low,Yes,41-50
EV03892,69,Male,84207.0,Urban,33.7,1,Sedan,6,15,No,5,No,Low,No,61-70
EV03893,43,Female,156163.0,Rural,30.1,1,Sedan,2,2,Yes,4,Yes,Low,Yes,41-50
EV03894,57,Male,58922.0,Urban,5.0,2,SUV,10,17,Yes,3,Yes,Low,No,51-60
EV03895,39,Male,44563.0,Rural,57.2,1,SUV,2,2,Yes,2,No,Low,No,31-40
EV03896,54,Male,30000.0,Rural,8.7,2,Hatchback,2,0,Yes,1,No,Low,No,51-60
EV03897,52,Male,140211.0,Suburban,41.6,1,Sedan,5,8,Yes,1,Yes,Low,No,51-60
EV03898,57,Male,76033.0,Urban,37.7,3,Sedan,6,8,Yes,4,Yes,Low,No,51-60
EV03899,68,Female,110621.0,Rural,5.0,1,Hatchback,0,0,Yes,2,No,Low,No,61-70
EV03900,62,Male,58748.0,Urban,22.9,3,SUV,14,3,No,4,No,Low,No,61-70
EV03901,69,Female,114161.0,Urban,92.7,1,Sedan,9,11,No,3,Yes,Medium,No,61-70
EV03902,53,Male,45093.0,Suburban,60.1,2,Truck,0,7,Yes,4,Yes,Low,Yes,51-60
EV03903,45,Male,81701.0,Urban,35.8,2,Sedan,14,17,No,2,No,Low,No,41-50
EV03904,50,Other,48561.0,Urban,36.1,1,Hatchback,6,17,Yes,4,No,Low,No,41-50
EV03905,44,Female,55977.0,Urban,47.3,1,SUV,10,18,No,2,No,Low,No,41-50
EV03906,49,Male,46213.0,Urban,49.1,2,SUV,12,3,Yes,3,Yes,Low,No,41-50
EV03907,28,Male,85022.0,Urban,75.1,2,Hatchback,13,10,Yes,4,Yes,Low,Yes,18-30
EV03908,49,Male,96658.0,Urban,40.5,2,SUV,11,9,No,3,Yes,Low,No,41-50
EV03909,69,Male,83686.0,Urban,16.1,2,Sedan,3,9,Yes,5,Yes,Low,No,61-70
EV03910,31,Female,30000.0,Suburban,66.3,2,Sedan,3,8,Yes,4,Yes,Low,No,31-40
EV03911,25,Male,51651.0,Urban,69.1,2,SUV,13,15,No,1,Yes,Medium,No,18-30
EV03912,61,Female,83171.0,Urban,5.0,1,SUV,14,7,Yes,5,Yes,Low,No,61-70
EV03913,55,Female,85465.0,Suburban,38.8,2,SUV,0,7,Yes,3,Yes,Low,No,51-60
EV03914,34,Female,96007.0,Urban,29.8,3,Hatchback,7,5,No,5,No,Medium,No,31-40
EV03915,49,Male,84708.0,Rural,51.7,1,SUV,0,2,Yes,3,Yes,Low,No,41-50
EV03916,32,Other,157107.0,Urban,7.6,3,SUV,9,19,No,5,Yes,Low,Yes,31-40
EV03917,48,Male,56830.0,Urban,5.0,4,Sedan,7,15,No,4,Yes,Low,Yes,41-50
EV03918,41,Female,33108.0,Urban,35.0,1,SUV,11,3,No,1,No,Low,No,41-50
EV03919,37,Male,120741.0,Urban,8.5,3,Truck,2,13,No,1,Yes,Medium,No,31-40
EV03920,30,Female,101897.0,Rural,29.6,4,Sedan,2,3,Yes,1,No,Low,No,18-30
EV03921,50,Female,123609.0,Suburban,22.7,2,SUV,1,7,Yes,4,Yes,Low,Yes,41-50
EV03922,56,Male,47348.0,Rural,27.5,1,Sedan,0,3,Yes,4,Yes,Low,Yes,51-60
EV03923,34,Female,31915.0,Urban,36.4,3,SUV,7,15,No,5,No,Low,No,31-40
EV03924,39,Female,74657.0,Suburban,99.7,1,Sedan,3,9,Yes,3,Yes,Low,No,31-40
EV03925,52,Male,68933.0,Urban,47.6,3,SUV,5,7,No,5,No,Medium,No,51-60
EV03926,34,Female,105286.0,Suburban,5.0,2,Sedan,7,9,Yes,3,No,Low,No,31-40
EV03927,48,Female,45616.0,Suburban,51.9,1,SUV,4,1,Yes,3,No,Low,No,41-50
EV03928,47,Male,50650.0,Suburban,74.0,2,Sedan,2,4,Yes,4,Yes,Low,Yes,41-50
EV03929,60,Female,57328.0,Urban,25.8,2,Sedan,8,17,Yes,5,Yes,Low,Yes,51-60
EV03930,45,Female,62838.0,Urban,76.1,2,Sedan,9,6,No,1,Yes,Medium,No,41-50
EV03931,36,Female,139003.0,Urban,40.5,1,Truck,8,7,Yes,3,Yes,Low,No,31-40
EV03932,35,Male,41468.0,Rural,48.2,2,Sedan,0,2,Yes,4,No,Low,No,31-40
EV03933,40,Female,79594.0,Urban,51.6,1,SUV,14,8,No,5,Yes,Medium,No,31-40
EV03934,33,Male,126365.0,Urban,69.5,2,SUV,7,15,No,1,No,Low,No,31-40
EV03935,68,Male,108643.0,Rural,54.9,1,Hatchback,0,1,Yes,2,Yes,Low,No,61-70
EV03936,54,Male,64507.0,Urban,56.3,1,SUV,9,8,No,5,Yes,Low,No,51-60
EV03937,57,Male,90090.0,Urban,80.6,2,SUV,5,5,No,3,No,Medium,No,51-60
EV03938,29,Female,74709.0,Urban,37.1,1,Sedan,11,19,Yes,4,No,Low,No,18-30
EV03939,28,Female,134223.0,Suburban,31.4,1,SUV,1,2,No,1,Yes,Medium,No,18-30
EV03940,50,Male,72892.0,Rural,45.5,1,Sedan,2,0,Yes,4,No,Low,No,41-50
EV03941,30,Other,91108.0,Suburban,30.7,1,Hatchback,1,1,Yes,2,Yes,Low,No,18-30
EV03942,58,Female,57473.0,Urban,33.0,1,Truck,10,6,No,2,No,Low,No,51-60
EV03943,46,Male,130651.0,Urban,62.1,1,Sedan,14,8,Yes,2,No,Low,No,41-50
EV03944,33,Female,67409.0,Urban,54.9,2,Hatchback,10,6,Yes,4,Yes,Low,No,31-40
EV03945,59,Female,116461.0,Urban,19.3,1,Sedan,2,19,No,4,Yes,Low,Yes,51-60
EV03946,50,Female,30000.0,Urban,11.7,3,SUV,8,4,No,1,No,Low,No,41-50
EV03947,50,Male,117106.0,Urban,16.0,2,Hatchback,2,8,No,4,Yes,Low,Yes,41-50
EV03948,51,Male,77368.0,Urban,32.0,2,SUV,6,10,No,3,No,High,No,51-60
EV03949,53,Female,168349.0,Urban,22.7,3,SUV,3,6,Yes,3,No,Low,Yes,51-60
EV03950,62,Male,136752.0,Suburban,37.9,2,Sedan,6,7,No,1,Yes,Medium,No,61-70
EV03951,60,Male,80192.0,Suburban,43.7,2,Sedan,0,3,Yes,1,No,Low,No,51-60
EV03952,39,Female,133070.0,Urban,31.0,1,Hatchback,13,7,Yes,5,Yes,Low,Yes,31-40
EV03953,34,Male,73727.0,Urban,50.4,1,Sedan,11,19,No,2,Yes,Low,No,31-40
EV03954,36,Male,69083.0,Suburban,22.6,2,SUV,5,2,No,1,No,Medium,No,31-40
EV03955,43,Male,102542.0,Suburban,73.8,1,SUV,7,4,Yes,1,No,Low,No,41-50
EV03956,28,Female,97667.0,Suburban,40.2,1,Hatchback,4,7,Yes,2,Yes,Low,No,18-30
EV03957,58,Female,78757.0,Suburban,25.1,2,Sedan,3,7,No,5,No,Low,No,51-60
EV03958,38,Female,44910.0,Urban,71.9,1,Hatchback,10,17,Yes,2,Yes,Low,No,31-40
EV03959,65,Female,52624.0,Suburban,82.9,2,Sedan,7,8,No,4,Yes,Low,No,61-70
EV03960,31,Male,30000.0,Urban,65.8,2,Truck,14,18,Yes,1,No,Low,No,31-40
EV03961,66,Female,98846.0,Suburban,27.1,2,Sedan,7,9,No,3,Yes,Low,Yes,61-70
EV03962,33,Male,92649.0,Suburban,17.6,2,Sedan,7,8,No,1,Yes,Low,No,31-40
EV03963,48,Female,58928.0,Urban,46.8,4,Sedan,6,6,Yes,4,Yes,Low,No,41-50
EV03964,66,Female,97238.0,Urban,31.4,1,Sedan,11,7,Yes,4,No,Low,No,61-70
EV03965,52,Female,78424.0,Rural,31.5,2,Sedan,2,0,Yes,3,Yes,Low,No,51-60
EV03966,48,Female,66428.0,Suburban,52.4,3,Hatchback,5,4,Yes,3,Yes,Low,No,41-50
EV03967,53,Male,104551.0,Urban,69.1,3,Sedan,3,7,Yes,5,No,Low,No,51-60
EV03968,33,Female,118544.0,Rural,73.1,2,SUV,1,3,Yes,3,Yes,Low,No,31-40
EV03969,54,Male,93899.0,Urban,37.7,1,Sedan,8,14,Yes,5,Yes,Low,Yes,51-60
EV03970,67,Female,121286.0,Suburban,31.5,2,Truck,2,5,No,1,Yes,Low,No,61-70
EV03971,27,Male,50513.0,Urban,48.6,1,SUV,2,7,No,2,Yes,Medium,No,18-30
EV03972,50,Female,91282.0,Suburban,5.0,2,Truck,0,2,Yes,5,Yes,Low,Yes,41-50
EV03973,32,Female,162631.0,Suburban,52.3,2,Sedan,3,1,Yes,4,Yes,Low,Yes,31-40
EV03974,54,Female,104276.0,Suburban,47.9,1,Sedan,4,3,Yes,1,Yes,Low,No,51-60
EV03975,61,Female,94957.0,Rural,30.7,2,Truck,0,1,No,2,No,Low,No,61-70
EV03976,61,Female,134348.0,Urban,51.1,1,Sedan,8,8,Yes,5,Yes,Low,Yes,61-70
EV03977,29,Female,47339.0,Suburban,70.6,3,Sedan,3,2,No,3,Yes,Low,No,18-30
EV03978,51,Female,129257.0,Suburban,59.2,3,Sedan,4,8,No,4,No,Medium,No,51-60
EV03979,43,Male,74499.0,Urban,60.7,2,Sedan,11,14,Yes,4,No,Low,No,41-50
EV03980,31,Male,78595.0,Urban,40.2,2,Sedan,10,18,Yes,3,Yes,Low,No,31-40
EV03981,27,Male,99073.0,Suburban,16.8,4,Sedan,4,1,Yes,4,Yes,Low,Yes,18-30
EV03982,67,Female,115841.0,Suburban,87.8,2,SUV,4,6,Yes,5,Yes,Low,Yes,61-70
EV03983,30,Female,109048.0,Suburban,5.0,3,SUV,0,7,Yes,2,Yes,Low,No,18-30
EV03984,36,Female,107333.0,Rural,52.0,3,Sedan,0,3,Yes,3,Yes,Low,No,31-40
EV03985,28,Male,68629.0,Suburban,55.8,2,Sedan,3,8,Yes,4,Yes,Low,Yes,18-30
EV03986,62,Female,106588.0,Urban,40.7,1,SUV,11,6,No,5,Yes,Low,Yes,61-70
EV03987,37,Female,47631.0,Urban,8.4,1,SUV,4,8,Yes,5,Yes,Low,No,31-40
EV03988,26,Male,48910.0,Suburban,37.8,2,Truck,6,8,No,1,No,Medium,No,18-30
EV03989,56,Female,78659.0,Suburban,66.6,1,Sedan,2,4,Yes,4,Yes,Low,No,51-60
EV03990,62,Male,36404.0,Rural,62.1,2,SUV,1,2,Yes,2,Yes,Medium,No,61-70
EV03991,50,Other,54887.0,Urban,79.2,4,Hatchback,5,18,Yes,3,No,Low,No,41-50
EV03992,44,Female,46959.0,Rural,58.5,1,SUV,2,3,Yes,5,Yes,Low,No,41-50
EV03993,50,Female,123304.0,Urban,40.2,1,SUV,2,3,Yes,3,Yes,Low,Yes,41-50
EV03994,37,Male,49042.0,Urban,69.1,2,SUV,13,3,Yes,4,No,Low,No,31-40
EV03995,36,Female,87128.0,Rural,38.5,2,Hatchback,1,0,Yes,1,Yes,Low,No,31-40
EV03996,55,Male,36972.0,Suburban,46.5,1,SUV,0,3,Yes,1,Yes,Low,No,51-60
EV03997,34,Male,67712.0,Rural,60.7,1,Truck,1,1,Yes,5,Yes,Low,Yes,31-40
EV03998,56,Female,100732.0,Urban,49.0,1,SUV,2,12,No,3,Yes,Medium,No,51-60
EV03999,46,Male,106432.0,Urban,5.0,2,SUV,2,18,No,4,Yes,Low,Yes,41-50
EV04000,56,Male,81825.0,Suburban,37.4,2,Truck,6,6,Yes,5,Yes,Low,No,51-60
EV04001,43,Female,114407.0,Suburban,6.1,2,Sedan,6,9,Yes,3,Yes,Low,Yes,41-50
EV04002,50,Female,90508.0,Rural,61.7,1,Sedan,0,0,Yes,2,Yes,Low,Yes,41-50
EV04003,60,Male,65726.0,Suburban,19.8,1,SUV,3,5,Yes,2,No,Low,No,51-60
EV04004,41,Male,31124.0,Suburban,64.1,2,SUV,3,7,Yes,2,No,Low,No,41-50
EV04005,42,Male,73377.0,Urban,5.9,3,Sedan,3,3,No,2,Yes,Low,No,41-50
EV04006,48,Male,105020.0,Urban,43.3,3,SUV,4,9,Yes,4,Yes,Low,Yes,41-50
EV04007,64,Female,75739.0,Suburban,28.5,2,Sedan,2,5,Yes,2,Yes,Low,No,61-70
EV04008,41,Male,102406.0,Suburban,78.9,2,Truck,0,5,Yes,5,Yes,Low,Yes,41-50
EV04009,64,Female,49618.0,Suburban,5.0,2,Sedan,5,4,Yes,1,No,Low,No,61-70
EV04010,30,Male,45391.0,Urban,58.4,4,Truck,8,5,No,1,Yes,Medium,No,18-30
EV04011,33,Male,53598.0,Urban,94.0,4,Sedan,13,6,Yes,5,No,Low,No,31-40
EV04012,55,Female,123899.0,Urban,78.1,1,Truck,11,11,No,4,Yes,Medium,No,51-60
EV04013,64,Male,77060.0,Urban,40.0,1,Sedan,10,9,No,3,Yes,Low,No,61-70
EV04014,25,Male,66474.0,Suburban,62.6,3,SUV,4,5,Yes,5,Yes,Low,No,18-30
EV04015,36,Male,73881.0,Urban,23.6,1,SUV,3,9,Yes,5,Yes,Low,Yes,31-40
EV04016,32,Male,87466.0,Urban,52.4,3,Sedan,14,19,No,2,Yes,Medium,No,31-40
EV04017,56,Male,109025.0,Suburban,37.4,2,Sedan,2,8,Yes,5,Yes,Low,Yes,51-60
EV04018,29,Male,121827.0,Urban,37.3,1,Truck,6,8,Yes,4,No,Low,No,18-30
EV04019,63,Male,45896.0,Suburban,10.8,1,SUV,1,8,No,3,Yes,Low,No,61-70
EV04020,55,Male,112363.0,Urban,56.9,1,SUV,3,12,No,3,No,Low,No,51-60
EV04021,68,Female,105309.0,Urban,44.5,2,Sedan,14,14,No,4,Yes,Low,Yes,61-70
EV04022,42,Female,71149.0,Urban,25.9,2,SUV,9,10,No,2,Yes,Low,No,41-50
EV04023,33,Female,75081.0,Urban,35.9,1,Sedan,5,3,Yes,4,Yes,Low,Yes,31-40
EV04024,56,Male,106837.0,Urban,46.4,1,SUV,5,15,No,4,No,Low,No,51-60
EV04025,61,Female,85277.0,Suburban,21.1,2,SUV,4,8,Yes,3,Yes,Low,No,61-70
EV04026,28,Male,84708.0,Suburban,5.0,1,Sedan,5,4,Yes,4,No,Low,No,18-30
EV04027,56,Male,128316.0,Suburban,52.1,2,Truck,5,2,Yes,4,Yes,Low,No,51-60
EV04028,63,Male,79965.0,Suburban,54.8,2,SUV,6,9,Yes,2,No,Low,No,61-70
EV04029,38,Female,130569.0,Urban,20.7,2,Hatchback,7,5,Yes,1,No,Low,No,31-40
EV04030,54,Female,85224.0,Rural,9.5,2,Hatchback,1,0,Yes,3,No,Low,No,51-60
EV04031,62,Male,51483.0,Urban,68.4,2,Hatchback,11,19,Yes,1,Yes,Low,No,61-70
EV04032,42,Male,57076.0,Urban,58.8,1,SUV,14,6,No,3,No,Medium,No,41-50
EV04033,25,Male,54322.0,Urban,10.3,2,Sedan,6,9,No,4,No,Medium,No,18-30
EV04034,30,Male,60401.0,Urban,60.8,1,Sedan,14,12,Yes,1,No,Low,No,18-30
EV04035,44,Female,84889.0,Suburban,25.9,3,SUV,7,4,Yes,2,No,Low,No,41-50
EV04036,42,Female,75943.0,Suburban,18.8,2,SUV,2,1,Yes,4,Yes,Low,Yes,41-50
EV04037,53,Male,109841.0,Suburban,37.0,1,SUV,5,6,Yes,1,Yes,Low,No,51-60
EV04038,36,Male,88125.0,Urban,41.7,2,SUV,7,9,No,2,Yes,Low,No,31-40
EV04039,42,Female,88041.0,Suburban,27.2,2,SUV,1,7,No,5,No,High,No,41-50
EV04040,66,Male,47905.0,Urban,38.2,2,Sedan,8,9,Yes,2,No,Low,No,61-70
EV04041,26,Female,95772.0,Rural,31.9,3,Sedan,2,0,Yes,4,Yes,Low,No,18-30
EV04042,39,Male,101193.0,Rural,86.8,3,Truck,1,1,No,1,Yes,Medium,No,31-40
EV04043,54,Male,66341.0,Urban,79.6,4,Hatchback,12,15,No,5,Yes,Medium,No,51-60
EV04044,58,Male,113010.0,Urban,54.3,3,Hatchback,11,17,No,3,Yes,Low,No,51-60
EV04045,67,Male,40316.0,Urban,22.3,4,Truck,5,18,No,4,No,Low,No,61-70
EV04046,48,Male,68356.0,Suburban,20.1,2,Sedan,6,9,No,2,Yes,Low,No,41-50
EV04047,41,Female,52451.0,Urban,26.4,3,Sedan,6,17,No,5,Yes,Low,No,41-50
EV04048,29,Male,134433.0,Suburban,52.4,2,Sedan,0,3,No,2,No,Medium,No,18-30
EV04049,29,Male,49857.0,Suburban,35.8,2,SUV,7,2,Yes,2,Yes,Low,No,18-30
EV04050,33,Female,81751.0,Suburban,41.9,2,SUV,5,3,Yes,3,Yes,Low,No,31-40
EV04051,27,Female,56520.0,Urban,25.8,2,Hatchback,10,14,No,2,No,Low,No,18-30
EV04052,65,Female,66889.0,Suburban,32.6,1,Truck,2,7,Yes,4,No,Low,No,61-70
EV04053,28,Male,53730.0,Suburban,46.5,2,Truck,4,6,Yes,4,No,Low,No,18-30
EV04054,45,Male,94445.0,Suburban,100.3,1,SUV,0,6,Yes,3,No,Low,No,41-50
EV04055,45,Female,78320.0,Urban,53.7,1,Sedan,10,10,No,1,No,Low,No,41-50
EV04056,52,Female,102123.0,Urban,21.7,2,SUV,7,17,No,2,No,Medium,No,51-60
EV04057,51,Male,53746.0,Urban,39.7,3,Hatchback,5,4,Yes,4,Yes,Low,No,51-60
EV04058,29,Male,115744.0,Urban,8.3,1,Hatchback,2,15,No,2,No,Low,No,18-30
EV04059,55,Female,155959.0,Rural,25.8,1,Sedan,2,3,Yes,2,Yes,Low,Yes,51-60
EV04060,62,Female,41450.0,Suburban,5.0,2,Hatchback,4,5,Yes,4,Yes,Low,No,61-70
EV04061,49,Female,70309.0,Suburban,5.0,2,Sedan,1,4,Yes,5,Yes,Low,Yes,41-50
EV04062,28,Male,90396.0,Suburban,58.9,1,Hatchback,2,1,No,1,No,High,No,18-30
EV04063,40,Male,30888.0,Suburban,45.1,2,SUV,1,8,Yes,3,No,Low,No,31-40
EV04064,65,Male,86033.0,Urban,44.1,1,Truck,3,12,No,2,No,Medium,No,61-70
EV04065,53,Male,106769.0,Rural,40.0,1,SUV,1,3,Yes,4,No,Low,No,51-60
EV04066,48,Female,68445.0,Rural,36.5,1,SUV,1,1,Yes,5,No,Low,No,41-50
EV04067,62,Male,84708.0,Rural,87.9,2,Truck,1,1,Yes,3,No,Low,No,61-70
EV04068,64,Male,152758.0,Rural,31.4,1,SUV,0,3,Yes,2,Yes,Low,No,61-70
EV04069,32,Male,119835.0,Urban,52.0,1,Sedan,5,13,No,3,No,Low,No,31-40
EV04070,27,Male,76793.0,Suburban,38.8,3,Sedan,0,3,Yes,2,Yes,Low,No,18-30
EV04071,67,Male,39812.0,Urban,27.8,2,Sedan,3,15,No,5,No,Low,No,61-70
EV04072,55,Male,69687.0,Suburban,78.5,1,SUV,5,6,Yes,5,Yes,Low,Yes,51-60
EV04073,29,Female,88556.0,Suburban,22.4,1,Hatchback,7,6,Yes,4,Yes,Low,No,18-30
EV04074,46,Male,108860.0,Urban,43.3,2,SUV,11,5,No,1,Yes,Low,No,41-50
EV04075,32,Female,142042.0,Suburban,23.7,3,SUV,5,6,Yes,3,Yes,Low,Yes,31-40
EV04076,31,Male,80647.0,Urban,32.9,1,Sedan,10,11,Yes,3,Yes,Low,No,31-40
EV04077,54,Male,30000.0,Suburban,41.2,2,SUV,3,7,Yes,4,Yes,Medium,No,51-60
EV04078,38,Male,49277.0,Urban,28.3,3,SUV,7,8,No,5,Yes,High,No,31-40
EV04079,47,Male,86126.0,Urban,34.8,3,Sedan,4,11,Yes,2,No,Low,No,41-50
EV04080,69,Male,46845.0,Suburban,15.4,1,SUV,1,9,No,4,Yes,Low,No,61-70
EV04081,31,Male,97646.0,Urban,36.6,3,Sedan,3,9,No,1,No,Medium,No,31-40
EV04082,40,Male,82499.0,Suburban,52.4,1,Sedan,6,6,Yes,2,No,Low,No,31-40
EV04083,57,Female,68192.0,Suburban,48.5,2,Hatchback,5,6,Yes,3,No,Low,No,51-60
EV04084,43,Female,66085.0,Urban,52.2,2,Sedan,14,7,Yes,3,Yes,Low,Yes,41-50
EV04085,60,Female,95277.0,Urban,5.0,1,Hatchback,13,11,No,4,No,Low,No,51-60
EV04086,60,Female,121433.0,Suburban,40.9,1,Hatchback,0,5,No,5,Yes,Medium,No,51-60
EV04087,34,Male,132884.0,Urban,40.2,3,Hatchback,9,11,No,3,Yes,Low,No,31-40
EV04088,45,Female,87572.0,Urban,16.3,2,SUV,6,3,Yes,3,No,Low,No,41-50
EV04089,38,Female,125011.0,Urban,52.9,2,Sedan,14,11,Yes,5,Yes,Low,Yes,31-40
EV04090,27,Male,111935.0,Urban,89.7,3,Sedan,5,7,No,1,No,Medium,No,18-30
EV04091,38,Female,115922.0,Urban,55.4,2,Sedan,2,7,No,2,Yes,Medium,No,31-40
EV04092,68,Male,85372.0,Urban,28.1,4,Hatchback,11,3,No,2,Yes,Medium,No,61-70
EV04093,25,Female,70358.0,Urban,5.6,1,Sedan,9,14,No,2,Yes,Low,No,18-30
EV04094,63,Female,108681.0,Urban,19.5,2,SUV,6,7,No,5,Yes,Medium,No,61-70
EV04095,26,Male,55413.0,Urban,69.0,2,SUV,6,5,Yes,4,Yes,Low,No,18-30
EV04096,46,Male,85015.0,Suburban,77.3,2,SUV,1,8,Yes,1,Yes,Low,No,41-50
EV04097,25,Female,84708.0,Urban,5.0,3,Sedan,2,14,Yes,1,No,Low,No,18-30
EV04098,53,Female,103451.0,Suburban,49.0,3,SUV,6,5,Yes,2,Yes,Low,No,51-60
EV04099,51,Male,172047.0,Rural,23.0,1,SUV,1,3,Yes,4,No,Low,No,51-60
EV04100,26,Male,88903.0,Suburban,59.5,4,Sedan,7,5,Yes,3,No,Low,No,18-30
EV04101,66,Female,112038.0,Rural,23.0,2,Truck,2,0,Yes,5,Yes,Low,Yes,61-70
EV04102,31,Female,92880.0,Suburban,45.1,3,Sedan,7,8,Yes,3,No,Low,No,31-40
EV04103,58,Female,114404.0,Rural,39.4,2,Sedan,2,0,Yes,5,Yes,Low,Yes,51-60
EV04104,31,Male,75073.0,Urban,51.4,3,Truck,7,16,Yes,1,Yes,Low,No,31-40
EV04105,56,Male,102031.0,Suburban,57.5,1,Sedan,6,3,Yes,1,No,Low,No,51-60
EV04106,39,Male,32860.0,Suburban,7.9,2,Hatchback,2,1,Yes,3,Yes,Low,No,31-40
EV04107,36,Male,88614.0,Suburban,28.6,2,Sedan,7,6,Yes,4,Yes,Low,No,31-40
EV04108,49,Female,108193.0,Urban,60.0,1,Hatchback,3,17,Yes,2,Yes,Low,No,41-50
EV04109,52,Male,67376.0,Rural,55.6,1,SUV,1,1,Yes,2,Yes,Low,No,51-60
EV04110,65,Female,66159.0,Suburban,54.2,1,SUV,6,3,Yes,3,No,Low,No,61-70
EV04111,35,Male,60627.0,Urban,52.5,2,Sedan,4,19,Yes,1,No,Low,No,31-40
EV04112,34,Female,30000.0,Urban,55.4,1,Truck,2,10,No,4,Yes,Medium,No,31-40
EV04113,61,Male,78415.0,Rural,35.2,2,Sedan,2,1,Yes,3,Yes,Low,No,61-70
EV04114,42,Male,100262.0,Urban,49.9,1,Sedan,2,11,Yes,2,Yes,Low,No,41-50
EV04115,38,Male,97515.0,Suburban,44.2,2,Hatchback,1,7,No,4,No,Medium,No,31-40
EV04116,36,Male,75142.0,Suburban,40.2,4,Truck,7,5,No,4,Yes,Medium,No,31-40
EV04117,66,Male,38962.0,Urban,41.8,1,Hatchback,3,16,No,1,Yes,Low,No,61-70
EV04118,52,Male,78737.0,Urban,20.1,2,SUV,6,3,No,5,No,Medium,No,51-60
EV04119,48,Female,84451.0,Suburban,55.0,1,SUV,1,3,Yes,3,No,Low,No,41-50
EV04120,40,Other,98616.0,Urban,5.5,1,Truck,10,13,No,1,No,Low,No,31-40
EV04121,66,Male,85906.0,Urban,40.2,2,SUV,10,10,No,3,Yes,Low,No,61-70
EV04122,39,Female,105886.0,Urban,82.6,1,SUV,2,8,Yes,5,No,Low,Yes,31-40
EV04123,45,Female,89091.0,Urban,29.3,2,SUV,7,8,Yes,4,Yes,Low,No,41-50
EV04124,45,Female,88252.0,Suburban,34.3,2,SUV,5,9,Yes,3,Yes,Low,Yes,41-50
EV04125,47,Male,111768.0,Suburban,27.8,2,Truck,2,7,Yes,2,No,Low,No,41-50
EV04126,40,Female,84708.0,Rural,34.0,3,Hatchback,0,0,Yes,2,Yes,Low,Yes,31-40
EV04127,50,Other,104614.0,Urban,91.5,2,SUV,7,9,Yes,2,Yes,Low,No,41-50
EV04128,29,Female,101730.0,Suburban,62.7,3,SUV,2,7,Yes,1,No,Low,No,18-30
EV04129,45,Male,106036.0,Urban,26.3,1,SUV,5,11,No,5,Yes,Low,Yes,41-50
EV04130,63,Male,104912.0,Urban,87.6,1,Sedan,13,13,Yes,4,Yes,Low,Yes,61-70
EV04131,27,Male,55757.0,Urban,68.1,2,Truck,9,9,Yes,2,Yes,Low,No,18-30
EV04132,56,Female,95484.0,Urban,5.0,2,Sedan,8,14,No,1,Yes,Low,No,51-60
EV04133,34,Male,149469.0,Urban,39.5,2,Hatchback,11,10,No,1,Yes,Low,No,31-40
EV04134,60,Female,126575.0,Suburban,5.0,1,Sedan,7,7,Yes,2,Yes,Low,No,51-60
EV04135,29,Female,94103.0,Suburban,66.7,1,Truck,5,8,Yes,4,Yes,Low,No,18-30
EV04136,57,Male,102260.0,Rural,68.6,1,Sedan,1,0,Yes,2,Yes,Low,No,51-60
EV04137,54,Female,83113.0,Rural,30.3,2,SUV,1,2,No,1,Yes,High,No,51-60
EV04138,36,Male,62721.0,Suburban,8.9,3,SUV,6,5,No,2,Yes,Low,No,31-40
EV04139,56,Female,30000.0,Rural,25.3,1,Sedan,1,0,Yes,4,No,Low,No,51-60
EV04140,33,Female,83912.0,Suburban,31.7,2,SUV,6,6,Yes,4,No,Low,No,31-40
EV04141,28,Male,57366.0,Suburban,70.1,3,SUV,5,3,No,2,Yes,High,No,18-30
EV04142,50,Male,69483.0,Suburban,25.8,1,SUV,6,3,Yes,4,Yes,Low,Yes,41-50
EV04143,26,Male,118953.0,Urban,87.5,3,Sedan,9,19,No,3,Yes,Low,Yes,18-30
EV04144,69,Female,34278.0,Suburban,34.3,2,SUV,6,6,Yes,3,Yes,Low,No,61-70
EV04145,27,Female,175558.0,Suburban,25.4,1,Sedan,3,9,Yes,5,Yes,Low,Yes,18-30
EV04146,55,Male,95493.0,Rural,28.0,2,SUV,0,2,Yes,2,Yes,Low,No,51-60
EV04147,68,Female,118522.0,Suburban,34.9,2,Hatchback,4,1,Yes,3,Yes,Low,Yes,61-70
EV04148,69,Male,41733.0,Rural,23.1,1,Sedan,1,0,No,1,Yes,Medium,No,61-70
EV04149,48,Female,35874.0,Urban,40.2,2,Sedan,10,7,Yes,5,Yes,Low,Yes,41-50
EV04150,68,Male,132704.0,Urban,31.9,2,Sedan,8,15,No,1,Yes,Low,No,61-70
EV04151,46,Male,66688.0,Suburban,68.5,2,Sedan,6,9,Yes,4,No,Low,No,41-50
EV04152,30,Male,98064.0,Suburban,22.6,1,SUV,7,3,Yes,3,Yes,Low,Yes,18-30
EV04153,37,Male,30000.0,Suburban,5.9,1,SUV,5,6,Yes,5,No,Low,No,31-40
EV04154,65,Female,126834.0,Suburban,8.2,3,Sedan,4,4,Yes,5,Yes,Low,Yes,61-70
EV04155,28,Female,58940.0,Urban,99.9,2,Sedan,12,5,No,2,Yes,Low,No,18-30
EV04156,44,Male,168609.0,Urban,27.7,1,Sedan,9,15,No,1,Yes,Low,No,41-50
EV04157,49,Female,82872.0,Urban,40.7,1,Hatchback,7,7,No,1,Yes,Medium,No,41-50
EV04158,35,Male,77428.0,Urban,16.0,2,Sedan,14,4,No,1,Yes,Low,No,31-40
EV04159,32,Female,82150.0,Suburban,14.6,2,Sedan,5,8,Yes,5,No,Low,No,31-40
EV04160,62,Female,54006.0,Urban,55.1,2,SUV,12,14,No,4,Yes,Low,No,61-70
EV04161,68,Male,30000.0,Suburban,47.2,2,SUV,0,6,Yes,3,Yes,Low,No,61-70
EV04162,25,Female,101579.0,Urban,12.1,1,SUV,6,17,No,1,No,Low,No,18-30
EV04163,63,Male,41088.0,Suburban,38.8,3,SUV,5,6,Yes,3,Yes,Low,No,61-70
EV04164,68,Male,85426.0,Rural,31.4,1,Sedan,2,1,Yes,3,No,Low,No,61-70
EV04165,67,Male,107090.0,Suburban,20.9,2,Sedan,0,1,Yes,1,Yes,Low,No,61-70
EV04166,41,Male,44912.0,Suburban,16.6,3,Sedan,3,3,No,3,Yes,Medium,No,41-50
EV04167,35,Male,84901.0,Suburban,55.7,2,SUV,6,4,Yes,5,Yes,Low,No,31-40
EV04168,37,Male,114304.0,Urban,59.0,3,SUV,11,12,No,2,Yes,Low,No,31-40
EV04169,67,Male,70258.0,Urban,52.5,2,SUV,9,6,Yes,1,Yes,Low,No,61-70
EV04170,49,Other,38372.0,Rural,24.0,1,Truck,1,1,Yes,1,No,Low,No,41-50
EV04171,69,Male,107652.0,Urban,57.2,2,Truck,10,5,Yes,4,Yes,Low,No,61-70
EV04172,67,Female,127183.0,Suburban,38.6,2,Hatchback,3,8,Yes,4,Yes,Low,Yes,61-70
EV04173,37,Male,30000.0,Rural,40.2,3,Sedan,1,2,Yes,2,Yes,Low,No,31-40
EV04174,27,Female,94752.0,Suburban,5.0,3,Sedan,0,9,Yes,5,Yes,Low,Yes,18-30
EV04175,59,Male,108929.0,Urban,47.0,2,SUV,8,8,No,5,No,Low,No,51-60
EV04176,67,Male,121433.0,Urban,48.7,1,Sedan,8,4,No,4,No,High,No,61-70
EV04177,41,Female,53279.0,Urban,19.3,2,Sedan,2,14,No,1,No,Low,No,41-50
EV04178,47,Male,97267.0,Rural,88.7,4,Hatchback,0,1,Yes,2,No,Low,No,41-50
EV04179,47,Male,85224.0,Suburban,72.1,3,Sedan,2,7,Yes,5,No,Low,Yes,41-50
EV04180,56,Male,76795.0,Urban,78.2,2,SUV,9,17,Yes,5,No,Low,No,51-60
EV04181,68,Female,74846.0,Suburban,55.3,2,Hatchback,4,5,No,5,Yes,Medium,No,61-70
EV04182,54,Female,99297.0,Urban,88.2,1,SUV,13,12,Yes,2,Yes,Low,Yes,51-60
EV04183,44,Female,140091.0,Urban,73.9,2,Hatchback,11,10,No,2,No,Low,No,41-50
EV04184,54,Female,87830.0,Urban,65.0,3,Hatchback,4,18,No,1,Yes,Low,No,51-60
EV04185,28,Female,70932.0,Suburban,48.1,1,SUV,0,9,Yes,5,Yes,Low,Yes,18-30
EV04186,57,Female,66792.0,Rural,34.6,3,Sedan,0,3,Yes,1,No,Low,No,51-60
EV04187,51,Male,67669.0,Urban,55.4,2,SUV,5,5,No,1,No,Medium,No,51-60
EV04188,36,Male,103053.0,Suburban,61.7,1,Sedan,0,7,Yes,3,Yes,Low,No,31-40
EV04189,69,Male,47899.0,Rural,19.0,1,Truck,2,3,Yes,5,Yes,Low,Yes,61-70
EV04190,62,Male,84531.0,Urban,23.9,3,Sedan,7,17,Yes,5,Yes,Low,Yes,61-70
EV04191,45,Female,107233.0,Suburban,45.9,1,Sedan,2,6,Yes,3,Yes,Low,No,41-50
EV04192,49,Male,82345.0,Rural,15.6,1,Hatchback,2,3,Yes,4,Yes,Low,No,41-50
EV04193,40,Female,78731.0,Urban,57.0,1,Truck,11,6,Yes,1,No,Low,No,31-40
EV04194,26,Female,88902.0,Urban,28.7,1,SUV,11,13,Yes,3,Yes,Low,No,18-30
EV04195,65,Male,131649.0,Urban,40.7,2,Hatchback,9,19,No,2,Yes,Low,No,61-70
EV04196,38,Female,35531.0,Urban,8.6,2,SUV,5,17,Yes,5,Yes,Low,No,31-40
EV04197,66,Male,86571.0,Urban,46.0,2,Sedan,9,16,No,3,Yes,Low,No,61-70
EV04198,42,Female,30000.0,Rural,59.2,1,Truck,0,2,Yes,3,No,Low,No,41-50
EV04199,68,Male,117448.0,Suburban,57.0,1,Sedan,3,5,Yes,3,No,Low,No,61-70
EV04200,56,Male,123144.0,Rural,45.5,3,Sedan,2,0,Yes,3,Yes,Low,Yes,51-60
EV04201,31,Male,105642.0,Suburban,35.2,1,Hatchback,5,4,No,5,No,Medium,No,31-40
EV04202,47,Male,58657.0,Urban,51.0,2,SUV,9,14,Yes,3,No,Low,No,41-50
EV04203,25,Male,89162.0,Urban,72.8,4,Sedan,11,11,No,1,Yes,Low,No,18-30
EV04204,64,Male,69282.0,Urban,50.3,2,SUV,10,15,Yes,2,No,Low,No,61-70
EV04205,37,Male,44745.0,Urban,40.3,4,Hatchback,7,4,Yes,1,Yes,Low,No,31-40
EV04206,59,Male,87487.0,Suburban,51.5,1,Sedan,7,8,Yes,2,Yes,Low,No,51-60
EV04207,55,Female,108065.0,Suburban,12.4,1,SUV,1,2,Yes,1,Yes,Low,Yes,51-60
EV04208,56,Female,98629.0,Urban,29.3,2,Sedan,11,3,No,2,No,Low,No,51-60
EV04209,67,Male,150673.0,Urban,85.8,1,Sedan,8,5,No,1,No,Medium,No,61-70
EV04210,57,Male,33592.0,Suburban,47.5,2,Hatchback,7,5,Yes,5,No,Low,No,51-60
EV04211,60,Male,56855.0,Suburban,46.1,2,Hatchback,1,5,Yes,4,Yes,Low,Yes,51-60
EV04212,63,Female,51353.0,Urban,18.1,3,SUV,5,17,Yes,4,Yes,Low,No,61-70
EV04213,63,Male,63600.0,Suburban,20.4,2,Sedan,3,7,Yes,5,No,Low,No,61-70
EV04214,32,Male,30000.0,Urban,58.7,2,Truck,10,11,No,3,No,Low,No,31-40
EV04215,68,Female,92836.0,Suburban,95.2,2,Hatchback,0,6,Yes,4,Yes,Low,No,61-70
EV04216,61,Male,100920.0,Urban,30.8,1,Hatchback,3,13,No,1,No,Medium,No,61-70
EV04217,63,Female,69817.0,Urban,14.9,3,SUV,7,15,No,1,No,Low,No,61-70
EV04218,59,Male,55538.0,Urban,86.4,2,SUV,14,12,No,2,No,Low,No,51-60
EV04219,69,Female,35937.0,Urban,82.7,1,Sedan,4,16,Yes,3,Yes,Low,No,61-70
EV04220,65,Male,80051.0,Suburban,66.7,3,Hatchback,5,3,Yes,4,Yes,Low,Yes,61-70
EV04221,54,Female,90191.0,Suburban,65.6,2,SUV,1,2,Yes,4,No,Low,No,51-60
EV04222,39,Female,79563.0,Urban,5.3,2,SUV,4,6,Yes,4,No,Low,No,31-40
EV04223,50,Male,163504.0,Suburban,49.5,4,Truck,2,6,No,3,Yes,Medium,No,41-50
EV04224,28,Female,90981.0,Urban,59.4,2,Sedan,4,13,Yes,1,Yes,Low,No,18-30
EV04225,56,Female,93479.0,Urban,66.8,1,SUV,8,9,Yes,1,Yes,Low,No,51-60
EV04226,56,Male,119602.0,Suburban,56.8,1,SUV,6,6,Yes,1,No,Low,No,51-60
EV04227,42,Female,69434.0,Urban,5.0,2,Truck,11,10,No,2,Yes,Low,No,41-50
EV04228,48,Male,60403.0,Suburban,5.0,2,SUV,1,6,Yes,3,Yes,Low,No,41-50
EV04229,62,Male,41946.0,Rural,58.6,2,Sedan,1,2,Yes,5,No,Low,No,61-70
EV04230,36,Male,72660.0,Suburban,26.8,1,SUV,4,9,Yes,1,No,Low,No,31-40
EV04231,60,Male,83017.0,Suburban,37.2,1,Sedan,2,5,No,5,No,Medium,No,51-60
EV04232,61,Female,101620.0,Urban,5.0,2,SUV,12,4,No,3,No,Medium,No,61-70
EV04233,30,Male,107129.0,Urban,24.7,2,Sedan,9,4,Yes,3,Yes,Low,No,18-30
EV04234,27,Female,90422.0,Urban,26.7,1,SUV,8,12,No,1,No,Low,No,18-30
EV04235,54,Female,151328.0,Rural,5.0,1,Hatchback,1,2,Yes,2,No,Low,No,51-60
EV04236,51,Male,87611.0,Urban,5.0,1,Hatchback,9,15,No,3,Yes,Low,Yes,51-60
EV04237,65,Female,155870.0,Rural,55.3,1,Sedan,2,2,Yes,1,Yes,Low,No,61-70
EV04238,38,Male,101583.0,Urban,13.3,2,Hatchback,12,3,No,1,Yes,Medium,No,31-40
EV04239,64,Male,79678.0,Suburban,40.2,3,SUV,1,6,Yes,3,No,Low,No,61-70
EV04240,41,Female,40883.0,Rural,5.0,4,Hatchback,2,0,Yes,4,Yes,Low,No,41-50
EV04241,58,Other,72815.0,Urban,30.1,2,SUV,3,5,No,3,Yes,Medium,No,51-60
EV04242,39,Female,33819.0,Urban,62.7,2,Sedan,7,18,No,2,Yes,Medium,No,31-40
EV04243,30,Male,104376.0,Urban,71.9,1,Hatchback,12,4,No,2,No,Medium,No,18-30
EV04244,45,Male,52808.0,Suburban,27.5,2,Sedan,4,1,Yes,1,Yes,Low,No,41-50
EV04245,28,Male,112925.0,Suburban,40.3,2,Sedan,0,9,No,1,No,Medium,No,18-30
EV04246,39,Female,115516.0,Suburban,99.4,2,SUV,4,5,Yes,3,Yes,Low,Yes,31-40
EV04247,61,Female,69320.0,Urban,37.7,2,SUV,14,16,No,1,No,Low,No,61-70
EV04248,27,Female,85416.0,Suburban,66.9,2,Sedan,4,1,Yes,5,No,Low,No,18-30
EV04249,38,Male,110851.0,Urban,25.0,2,SUV,2,13,Yes,3,Yes,Low,No,31-40
EV04250,63,Male,67451.0,Rural,26.8,3,Sedan,0,2,Yes,5,No,Low,No,61-70
EV04251,42,Male,49256.0,Urban,18.0,1,Sedan,9,8,No,1,Yes,Low,No,41-50
EV04252,59,Female,46755.0,Suburban,35.5,1,SUV,4,9,Yes,3,Yes,Low,Yes,51-60
EV04253,26,Female,70613.0,Urban,12.3,4,Sedan,4,11,Yes,4,Yes,Low,Yes,18-30
EV04254,28,Male,33528.0,Urban,9.4,2,Sedan,5,17,No,4,Yes,Low,No,18-30
EV04255,35,Male,78599.0,Rural,54.6,2,Hatchback,0,2,Yes,1,No,Low,No,31-40
EV04256,27,Male,83782.0,Suburban,81.4,2,Hatchback,0,5,Yes,4,Yes,Low,No,18-30
EV04257,30,Other,90372.0,Urban,18.1,2,Sedan,4,7,Yes,3,No,Low,No,18-30
EV04258,27,Female,104886.0,Urban,40.1,2,SUV,2,9,No,1,Yes,Medium,No,18-30
EV04259,69,Male,87216.0,Suburban,5.0,2,Sedan,6,4,Yes,1,Yes,Low,No,61-70
EV04260,31,Female,44954.0,Suburban,5.0,1,SUV,7,9,Yes,4,Yes,Low,No,31-40
EV04261,40,Male,40750.0,Suburban,61.2,4,Sedan,6,7,Yes,5,No,Low,No,31-40
EV04262,28,Female,138530.0,Suburban,57.6,2,SUV,7,8,Yes,1,Yes,Low,No,18-30
EV04263,38,Male,46471.0,Urban,37.1,3,SUV,10,12,No,3,No,Low,No,31-40
EV04264,34,Male,74089.0,Urban,64.4,2,SUV,7,4,Yes,3,Yes,Low,No,31-40
EV04265,43,Female,142525.0,Urban,21.4,1,Sedan,4,7,No,2,No,Medium,No,41-50
EV04266,41,Female,97597.0,Urban,5.0,2,SUV,10,14,Yes,1,Yes,Low,No,41-50
EV04267,50,Female,46679.0,Urban,21.4,1,Sedan,2,9,Yes,1,Yes,Low,No,41-50
EV04268,48,Female,46407.0,Urban,5.0,3,Sedan,2,10,No,2,No,Medium,No,41-50
EV04269,64,Male,90742.0,Urban,79.1,1,Sedan,8,14,No,3,Yes,Low,Yes,61-70
EV04270,38,Female,116799.0,Urban,34.0,2,Sedan,6,17,Yes,4,No,Low,No,31-40
EV04271,30,Female,63433.0,Urban,39.7,3,Truck,7,15,Yes,1,No,Low,No,18-30
EV04272,67,Male,91148.0,Urban,74.1,1,Sedan,9,16,Yes,4,Yes,Low,Yes,61-70
EV04273,64,Other,99312.0,Urban,34.8,1,Sedan,11,9,Yes,4,Yes,Low,No,61-70
EV04274,39,Male,117280.0,Urban,75.4,1,Truck,9,3,No,5,No,Medium,No,31-40
EV04275,30,Female,36742.0,Urban,73.4,3,Sedan,7,11,Yes,1,No,Low,No,18-30
EV04276,52,Female,32779.0,Suburban,50.4,1,SUV,4,4,Yes,3,Yes,Low,No,51-60
EV04277,42,Male,74183.0,Rural,42.8,1,Truck,1,1,Yes,4,Yes,Low,Yes,41-50
EV04278,35,Female,44561.0,Suburban,57.9,1,Sedan,0,2,Yes,5,No,Medium,No,31-40
EV04279,49,Other,81590.0,Urban,40.3,2,SUV,6,16,No,2,No,Low,No,41-50
EV04280,53,Male,99721.0,Suburban,32.1,1,SUV,0,8,Yes,5,Yes,Low,Yes,51-60
EV04281,56,Male,89464.0,Suburban,26.1,2,SUV,5,7,Yes,2,Yes,Low,No,51-60
EV04282,44,Male,30000.0,Suburban,81.7,1,Sedan,7,2,Yes,3,Yes,Low,No,41-50
EV04283,51,Other,119858.0,Urban,59.3,4,Hatchback,2,4,Yes,3,Yes,Low,No,51-60
EV04284,56,Male,113258.0,Urban,20.3,2,Sedan,4,7,Yes,4,No,Low,Yes,51-60
EV04285,69,Male,30000.0,Rural,26.3,2,SUV,0,1,Yes,5,No,Low,No,61-70
EV04286,33,Male,54438.0,Suburban,23.3,1,Sedan,0,2,Yes,4,Yes,Low,No,31-40
EV04287,33,Female,80476.0,Urban,46.1,1,Sedan,6,12,No,4,No,Medium,No,31-40
EV04288,37,Male,52147.0,Urban,21.6,4,Sedan,2,3,Yes,3,No,Low,No,31-40
EV04289,60,Male,144313.0,Urban,33.0,1,Sedan,9,4,No,1,Yes,Medium,No,51-60
EV04290,35,Male,101041.0,Urban,5.0,2,SUV,4,9,No,3,Yes,Medium,No,31-40
EV04291,46,Female,34740.0,Suburban,5.0,1,SUV,1,4,No,4,No,Low,No,41-50
EV04292,27,Male,59053.0,Rural,34.1,2,Sedan,1,3,Yes,5,Yes,Low,No,18-30
EV04293,25,Male,44981.0,Urban,25.9,2,SUV,13,5,No,2,Yes,Low,No,18-30
EV04294,66,Female,107289.0,Urban,53.5,2,Sedan,2,4,No,3,No,Medium,No,61-70
EV04295,68,Female,119742.0,Urban,69.7,3,Sedan,6,14,No,5,No,Medium,No,61-70
EV04296,59,Female,84708.0,Urban,39.0,1,Sedan,11,14,No,2,No,Low,No,51-60
EV04297,34,Male,79497.0,Urban,77.2,3,Hatchback,8,3,No,1,Yes,Medium,No,31-40
EV04298,33,Male,80044.0,Suburban,18.0,1,Truck,0,7,Yes,4,No,Low,No,31-40
EV04299,59,Male,46629.0,Urban,37.4,2,SUV,14,5,No,4,Yes,Low,No,51-60
EV04300,33,Other,166549.0,Suburban,20.0,2,Truck,5,7,Yes,3,Yes,Low,Yes,31-40
EV04301,30,Female,116959.0,Urban,27.9,1,Hatchback,13,18,Yes,1,No,Low,No,18-30
EV04302,26,Female,31527.0,Urban,65.4,4,Hatchback,4,6,No,1,No,Medium,No,18-30
EV04303,48,Female,30000.0,Urban,36.1,1,Hatchback,3,11,Yes,4,Yes,Low,No,41-50
EV04304,34,Male,145388.0,Urban,54.9,2,Sedan,6,6,No,2,Yes,Medium,No,31-40
EV04305,58,Male,130953.0,Suburban,70.4,1,Sedan,6,4,Yes,2,No,Low,No,51-60
EV04306,44,Female,80545.0,Urban,22.0,1,SUV,11,14,No,2,Yes,Low,No,41-50
EV04307,29,Male,84708.0,Suburban,56.5,2,SUV,5,7,Yes,3,No,Low,No,18-30
EV04308,35,Female,108459.0,Suburban,28.1,3,SUV,6,5,Yes,4,Yes,Low,No,31-40
EV04309,55,Female,84708.0,Suburban,58.0,4,Sedan,4,7,Yes,4,Yes,Low,Yes,51-60
EV04310,63,Other,147727.0,Suburban,45.8,1,Hatchback,3,1,Yes,2,No,Low,No,61-70
EV04311,42,Male,106101.0,Rural,59.1,4,SUV,1,3,Yes,3,Yes,Low,Yes,41-50
EV04312,46,Male,70905.0,Suburban,41.4,2,Sedan,3,9,Yes,3,No,Low,No,41-50
EV04313,59,Male,134429.0,Suburban,36.1,2,Truck,6,1,Yes,4,Yes,Low,No,51-60
EV04314,60,Female,106718.0,Urban,82.6,3,SUV,13,11,No,3,No,Low,No,51-60
EV04315,62,Female,156522.0,Urban,68.7,3,Sedan,11,13,No,3,No,Low,No,61-70
EV04316,35,Female,121391.0,Urban,33.1,1,Sedan,3,14,Yes,1,Yes,Low,No,31-40
EV04317,40,Female,108214.0,Rural,42.7,2,Hatchback,2,1,Yes,4,Yes,Low,Yes,31-40
EV04318,31,Male,106844.0,Urban,40.2,3,Sedan,9,6,No,5,Yes,Low,Yes,31-40
EV04319,32,Male,41363.0,Suburban,54.8,1,SUV,7,4,No,5,Yes,Medium,No,31-40
EV04320,59,Male,108909.0,Rural,74.6,1,Sedan,2,1,Yes,3,No,Medium,No,51-60
EV04321,43,Male,130864.0,Suburban,31.6,4,Hatchback,7,8,Yes,2,Yes,Low,No,41-50
EV04322,48,Female,66259.0,Rural,100.7,3,Truck,0,1,Yes,4,No,Low,No,41-50
EV04323,27,Male,88899.0,Rural,55.6,1,Truck,0,1,Yes,4,Yes,Low,No,18-30
EV04324,41,Male,71199.0,Urban,48.2,1,Sedan,6,17,No,2,No,Low,No,41-50
EV04325,27,Male,148459.0,Suburban,55.9,1,Sedan,6,9,Yes,5,Yes,Low,Yes,18-30
EV04326,48,Male,145041.0,Urban,47.7,2,Sedan,2,11,No,5,Yes,Medium,No,41-50
EV04327,51,Female,84708.0,Urban,42.1,1,SUV,8,18,No,1,Yes,Medium,No,51-60
EV04328,55,Female,48280.0,Rural,14.5,1,Hatchback,2,3,Yes,5,Yes,Low,Yes,51-60
EV04329,30,Male,78527.0,Urban,17.2,2,Sedan,3,14,Yes,4,No,Low,No,18-30
EV04330,62,Male,30000.0,Suburban,44.5,1,Sedan,6,3,No,1,Yes,High,No,61-70
EV04331,37,Male,70377.0,Suburban,83.4,2,Sedan,4,2,Yes,4,No,Low,No,31-40
EV04332,40,Female,107198.0,Urban,13.7,1,Sedan,11,3,No,5,Yes,Low,Yes,31-40
EV04333,56,Male,108194.0,Urban,39.7,2,SUV,6,17,No,3,Yes,Low,No,51-60
EV04334,26,Female,65414.0,Urban,49.0,1,SUV,3,14,No,2,Yes,Low,No,18-30
EV04335,30,Other,106330.0,Urban,65.1,1,Sedan,8,13,No,5,Yes,Medium,Yes,18-30
EV04336,38,Male,82325.0,Urban,32.5,1,Sedan,13,6,Yes,5,Yes,Low,Yes,31-40
EV04337,64,Male,90285.0,Urban,47.1,1,SUV,7,5,No,3,Yes,Low,No,61-70
EV04338,51,Female,35292.0,Urban,38.2,3,Sedan,3,17,Yes,2,Yes,Low,No,51-60
EV04339,34,Male,94936.0,Suburban,15.5,2,SUV,4,6,No,1,Yes,Low,No,31-40
EV04340,69,Female,111797.0,Rural,76.7,3,Hatchback,2,3,Yes,3,Yes,Low,No,61-70
EV04341,68,Female,131054.0,Urban,71.5,2,Sedan,13,18,Yes,4,Yes,Low,No,61-70
EV04342,62,Male,148144.0,Urban,7.1,1,Hatchback,12,9,No,2,No,Low,No,61-70
EV04343,51,Male,104253.0,Suburban,59.3,2,Truck,7,3,Yes,4,No,Low,No,51-60
EV04344,52,Male,46092.0,Suburban,24.2,2,Sedan,4,8,Yes,2,Yes,Low,No,51-60
EV04345,31,Other,104975.0,Rural,47.5,2,SUV,2,0,Yes,5,Yes,Medium,No,31-40
EV04346,35,Male,95906.0,Urban,30.8,1,Truck,4,6,Yes,1,Yes,Low,No,31-40
EV04347,36,Male,74155.0,Rural,5.0,1,Sedan,1,2,Yes,5,Yes,Low,Yes,31-40
EV04348,43,Female,98465.0,Urban,60.9,2,SUV,7,13,Yes,2,Yes,Low,No,41-50
EV04349,44,Female,74183.0,Rural,48.1,2,SUV,0,3,Yes,5,No,Low,No,41-50
EV04350,26,Other,86146.0,Rural,89.0,1,SUV,0,0,Yes,3,Yes,Low,Yes,18-30
EV04351,60,Male,129625.0,Rural,52.0,1,Hatchback,0,0,Yes,1,Yes,Low,No,51-60
EV04352,57,Male,92660.0,Urban,58.2,3,Hatchback,12,12,Yes,5,No,Low,No,51-60
EV04353,25,Female,81051.0,Urban,77.7,2,Sedan,4,16,No,4,Yes,Low,Yes,18-30
EV04354,33,Female,69955.0,Suburban,36.9,1,Sedan,4,5,Yes,5,Yes,Low,Yes,31-40
EV04355,43,Female,61559.0,Suburban,44.9,2,Hatchback,6,8,Yes,1,No,Low,No,41-50
EV04356,63,Male,65546.0,Urban,49.6,2,SUV,14,6,No,4,Yes,Medium,No,61-70
EV04357,64,Female,93987.0,Suburban,10.8,3,Sedan,6,5,Yes,3,Yes,Low,No,61-70
EV04358,36,Female,58919.0,Urban,58.8,1,Sedan,4,7,No,1,No,Medium,No,31-40
EV04359,45,Male,95543.0,Urban,59.1,2,SUV,7,15,No,3,Yes,Low,No,41-50
EV04360,48,Male,98740.0,Suburban,64.7,3,Hatchback,5,1,Yes,3,Yes,Low,No,41-50
EV04361,60,Male,91766.0,Rural,30.5,1,SUV,1,1,Yes,2,Yes,Low,No,51-60
EV04362,48,Female,134466.0,Urban,15.1,3,SUV,9,14,Yes,4,No,Low,No,41-50
EV04363,64,Female,66928.0,Rural,32.7,1,Sedan,1,1,Yes,4,Yes,Low,No,61-70
EV04364,65,Male,84708.0,Suburban,54.9,2,Sedan,5,9,Yes,1,Yes,Low,No,61-70
EV04365,61,Male,72029.0,Rural,10.6,2,Sedan,0,3,No,2,No,Medium,No,61-70
EV04366,68,Female,90367.0,Suburban,7.2,2,Sedan,3,1,Yes,4,Yes,Low,Yes,61-70
EV04367,54,Male,131123.0,Urban,31.0,2,Sedan,9,18,No,5,Yes,Low,Yes,51-60
EV04368,40,Female,84103.0,Urban,32.4,3,Truck,11,17,Yes,4,No,Low,No,31-40
EV04369,63,Male,108419.0,Suburban,70.5,1,Sedan,6,1,Yes,3,Yes,Low,No,61-70
EV04370,69,Male,173199.0,Suburban,40.3,2,SUV,1,2,No,5,No,Low,Yes,61-70
EV04371,61,Male,99999.0,Urban,6.1,3,Sedan,11,16,No,2,No,Medium,No,61-70
EV04372,68,Female,54394.0,Suburban,43.4,1,SUV,6,9,No,3,Yes,Medium,No,61-70
EV04373,55,Female,87468.0,Urban,35.3,3,SUV,3,13,Yes,3,Yes,Low,No,51-60
EV04374,34,Male,94878.0,Urban,42.1,2,SUV,2,9,No,3,Yes,Medium,No,31-40
EV04375,60,Female,84150.0,Urban,91.5,4,Sedan,12,3,No,3,Yes,Medium,No,51-60
EV04376,67,Male,99648.0,Rural,5.0,1,SUV,0,3,No,5,No,Medium,No,61-70
EV04377,53,Male,84575.0,Suburban,49.0,1,SUV,2,2,No,5,Yes,Low,Yes,51-60
EV04378,38,Female,118260.0,Urban,10.9,2,SUV,13,12,Yes,2,No,Low,No,31-40
EV04379,43,Male,54325.0,Urban,58.1,1,Sedan,2,17,Yes,1,Yes,Low,No,41-50
EV04380,45,Male,92121.0,Rural,5.0,2,SUV,0,1,Yes,2,Yes,Low,Yes,41-50
EV04381,56,Female,45487.0,Rural,22.2,2,Hatchback,2,2,Yes,1,Yes,Low,No,51-60
EV04382,28,Male,110624.0,Suburban,62.3,1,Sedan,0,8,Yes,5,Yes,Low,Yes,18-30
EV04383,27,Female,51344.0,Urban,5.0,1,Truck,10,10,Yes,5,Yes,Low,No,18-30
EV04384,68,Male,89501.0,Urban,5.0,3,SUV,6,8,Yes,2,No,Low,No,61-70
EV04385,56,Male,90598.0,Urban,68.3,2,Hatchback,10,7,No,3,Yes,Low,Yes,51-60
EV04386,68,Female,147642.0,Suburban,46.4,1,Sedan,6,6,Yes,5,No,Low,No,61-70
EV04387,52,Male,115676.0,Urban,53.2,3,Sedan,4,8,No,3,Yes,Medium,No,51-60
EV04388,66,Female,30000.0,Urban,30.1,3,Truck,13,18,Yes,4,Yes,Low,No,61-70
EV04389,31,Female,48657.0,Rural,78.9,2,Sedan,1,2,Yes,4,No,Low,No,31-40
EV04390,37,Female,141599.0,Urban,33.8,2,Hatchback,2,17,Yes,5,Yes,Low,Yes,31-40
EV04391,40,Female,50298.0,Rural,51.0,4,SUV,2,2,Yes,1,Yes,Low,No,31-40
EV04392,60,Female,56564.0,Rural,33.5,2,Hatchback,0,1,Yes,1,Yes,Low,No,51-60
EV04393,46,Female,76430.0,Urban,44.7,1,SUV,4,13,No,1,Yes,Medium,No,41-50
EV04394,51,Other,120355.0,Urban,72.8,3,SUV,6,3,No,1,No,Medium,No,51-60
EV04395,57,Female,43166.0,Suburban,12.5,1,Sedan,0,9,Yes,2,No,Low,No,51-60
EV04396,44,Female,101737.0,Suburban,16.9,3,SUV,7,4,Yes,3,No,Low,No,41-50
EV04397,50,Female,62318.0,Urban,45.2,1,SUV,5,15,No,1,Yes,Low,No,41-50
EV04398,45,Male,57174.0,Suburban,5.4,1,Sedan,5,1,Yes,5,Yes,Low,No,41-50
EV04399,53,Male,53265.0,Urban,52.7,2,SUV,14,9,Yes,2,Yes,Low,No,51-60
EV04400,64,Male,90034.0,Urban,68.6,2,SUV,2,14,No,5,Yes,High,No,61-70
EV04401,42,Male,66638.0,Urban,5.0,1,Sedan,5,13,Yes,3,Yes,Low,No,41-50
EV04402,27,Male,114050.0,Rural,64.1,1,SUV,0,3,Yes,2,Yes,Low,No,18-30
EV04403,31,Female,50013.0,Urban,42.4,1,Sedan,4,10,No,3,No,Medium,No,31-40
EV04404,31,Female,56342.0,Rural,47.9,4,Truck,1,1,Yes,2,No,Low,No,31-40
EV04405,35,Male,56060.0,Suburban,14.4,1,Truck,7,1,No,1,Yes,Low,No,31-40
EV04406,37,Male,73346.0,Urban,48.0,2,Sedan,3,11,No,2,Yes,Medium,No,31-40
EV04407,64,Male,94707.0,Urban,27.9,1,Sedan,8,19,Yes,1,Yes,Low,No,61-70
EV04408,45,Female,47163.0,Urban,57.7,1,Sedan,11,6,No,4,No,Medium,No,41-50
EV04409,63,Male,185116.0,Suburban,36.7,1,SUV,7,3,Yes,5,Yes,Low,Yes,61-70
EV04410,47,Male,111891.0,Urban,22.0,2,Sedan,13,18,Yes,2,Yes,Low,No,41-50
EV04411,29,Female,30000.0,Suburban,17.0,1,Sedan,2,5,Yes,2,Yes,Low,No,18-30
EV04412,63,Female,108464.0,Urban,23.3,2,Truck,12,10,No,4,Yes,Low,No,61-70
EV04413,35,Female,110235.0,Urban,5.4,1,Truck,3,8,No,5,Yes,Low,Yes,31-40
EV04414,51,Male,83557.0,Urban,18.2,2,Sedan,4,10,No,3,Yes,Low,No,51-60
EV04415,38,Female,131332.0,Rural,39.4,2,Sedan,1,0,Yes,2,No,Low,No,31-40
EV04416,62,Female,86415.0,Urban,19.4,2,SUV,3,10,No,3,Yes,Low,Yes,61-70
EV04417,54,Female,51442.0,Suburban,25.0,1,Hatchback,3,9,Yes,1,No,Low,No,51-60
EV04418,49,Female,77166.0,Suburban,22.2,2,Sedan,7,5,No,1,Yes,Medium,No,41-50
EV04419,30,Female,161743.0,Urban,11.5,2,SUV,9,18,Yes,4,No,Low,No,18-30
EV04420,35,Female,85794.0,Urban,25.0,1,Hatchback,9,17,No,5,No,Low,No,31-40
EV04421,35,Female,129918.0,Rural,83.1,2,Sedan,0,1,Yes,2,Yes,Low,Yes,31-40
EV04422,33,Male,78066.0,Suburban,72.5,1,Truck,4,5,Yes,2,Yes,Low,No,31-40
EV04423,52,Female,116862.0,Suburban,38.5,1,Hatchback,6,7,Yes,1,Yes,Low,No,51-60
EV04424,28,Male,134064.0,Urban,57.3,2,Hatchback,12,4,Yes,5,Yes,Low,Yes,18-30
EV04425,25,Male,56396.0,Urban,58.4,2,Hatchback,4,14,No,2,Yes,Medium,No,18-30
EV04426,28,Male,83745.0,Urban,34.0,2,SUV,14,8,No,3,Yes,Low,No,18-30
EV04427,65,Male,45590.0,Urban,21.2,4,Truck,3,4,No,3,Yes,Medium,No,61-70
EV04428,37,Female,32357.0,Suburban,26.4,2,Sedan,6,1,No,3,No,Low,No,31-40
EV04429,66,Male,99498.0,Suburban,49.3,1,Truck,5,5,Yes,1,No,Low,No,61-70
EV04430,55,Female,106765.0,Suburban,5.0,2,Sedan,5,3,Yes,1,No,Low,No,51-60
EV04431,26,Female,84209.0,Suburban,5.0,2,Sedan,4,9,Yes,2,Yes,Low,No,18-30
EV04432,44,Male,76848.0,Urban,52.2,1,Sedan,9,16,No,3,Yes,Low,No,41-50
EV04433,60,Male,36044.0,Urban,41.0,1,Truck,2,11,No,3,Yes,Medium,No,51-60
EV04434,64,Female,86042.0,Urban,5.0,3,Sedan,12,16,No,1,Yes,Low,No,61-70
EV04435,42,Male,83386.0,Suburban,58.3,2,Truck,5,5,Yes,3,No,Low,No,41-50
EV04436,26,Male,119214.0,Rural,52.1,4,SUV,1,1,Yes,3,Yes,Low,No,18-30
EV04437,49,Female,61026.0,Urban,17.7,1,Truck,4,4,No,2,No,Medium,No,41-50
EV04438,62,Male,65228.0,Rural,47.7,1,Hatchback,2,1,Yes,2,No,Low,No,61-70
EV04439,30,Male,103070.0,Suburban,7.0,1,Sedan,7,3,No,1,Yes,Low,No,18-30
EV04440,67,Female,35289.0,Urban,57.1,3,SUV,10,14,No,1,Yes,Low,No,61-70
EV04441,49,Female,86986.0,Suburban,8.9,1,Sedan,4,7,Yes,5,No,Low,No,41-50
EV04442,68,Female,64197.0,Suburban,10.8,2,SUV,0,3,Yes,4,No,Low,No,61-70
EV04443,31,Female,103256.0,Urban,72.2,4,Sedan,14,18,No,2,No,Low,No,31-40
EV04444,45,Male,76954.0,Urban,55.3,1,Sedan,6,7,Yes,3,Yes,Low,No,41-50
EV04445,52,Male,48565.0,Suburban,56.7,2,SUV,5,2,Yes,1,Yes,Low,No,51-60
EV04446,55,Male,67401.0,Suburban,82.5,2,Hatchback,2,2,Yes,3,Yes,Low,Yes,51-60
EV04447,46,Male,30000.0,Urban,33.8,2,Truck,6,18,Yes,5,No,Low,No,41-50
EV04448,35,Female,66987.0,Urban,28.9,2,SUV,12,13,Yes,1,No,Low,No,31-40
EV04449,69,Female,30000.0,Urban,27.7,1,Hatchback,11,9,No,5,Yes,Low,Yes,61-70
EV04450,58,Female,124823.0,Urban,70.8,2,Truck,12,8,Yes,4,Yes,Low,No,51-60
EV04451,42,Male,91899.0,Urban,33.4,1,SUV,7,9,No,1,Yes,Low,No,41-50
EV04452,59,Male,33091.0,Urban,27.9,2,Sedan,9,13,No,3,No,Low,No,51-60
EV04453,49,Male,101286.0,Suburban,58.3,2,SUV,0,5,Yes,1,No,Low,No,41-50
EV04454,56,Female,82195.0,Urban,15.8,2,SUV,4,3,No,2,Yes,High,No,51-60
EV04455,68,Female,62482.0,Suburban,28.5,3,Sedan,0,3,No,4,Yes,High,No,61-70
EV04456,50,Female,52573.0,Rural,40.7,1,SUV,2,2,No,5,Yes,Medium,No,41-50
EV04457,43,Female,93420.0,Suburban,101.1,2,SUV,6,1,Yes,4,Yes,Medium,No,41-50
EV04458,45,Male,101498.0,Urban,23.5,1,Sedan,11,6,Yes,3,Yes,Low,Yes,41-50
EV04459,47,Male,69551.0,Suburban,8.7,2,SUV,6,2,Yes,2,No,Low,No,41-50
EV04460,61,Female,80595.0,Suburban,55.0,1,SUV,3,6,No,4,Yes,High,No,61-70
EV04461,57,Female,94598.0,Suburban,27.0,1,Sedan,5,4,Yes,2,Yes,Low,No,51-60
EV04462,64,Female,43427.0,Suburban,49.3,2,SUV,2,4,Yes,5,Yes,Medium,No,61-70
EV04463,46,Male,69622.0,Rural,37.9,1,Truck,1,0,Yes,2,Yes,Low,No,41-50
EV04464,68,Female,42077.0,Urban,49.8,2,SUV,7,9,No,2,No,Low,No,61-70
EV04465,58,Female,122455.0,Suburban,11.6,2,Hatchback,0,7,Yes,4,Yes,Low,Yes,51-60
EV04466,64,Male,88813.0,Urban,40.2,2,Sedan,14,7,Yes,1,Yes,Low,No,61-70
EV04467,33,Female,95846.0,Urban,42.7,1,SUV,2,11,Yes,1,Yes,Low,No,31-40
EV04468,58,Male,87341.0,Urban,78.3,1,Hatchback,13,10,No,2,No,High,No,51-60
EV04469,31,Male,30000.0,Suburban,79.3,1,SUV,0,7,Yes,5,Yes,Medium,No,31-40
EV04470,48,Male,97627.0,Urban,38.4,2,Hatchback,4,7,No,3,No,Low,No,41-50
EV04471,25,Female,30000.0,Suburban,43.6,1,Hatchback,4,3,No,5,Yes,Medium,No,18-30
EV04472,33,Female,30000.0,Suburban,46.7,3,SUV,5,5,Yes,1,Yes,Low,No,31-40
EV04473,32,Female,88179.0,Suburban,13.0,4,Sedan,6,8,No,1,No,Low,No,31-40
EV04474,29,Female,121387.0,Urban,52.5,2,SUV,5,19,Yes,5,No,Low,No,18-30
EV04475,33,Female,145079.0,Urban,82.7,3,Truck,12,9,Yes,4,Yes,Low,Yes,31-40
EV04476,48,Female,116743.0,Suburban,79.7,3,SUV,5,2,Yes,3,Yes,Low,Yes,41-50
EV04477,47,Male,75470.0,Rural,46.8,3,Sedan,0,0,Yes,1,No,Low,No,41-50
EV04478,65,Female,120191.0,Suburban,70.1,2,SUV,5,6,Yes,5,Yes,Low,Yes,61-70
EV04479,26,Male,132360.0,Rural,36.4,1,Sedan,2,1,Yes,1,Yes,Low,No,18-30
EV04480,30,Female,108724.0,Suburban,5.0,3,Sedan,5,3,Yes,4,No,Low,No,18-30
EV04481,35,Male,30000.0,Urban,90.8,1,Truck,6,9,No,2,No,Medium,No,31-40
EV04482,43,Male,129781.0,Urban,28.1,1,Sedan,7,9,No,1,Yes,Low,No,41-50
EV04483,56,Male,30000.0,Suburban,35.6,3,Sedan,1,9,Yes,3,Yes,Low,Yes,51-60
EV04484,62,Female,74231.0,Suburban,55.6,1,SUV,6,1,Yes,2,Yes,Low,No,61-70
EV04485,27,Male,161662.0,Rural,11.2,1,SUV,0,0,Yes,4,Yes,Low,No,18-30
EV04486,54,Male,100740.0,Urban,69.8,3,Hatchback,12,5,Yes,1,No,Low,No,51-60
EV04487,37,Female,77364.0,Urban,11.1,1,SUV,14,8,Yes,3,No,Low,No,31-40
EV04488,61,Male,137570.0,Rural,43.6,1,Sedan,0,2,Yes,4,Yes,Low,Yes,61-70
EV04489,46,Male,98064.0,Suburban,5.0,2,SUV,2,4,Yes,3,No,Low,No,41-50
EV04490,35,Male,101152.0,Suburban,44.4,4,Hatchback,1,9,No,5,No,Medium,No,31-40
EV04491,54,Female,102762.0,Suburban,5.9,1,Sedan,0,8,Yes,3,No,Low,No,51-60
EV04492,31,Female,91412.0,Suburban,46.6,2,Sedan,6,8,No,2,No,Low,No,31-40
EV04493,46,Male,138714.0,Suburban,33.6,4,Sedan,7,5,Yes,1,Yes,Low,Yes,41-50
EV04494,67,Male,93105.0,Urban,40.3,2,Truck,7,5,No,1,No,Low,No,61-70
EV04495,67,Male,46799.0,Urban,46.6,3,Truck,2,9,No,4,Yes,Medium,No,61-70
EV04496,46,Male,46094.0,Urban,47.4,3,SUV,10,3,No,2,Yes,Low,No,41-50
EV04497,45,Male,52127.0,Suburban,12.4,3,Truck,3,9,No,1,Yes,Low,No,41-50
EV04498,58,Male,84708.0,Urban,29.0,3,SUV,8,5,Yes,1,No,Low,No,51-60
EV04499,34,Female,96419.0,Suburban,82.5,1,Sedan,4,9,Yes,1,No,Low,No,31-40
EV04500,44,Female,65003.0,Suburban,30.4,2,Sedan,5,3,Yes,5,No,Low,No,41-50
EV04501,46,Male,93234.0,Urban,25.6,2,Sedan,4,12,No,5,No,Low,No,41-50
EV04502,27,Female,114491.0,Urban,16.6,1,SUV,6,16,Yes,1,No,Low,No,18-30
EV04503,48,Male,90493.0,Urban,5.0,2,SUV,2,5,Yes,1,Yes,Low,No,41-50
EV04504,61,Female,51280.0,Suburban,6.6,1,Sedan,6,4,Yes,5,Yes,Low,No,61-70
EV04505,48,Male,84868.0,Rural,44.7,1,Sedan,2,2,Yes,5,Yes,Low,Yes,41-50
EV04506,43,Male,157270.0,Urban,32.2,1,Truck,7,17,No,3,Yes,Low,Yes,41-50
EV04507,28,Male,91374.0,Urban,43.5,1,Hatchback,5,5,Yes,3,No,Low,No,18-30
EV04508,37,Male,73742.0,Urban,40.8,2,Truck,5,12,Yes,1,Yes,Low,No,31-40
EV04509,30,Female,76920.0,Urban,18.2,2,Sedan,5,18,Yes,3,No,Low,No,18-30
EV04510,38,Female,46018.0,Urban,80.3,2,Sedan,4,8,Yes,2,Yes,Medium,No,31-40
EV04511,62,Male,31972.0,Urban,108.2,2,Sedan,11,11,Yes,1,Yes,Low,No,61-70
EV04512,49,Male,85627.0,Urban,20.3,2,SUV,3,13,Yes,5,Yes,Low,Yes,41-50
EV04513,58,Male,137940.0,Suburban,60.6,2,Sedan,4,3,No,1,Yes,High,No,51-60
EV04514,27,Male,39254.0,Urban,28.4,3,Hatchback,7,11,No,1,No,Low,No,18-30
EV04515,39,Male,158013.0,Urban,56.0,1,SUV,12,7,Yes,2,No,Low,No,31-40
EV04516,50,Male,119480.0,Urban,47.6,2,Sedan,7,14,No,1,Yes,Low,No,41-50
EV04517,37,Female,50361.0,Urban,66.2,3,SUV,4,12,No,1,No,Medium,No,31-40
EV04518,66,Male,84532.0,Rural,32.4,2,SUV,0,3,Yes,1,No,Low,No,61-70
EV04519,55,Female,52072.0,Suburban,38.2,1,Sedan,0,9,Yes,3,Yes,Low,No,51-60
EV04520,45,Female,116397.0,Suburban,83.9,2,Sedan,3,4,Yes,1,No,Low,No,41-50
EV04521,43,Other,95471.0,Suburban,26.1,4,Truck,0,3,Yes,3,No,Low,No,41-50
EV04522,27,Female,62597.0,Suburban,73.3,1,Hatchback,3,6,Yes,5,Yes,Low,Yes,18-30
EV04523,38,Male,87352.0,Urban,5.0,3,SUV,3,7,No,3,No,Low,No,31-40
EV04524,49,Male,113601.0,Rural,77.5,1,SUV,0,0,Yes,3,Yes,Low,No,41-50
EV04525,26,Male,107709.0,Urban,34.5,4,Sedan,2,16,Yes,5,Yes,Low,Yes,18-30
EV04526,39,Female,130914.0,Suburban,68.4,1,Hatchback,4,4,Yes,1,Yes,Low,No,31-40
EV04527,58,Male,62674.0,Urban,35.2,1,SUV,4,8,Yes,5,No,Low,No,51-60
EV04528,56,Male,48991.0,Suburban,68.6,2,Sedan,4,5,Yes,5,Yes,Low,Yes,51-60
EV04529,69,Male,73467.0,Rural,25.4,2,Sedan,2,0,Yes,4,Yes,Low,Yes,61-70
EV04530,57,Male,121363.0,Suburban,19.5,1,Sedan,7,2,No,2,Yes,Medium,No,51-60
EV04531,49,Male,92254.0,Rural,21.1,2,Sedan,0,1,No,3,Yes,Low,No,41-50
EV04532,30,Female,45980.0,Urban,5.0,3,Hatchback,4,18,Yes,1,Yes,Low,No,18-30
EV04533,37,Female,50167.0,Urban,66.3,2,Truck,5,8,No,3,Yes,Low,No,31-40
EV04534,42,Male,71865.0,Suburban,5.0,1,Sedan,6,5,No,1,Yes,Medium,No,41-50
EV04535,65,Male,81557.0,Urban,26.3,3,Sedan,8,19,Yes,2,No,Low,No,61-70
EV04536,50,Male,31911.0,Urban,10.8,4,SUV,3,14,Yes,2,Yes,Low,No,41-50
EV04537,27,Female,119040.0,Suburban,48.1,1,SUV,1,8,No,1,No,Medium,No,18-30
EV04538,26,Female,78973.0,Suburban,48.0,1,Sedan,3,3,Yes,5,No,Low,No,18-30
EV04539,44,Male,122876.0,Urban,52.8,3,Sedan,7,19,Yes,4,No,Low,No,41-50
EV04540,32,Female,30000.0,Suburban,16.6,1,Sedan,6,7,Yes,4,No,Low,No,31-40
EV04541,67,Male,122975.0,Urban,36.7,2,Sedan,5,8,No,4,Yes,Medium,No,61-70
EV04542,34,Other,86407.0,Suburban,70.7,2,SUV,5,6,Yes,2,Yes,Low,No,31-40
EV04543,36,Male,90662.0,Urban,34.4,2,SUV,10,6,No,2,Yes,Low,Yes,31-40
EV04544,51,Female,117402.0,Urban,31.7,2,Sedan,3,7,No,4,No,Medium,No,51-60
EV04545,56,Female,97571.0,Urban,38.6,1,Sedan,7,6,No,2,No,Low,No,51-60
EV04546,32,Female,142955.0,Urban,50.3,1,Hatchback,5,7,No,3,Yes,Medium,No,31-40
EV04547,67,Female,97425.0,Suburban,27.8,2,SUV,2,5,Yes,3,Yes,Low,No,61-70
EV04548,30,Female,34531.0,Urban,70.9,2,Hatchback,9,12,No,4,Yes,Low,Yes,18-30
EV04549,29,Female,134665.0,Suburban,24.2,3,SUV,4,7,No,3,No,Low,No,18-30
EV04550,62,Male,165687.0,Urban,26.6,2,Sedan,3,3,Yes,2,Yes,Low,No,61-70
EV04551,42,Female,133662.0,Suburban,64.3,3,Hatchback,1,1,Yes,2,No,Low,No,41-50
EV04552,47,Male,50967.0,Urban,14.3,1,Hatchback,5,13,No,5,Yes,Low,Yes,41-50
EV04553,26,Male,30000.0,Suburban,21.9,1,SUV,0,4,No,4,Yes,Medium,No,18-30
EV04554,67,Female,76030.0,Urban,40.1,1,Sedan,12,11,No,3,No,Low,No,61-70
EV04555,55,Female,123595.0,Urban,34.8,3,SUV,14,3,Yes,1,No,Low,No,51-60
EV04556,54,Male,84708.0,Urban,62.9,2,Sedan,8,13,No,4,No,Low,No,51-60
EV04557,35,Male,79298.0,Suburban,6.8,2,Sedan,7,4,No,5,Yes,Low,Yes,31-40
EV04558,46,Male,67840.0,Rural,8.5,2,Hatchback,1,0,Yes,4,Yes,Low,Yes,41-50
EV04559,26,Male,100402.0,Rural,29.3,2,Hatchback,2,0,Yes,5,Yes,Low,Yes,18-30
EV04560,57,Female,109146.0,Urban,69.4,1,Sedan,12,8,No,4,Yes,Medium,No,51-60
EV04561,28,Male,99308.0,Urban,47.9,1,Sedan,13,12,No,3,No,Low,No,18-30
EV04562,37,Female,91330.0,Urban,22.6,4,Hatchback,4,5,No,4,No,Low,No,31-40
EV04563,51,Male,148464.0,Urban,19.8,2,Sedan,14,14,No,5,No,Low,Yes,51-60
EV04564,65,Male,86532.0,Suburban,40.2,2,Sedan,3,1,Yes,4,No,Low,No,61-70
EV04565,63,Female,82437.0,Suburban,36.3,1,SUV,3,1,Yes,2,Yes,Low,No,61-70
EV04566,49,Female,35012.0,Suburban,83.7,1,Sedan,5,2,No,2,No,Medium,No,41-50
EV04567,58,Male,65800.0,Suburban,5.0,2,Sedan,1,3,Yes,1,No,Low,No,51-60
EV04568,31,Male,91159.0,Urban,7.9,3,SUV,11,13,Yes,5,Yes,Low,Yes,31-40
EV04569,38,Male,66606.0,Rural,44.9,1,SUV,0,2,Yes,3,No,Low,No,31-40
EV04570,33,Male,51437.0,Urban,62.4,2,Sedan,6,8,No,2,No,Medium,No,31-40
EV04571,60,Male,59522.0,Urban,76.1,3,Truck,11,11,No,3,Yes,Medium,No,51-60
EV04572,66,Male,109479.0,Rural,52.7,2,Sedan,1,3,Yes,3,Yes,Low,No,61-70
EV04573,29,Male,77550.0,Urban,50.6,3,SUV,8,6,No,1,No,Medium,No,18-30
EV04574,33,Female,58561.0,Urban,68.9,2,Sedan,13,3,No,4,Yes,Medium,Yes,31-40
EV04575,63,Male,80590.0,Suburban,46.4,2,SUV,0,2,Yes,4,No,Low,No,61-70
EV04576,39,Female,130470.0,Urban,34.6,3,Sedan,3,6,Yes,4,Yes,Low,Yes,31-40
EV04577,25,Female,53762.0,Urban,38.0,1,Sedan,4,11,No,5,Yes,Medium,No,18-30
EV04578,30,Male,30000.0,Suburban,82.3,2,Truck,6,9,Yes,4,Yes,Low,No,18-30
EV04579,41,Male,104635.0,Urban,28.9,1,Sedan,8,11,No,3,Yes,Low,No,41-50
EV04580,26,Female,102280.0,Urban,5.0,2,SUV,8,12,No,3,Yes,Low,No,18-30
EV04581,42,Male,131214.0,Suburban,10.8,2,SUV,4,9,No,4,No,Low,No,41-50
EV04582,53,Male,77515.0,Urban,35.4,2,Hatchback,9,12,Yes,2,Yes,Low,No,51-60
EV04583,27,Male,129551.0,Urban,30.9,1,Sedan,9,11,No,2,Yes,Low,Yes,18-30
EV04584,46,Female,104916.0,Suburban,78.2,1,Sedan,0,7,Yes,2,No,Low,No,41-50
EV04585,32,Male,126645.0,Suburban,67.5,1,Truck,0,4,Yes,3,No,Low,No,31-40
EV04586,52,Female,69693.0,Urban,27.6,2,SUV,11,16,Yes,1,Yes,Low,No,51-60
EV04587,44,Female,30000.0,Suburban,18.7,4,SUV,5,7,Yes,4,No,Low,No,41-50
EV04588,34,Female,78051.0,Urban,42.3,1,Sedan,9,3,No,3,Yes,Medium,No,31-40
EV04589,55,Male,144679.0,Rural,5.2,1,SUV,2,1,Yes,5,No,Low,Yes,51-60
EV04590,28,Male,126955.0,Rural,53.9,3,Sedan,0,3,Yes,3,Yes,Medium,No,18-30
EV04591,33,Female,75402.0,Urban,96.7,1,Truck,14,8,No,4,No,Low,No,31-40
EV04592,49,Female,65359.0,Urban,60.0,2,Sedan,6,4,No,4,Yes,Medium,No,41-50
EV04593,29,Female,125124.0,Urban,64.2,2,Sedan,6,13,Yes,1,Yes,Low,No,18-30
EV04594,47,Female,82844.0,Urban,76.7,2,Truck,5,6,No,5,Yes,Medium,Yes,41-50
EV04595,50,Male,37020.0,Urban,88.4,3,Truck,5,8,No,3,Yes,Medium,No,41-50
EV04596,62,Female,122680.0,Suburban,39.3,2,Sedan,7,8,Yes,2,Yes,Low,No,61-70
EV04597,56,Male,114733.0,Urban,59.2,2,SUV,8,10,No,4,Yes,Low,Yes,51-60
EV04598,58,Male,84708.0,Suburban,60.1,1,SUV,3,3,No,2,Yes,Medium,No,51-60
EV04599,44,Female,83682.0,Suburban,31.6,3,Truck,2,3,Yes,3,Yes,Low,No,41-50
EV04600,52,Female,90030.0,Urban,15.7,2,Sedan,7,3,No,5,Yes,Medium,Yes,51-60
EV04601,31,Male,68806.0,Urban,82.5,2,SUV,7,17,No,5,Yes,Low,Yes,31-40
EV04602,57,Male,171467.0,Urban,5.0,2,SUV,10,13,Yes,2,Yes,Low,Yes,51-60
EV04603,47,Other,97982.0,Suburban,98.2,3,Sedan,3,6,Yes,5,No,Low,No,41-50
EV04604,25,Male,133279.0,Urban,61.7,1,Truck,7,11,Yes,4,Yes,Low,No,18-30
EV04605,65,Male,91435.0,Urban,47.4,2,Sedan,12,9,No,3,No,Low,No,61-70
EV04606,34,Female,42659.0,Urban,33.1,1,Truck,10,13,No,1,Yes,Low,No,31-40
EV04607,60,Female,65579.0,Suburban,48.7,1,Sedan,7,1,Yes,3,No,Low,No,51-60
EV04608,54,Male,46833.0,Urban,5.6,2,SUV,2,8,No,2,No,Low,No,51-60
EV04609,36,Female,58877.0,Urban,5.0,2,SUV,5,3,No,2,Yes,Medium,No,31-40
EV04610,52,Female,85889.0,Suburban,36.6,2,Sedan,6,3,No,5,Yes,Low,Yes,51-60
EV04611,64,Female,84708.0,Suburban,58.5,2,Sedan,6,5,No,4,Yes,Medium,No,61-70
EV04612,65,Male,45419.0,Urban,36.7,2,Sedan,7,4,No,5,Yes,Low,Yes,61-70
EV04613,45,Male,30000.0,Suburban,45.2,3,Truck,4,4,Yes,5,Yes,Low,No,41-50
EV04614,66,Female,34091.0,Suburban,29.6,2,Hatchback,2,8,Yes,4,Yes,Low,Yes,61-70
EV04615,53,Male,68372.0,Urban,5.0,3,Sedan,10,18,No,2,Yes,Low,No,51-60
EV04616,65,Male,83658.0,Urban,67.4,1,Sedan,5,14,Yes,4,No,Low,No,61-70
EV04617,63,Female,96508.0,Urban,5.0,1,Sedan,11,11,No,4,No,Low,No,61-70
EV04618,42,Male,169534.0,Rural,58.2,1,Sedan,2,0,Yes,3,Yes,Low,No,41-50
EV04619,27,Female,137450.0,Urban,56.9,4,Sedan,11,15,Yes,5,No,Low,Yes,18-30
EV04620,35,Female,95119.0,Urban,31.6,3,Hatchback,7,6,No,1,Yes,Low,No,31-40
EV04621,37,Female,30000.0,Urban,49.9,2,Hatchback,14,17,Yes,3,Yes,Low,No,31-40
EV04622,28,Male,132101.0,Suburban,33.3,1,SUV,7,9,Yes,4,No,Low,No,18-30
EV04623,33,Female,67836.0,Suburban,43.5,2,SUV,2,1,Yes,4,No,Low,No,31-40
EV04624,65,Other,83796.0,Suburban,40.2,1,Truck,5,1,Yes,2,Yes,Low,No,61-70
EV04625,34,Male,75850.0,Urban,38.7,3,SUV,6,6,No,1,Yes,Medium,No,31-40
EV04626,35,Male,108330.0,Rural,69.3,1,SUV,1,1,Yes,5,No,Low,No,31-40
EV04627,54,Female,83766.0,Suburban,5.0,1,Hatchback,7,8,No,2,No,Low,No,51-60
EV04628,59,Male,31505.0,Urban,28.8,1,SUV,9,12,No,1,Yes,Low,No,51-60
EV04629,52,Male,123536.0,Urban,52.9,2,Truck,12,8,No,5,No,Medium,No,51-60
EV04630,54,Female,118810.0,Urban,5.0,2,Hatchback,5,16,Yes,1,Yes,Low,No,51-60
EV04631,38,Male,122042.0,Urban,34.1,2,SUV,11,18,No,2,Yes,Low,No,31-40
EV04632,56,Male,114943.0,Suburban,5.0,2,SUV,0,1,Yes,5,Yes,Low,Yes,51-60
EV04633,28,Male,34520.0,Urban,68.5,2,Sedan,4,7,Yes,3,No,Low,No,18-30
EV04634,45,Male,42465.0,Suburban,62.0,1,Sedan,5,2,Yes,4,Yes,Low,No,41-50
EV04635,52,Male,30000.0,Urban,55.6,3,SUV,8,13,No,2,No,Medium,No,51-60
EV04636,30,Other,38857.0,Urban,44.0,2,Sedan,3,17,Yes,2,Yes,Low,No,18-30
EV04637,64,Male,73344.0,Rural,43.0,4,Hatchback,1,3,Yes,2,Yes,Low,No,61-70
EV04638,45,Male,43018.0,Urban,8.5,2,SUV,12,8,Yes,2,Yes,Low,No,41-50
EV04639,63,Female,78129.0,Rural,85.3,2,SUV,1,1,Yes,3,Yes,Low,No,61-70
EV04640,53,Male,41344.0,Rural,51.3,1,Hatchback,2,3,Yes,4,No,Low,No,51-60
EV04641,55,Female,101437.0,Suburban,24.4,1,SUV,7,7,No,4,No,Low,No,51-60
EV04642,56,Male,30000.0,Urban,5.0,2,SUV,5,8,No,1,No,Low,No,51-60
EV04643,27,Female,92266.0,Urban,43.5,1,Sedan,9,11,No,1,Yes,Medium,No,18-30
EV04644,26,Male,76650.0,Urban,14.2,2,Hatchback,13,11,No,2,Yes,Low,No,18-30
EV04645,31,Male,53089.0,Urban,75.6,1,Truck,2,8,No,4,Yes,Medium,Yes,31-40
EV04646,55,Female,126966.0,Suburban,36.8,1,Sedan,6,1,Yes,3,Yes,Low,Yes,51-60
EV04647,66,Female,113067.0,Suburban,40.4,2,SUV,2,5,Yes,5,Yes,Low,Yes,61-70
EV04648,59,Female,49766.0,Suburban,30.3,1,Truck,4,5,No,2,Yes,Low,No,51-60
EV04649,38,Female,121445.0,Rural,70.9,3,SUV,0,2,Yes,4,Yes,Low,No,31-40
EV04650,55,Male,92901.0,Rural,69.4,2,SUV,2,0,Yes,2,No,Low,No,51-60
EV04651,34,Male,72043.0,Rural,19.6,2,Sedan,1,1,Yes,2,Yes,Low,No,31-40
EV04652,52,Male,87026.0,Rural,38.6,2,Sedan,0,0,No,1,No,Medium,No,51-60
EV04653,66,Male,69920.0,Suburban,5.0,2,SUV,6,4,No,4,Yes,Low,No,61-70
EV04654,60,Male,30000.0,Rural,5.0,2,SUV,0,2,Yes,2,No,Low,No,51-60
EV04655,44,Male,32644.0,Suburban,38.2,1,SUV,1,8,Yes,4,No,Low,No,41-50
EV04656,46,Female,110550.0,Urban,9.8,2,SUV,5,16,No,2,Yes,Low,Yes,41-50
EV04657,64,Male,93655.0,Suburban,51.8,1,SUV,2,5,Yes,4,No,Low,No,61-70
EV04658,59,Male,111031.0,Suburban,28.0,1,SUV,1,2,No,5,Yes,Medium,Yes,51-60
EV04659,35,Male,98078.0,Urban,48.5,1,Sedan,4,15,Yes,1,Yes,Low,No,31-40
EV04660,56,Female,86255.0,Rural,12.4,1,Hatchback,1,1,Yes,4,Yes,Low,Yes,51-60
EV04661,38,Male,87809.0,Rural,65.9,3,SUV,1,2,Yes,3,Yes,Low,No,31-40
EV04662,67,Male,62154.0,Suburban,52.3,3,Truck,3,4,Yes,2,Yes,Low,No,61-70
EV04663,59,Male,130734.0,Rural,33.9,1,Sedan,1,1,No,4,Yes,Medium,No,51-60
EV04664,44,Male,46477.0,Rural,5.0,3,Truck,0,3,Yes,2,Yes,Low,No,41-50
EV04665,25,Female,100440.0,Urban,46.0,1,Truck,12,10,Yes,2,Yes,Low,No,18-30
EV04666,52,Female,80006.0,Urban,6.2,1,Sedan,13,7,No,5,No,Low,No,51-60
EV04667,51,Female,92614.0,Suburban,50.3,2,Sedan,0,6,No,3,No,Medium,No,51-60
EV04668,52,Female,78278.0,Suburban,26.5,1,Sedan,4,5,Yes,5,No,Low,No,51-60
EV04669,26,Male,58804.0,Urban,59.0,2,Sedan,13,13,Yes,3,Yes,Low,Yes,18-30
EV04670,46,Female,115154.0,Rural,11.9,2,Hatchback,1,0,Yes,1,Yes,Low,No,41-50
EV04671,31,Male,51921.0,Suburban,63.2,2,SUV,2,4,Yes,4,Yes,Low,Yes,31-40
EV04672,69,Male,30000.0,Rural,40.1,1,SUV,0,0,Yes,2,No,Low,No,61-70
EV04673,38,Male,63655.0,Suburban,24.3,1,SUV,7,1,Yes,5,Yes,Low,No,31-40
EV04674,66,Female,84708.0,Urban,5.0,4,Sedan,6,8,Yes,2,Yes,Low,No,61-70
EV04675,62,Male,107519.0,Urban,29.3,1,Sedan,5,15,No,1,No,Low,No,61-70
EV04676,61,Male,89740.0,Suburban,57.1,3,SUV,6,3,Yes,4,Yes,Low,No,61-70
EV04677,58,Male,94493.0,Rural,5.0,1,Sedan,0,1,Yes,2,No,Low,No,51-60
EV04678,34,Male,108875.0,Urban,57.5,1,Sedan,11,19,Yes,1,Yes,Low,No,31-40
EV04679,64,Male,74568.0,Suburban,62.0,1,SUV,4,5,Yes,3,Yes,Low,No,61-70
EV04680,52,Male,104297.0,Suburban,73.5,2,Truck,7,8,Yes,5,Yes,Low,No,51-60
EV04681,44,Female,59429.0,Suburban,42.2,1,Hatchback,2,7,Yes,1,No,Low,No,41-50
EV04682,62,Male,39370.0,Suburban,28.8,2,Sedan,3,6,No,4,No,Low,No,61-70
EV04683,28,Female,30000.0,Urban,75.0,2,Hatchback,13,16,Yes,1,Yes,Low,No,18-30
EV04684,37,Female,30000.0,Rural,5.0,3,SUV,1,2,Yes,4,Yes,Low,Yes,31-40
EV04685,29,Female,77530.0,Suburban,81.3,3,Sedan,5,7,No,3,Yes,Medium,No,18-30
EV04686,45,Male,94303.0,Urban,64.2,1,Hatchback,13,17,No,4,Yes,Low,No,41-50
EV04687,69,Male,100336.0,Urban,56.7,1,Sedan,7,11,No,4,Yes,Low,Yes,61-70
EV04688,33,Female,68679.0,Suburban,49.0,1,Sedan,0,6,No,3,No,Medium,No,31-40
EV04689,61,Male,104378.0,Suburban,48.5,1,SUV,0,3,Yes,2,Yes,Low,No,61-70
EV04690,53,Male,128558.0,Suburban,90.6,1,SUV,6,2,Yes,5,Yes,Low,Yes,51-60
EV04691,35,Male,78834.0,Urban,18.3,1,Sedan,10,5,No,1,Yes,Low,No,31-40
EV04692,38,Male,124531.0,Urban,30.7,1,Sedan,6,17,Yes,2,Yes,Low,No,31-40
EV04693,27,Male,84708.0,Urban,78.1,1,Sedan,11,11,No,5,No,Low,No,18-30
EV04694,66,Female,84734.0,Urban,63.2,1,SUV,9,5,Yes,3,No,Low,No,61-70
EV04695,47,Male,117506.0,Suburban,40.2,1,Sedan,5,1,Yes,3,Yes,Low,No,41-50
EV04696,62,Female,74797.0,Urban,36.4,2,Sedan,10,11,No,2,No,Low,No,61-70
EV04697,39,Female,52373.0,Urban,57.2,1,SUV,12,11,No,3,Yes,Low,No,31-40
EV04698,52,Male,112176.0,Suburban,5.0,1,Sedan,2,1,Yes,1,No,Low,No,51-60
EV04699,34,Male,61360.0,Suburban,19.0,1,SUV,4,1,No,4,No,Medium,No,31-40
EV04700,30,Female,65757.0,Urban,63.0,1,Sedan,12,8,No,2,Yes,Low,No,18-30
EV04701,39,Male,131725.0,Suburban,29.4,3,SUV,2,8,No,3,Yes,Low,Yes,31-40
EV04702,37,Female,106618.0,Urban,38.5,2,Hatchback,6,15,Yes,3,Yes,Low,No,31-40
EV04703,52,Female,41811.0,Urban,5.0,1,Sedan,8,4,No,1,Yes,Medium,No,51-60
EV04704,47,Female,81353.0,Suburban,46.9,3,SUV,2,5,Yes,2,No,Low,No,41-50
EV04705,36,Male,96021.0,Suburban,50.7,3,SUV,2,1,No,5,No,Medium,No,31-40
EV04706,41,Female,49646.0,Urban,69.2,2,Hatchback,2,11,No,1,Yes,Low,No,41-50
EV04707,44,Female,158214.0,Suburban,27.4,2,Truck,2,6,Yes,4,No,Low,No,41-50
EV04708,42,Female,82313.0,Urban,40.1,1,SUV,10,8,No,2,No,Low,No,41-50
EV04709,58,Female,89281.0,Suburban,57.6,1,Sedan,3,8,No,2,Yes,Low,Yes,51-60
EV04710,42,Male,114059.0,Suburban,29.2,1,Sedan,0,7,No,3,No,Low,No,41-50
EV04711,46,Male,48527.0,Urban,58.7,2,Hatchback,2,6,Yes,3,Yes,Low,No,41-50
EV04712,42,Female,72886.0,Urban,35.0,2,Sedan,8,8,No,2,No,Low,No,41-50
EV04713,61,Female,121896.0,Urban,29.9,4,SUV,2,10,No,3,Yes,Low,No,61-70
EV04714,47,Female,160711.0,Suburban,25.9,4,Sedan,1,7,Yes,3,No,Low,No,41-50
EV04715,39,Male,116931.0,Suburban,61.4,2,Sedan,5,4,Yes,5,No,Low,No,31-40
EV04716,44,Other,35457.0,Rural,48.4,1,Hatchback,1,1,Yes,5,No,Low,No,41-50
EV04717,47,Male,71627.0,Urban,57.1,2,SUV,4,16,No,2,Yes,Low,No,41-50
EV04718,66,Male,36388.0,Rural,5.0,1,SUV,1,2,Yes,2,Yes,Low,No,61-70
EV04719,68,Male,99661.0,Suburban,47.8,1,SUV,1,5,Yes,5,Yes,Low,Yes,61-70
EV04720,66,Female,115813.0,Rural,39.0,2,Hatchback,1,1,No,4,No,Medium,No,61-70
EV04721,56,Female,96954.0,Urban,32.5,2,SUV,11,11,Yes,1,Yes,Low,No,51-60
EV04722,47,Male,130024.0,Suburban,39.5,2,SUV,6,7,Yes,4,Yes,Low,No,41-50
EV04723,45,Male,151724.0,Urban,23.0,3,Sedan,9,19,No,3,Yes,Low,Yes,41-50
EV04724,27,Female,92451.0,Urban,101.6,1,Sedan,10,10,No,1,No,Medium,No,18-30
EV04725,29,Female,122568.0,Suburban,24.2,2,Sedan,0,4,Yes,4,No,Low,No,18-30
EV04726,44,Male,30000.0,Urban,21.5,3,SUV,12,6,Yes,1,Yes,Low,No,41-50
EV04727,28,Other,82942.0,Suburban,19.2,2,Sedan,5,3,Yes,4,No,Low,No,18-30
EV04728,47,Male,61127.0,Suburban,19.5,3,Hatchback,1,8,Yes,2,Yes,Low,No,41-50
EV04729,43,Male,78815.0,Rural,5.0,2,SUV,0,3,Yes,3,Yes,Low,No,41-50
EV04730,35,Male,105706.0,Suburban,31.7,2,SUV,7,3,Yes,3,Yes,Low,No,31-40
EV04731,49,Male,103167.0,Rural,40.2,2,SUV,0,2,Yes,1,No,Low,No,41-50
EV04732,58,Male,38921.0,Rural,5.0,3,SUV,0,0,Yes,4,Yes,Low,No,51-60
EV04733,51,Male,103616.0,Urban,40.6,2,SUV,13,5,No,5,Yes,Low,Yes,51-60
EV04734,66,Male,125685.0,Urban,41.5,3,SUV,8,10,Yes,1,Yes,Low,No,61-70
EV04735,66,Male,86448.0,Rural,6.2,1,Sedan,1,0,Yes,2,Yes,Low,No,61-70
EV04736,27,Male,84708.0,Urban,45.2,3,Sedan,14,8,Yes,4,No,Low,No,18-30
EV04737,33,Female,132695.0,Rural,7.2,3,SUV,2,0,Yes,1,Yes,Low,No,31-40
EV04738,39,Female,34335.0,Urban,50.9,3,Sedan,12,3,Yes,3,Yes,Low,Yes,31-40
EV04739,35,Male,61328.0,Urban,30.5,2,Sedan,10,16,No,5,No,Low,No,31-40
EV04740,38,Female,103058.0,Urban,50.7,1,SUV,14,16,No,5,Yes,Low,Yes,31-40
EV04741,49,Male,82805.0,Urban,27.8,1,SUV,12,14,No,5,Yes,Low,Yes,41-50
EV04742,61,Female,73436.0,Suburban,65.4,1,Truck,6,6,Yes,4,No,Low,No,61-70
EV04743,68,Male,62869.0,Urban,87.7,2,Sedan,4,4,Yes,3,No,Low,No,61-70
EV04744,30,Male,96811.0,Suburban,24.3,1,Sedan,0,3,Yes,1,Yes,Low,No,18-30
EV04745,34,Female,61669.0,Suburban,35.4,4,SUV,7,1,Yes,3,No,Low,No,31-40
EV04746,29,Male,104125.0,Suburban,82.7,2,SUV,4,8,Yes,2,Yes,Low,No,18-30
EV04747,66,Female,66492.0,Rural,84.9,2,Sedan,0,3,Yes,5,Yes,Low,No,61-70
EV04748,25,Female,96458.0,Urban,31.0,2,Sedan,7,19,Yes,2,Yes,Low,No,18-30
EV04749,30,Female,52416.0,Suburban,50.3,2,Hatchback,4,5,Yes,5,No,Low,No,18-30
EV04750,47,Female,117793.0,Urban,32.9,2,Sedan,10,5,No,5,Yes,Low,No,41-50
EV04751,54,Female,91566.0,Suburban,9.9,1,Truck,7,8,No,3,No,Low,No,51-60
EV04752,48,Female,73882.0,Suburban,20.1,1,Sedan,6,4,Yes,5,No,Low,No,41-50
EV04753,34,Female,30000.0,Urban,8.7,3,SUV,7,5,Yes,3,No,Low,No,31-40
EV04754,29,Male,96347.0,Urban,93.6,2,SUV,6,17,Yes,4,Yes,Low,Yes,18-30
EV04755,28,Female,30000.0,Suburban,20.4,1,SUV,7,5,Yes,5,No,Low,No,18-30
EV04756,48,Male,77202.0,Urban,48.3,2,SUV,4,4,Yes,1,No,Low,No,41-50
EV04757,68,Female,86068.0,Urban,45.5,3,SUV,9,16,No,5,Yes,Low,Yes,61-70
EV04758,40,Female,82640.0,Urban,45.8,2,Sedan,7,5,Yes,1,No,Low,No,31-40
EV04759,25,Other,88725.0,Urban,18.8,4,Sedan,4,16,Yes,2,No,Low,No,18-30
EV04760,42,Male,116243.0,Rural,89.0,2,SUV,1,3,No,4,Yes,High,No,41-50
EV04761,37,Female,57076.0,Urban,70.6,2,Sedan,9,6,No,5,Yes,Low,No,31-40
EV04762,65,Female,90257.0,Suburban,31.0,2,SUV,0,5,Yes,1,Yes,Low,No,61-70
EV04763,60,Female,41269.0,Rural,5.0,1,Sedan,1,3,Yes,2,Yes,Low,No,51-60
EV04764,32,Female,30000.0,Urban,5.0,3,Sedan,7,17,No,2,Yes,Low,No,31-40
EV04765,34,Female,165571.0,Urban,39.7,1,Hatchback,3,14,No,2,No,Medium,No,31-40
EV04766,48,Male,87109.0,Suburban,15.0,1,SUV,7,7,Yes,4,Yes,Low,Yes,41-50
EV04767,30,Female,125599.0,Suburban,49.5,2,SUV,6,9,Yes,3,Yes,Low,Yes,18-30
EV04768,36,Female,49077.0,Urban,40.2,1,Sedan,4,16,Yes,3,Yes,Low,No,31-40
EV04769,55,Female,107430.0,Rural,53.2,1,Sedan,2,2,Yes,1,Yes,Low,No,51-60
EV04770,48,Male,46678.0,Rural,81.3,1,Hatchback,1,1,No,5,Yes,High,No,41-50
EV04771,25,Male,93957.0,Urban,66.0,2,Truck,11,16,Yes,5,No,Low,No,18-30
EV04772,35,Male,30000.0,Rural,5.0,1,Truck,2,3,Yes,2,Yes,Low,No,31-40
EV04773,63,Female,104567.0,Urban,80.3,2,SUV,11,14,Yes,2,No,Low,No,61-70
EV04774,44,Female,48469.0,Urban,42.2,4,Sedan,13,10,No,1,Yes,Low,No,41-50
EV04775,58,Female,121098.0,Urban,12.6,2,Sedan,14,19,No,4,No,Low,No,51-60
EV04776,43,Male,70809.0,Suburban,67.5,3,Hatchback,4,8,Yes,1,Yes,Low,No,41-50
EV04777,59,Female,36126.0,Urban,23.1,1,SUV,4,17,No,5,Yes,Low,Yes,51-60
EV04778,25,Male,135047.0,Suburban,30.1,2,Sedan,1,3,No,4,Yes,Medium,No,18-30
EV04779,31,Female,63682.0,Urban,67.7,1,Hatchback,5,5,No,5,Yes,Medium,No,31-40
EV04780,46,Male,119848.0,Suburban,77.6,1,SUV,4,6,Yes,3,No,Low,No,41-50
EV04781,33,Male,107087.0,Rural,49.0,2,SUV,0,0,Yes,4,Yes,Low,No,31-40
EV04782,65,Female,33767.0,Suburban,73.2,3,Sedan,6,1,Yes,2,Yes,Low,No,61-70
EV04783,28,Male,57150.0,Rural,76.3,2,Hatchback,0,0,Yes,2,No,Low,No,18-30
EV04784,58,Male,98559.0,Urban,15.5,1,SUV,3,13,Yes,2,Yes,Low,No,51-60
EV04785,48,Female,112294.0,Suburban,72.7,1,Truck,0,2,Yes,5,Yes,Low,Yes,41-50
EV04786,38,Male,97107.0,Urban,38.7,3,SUV,5,11,No,5,Yes,Medium,Yes,31-40
EV04787,26,Female,147723.0,Rural,55.7,4,SUV,0,1,Yes,2,Yes,Low,No,18-30
EV04788,54,Male,39917.0,Urban,60.4,4,Sedan,10,7,No,1,Yes,Low,No,51-60
EV04789,65,Female,77795.0,Urban,9.2,2,Sedan,11,18,Yes,5,No,Low,No,61-70
EV04790,25,Male,51918.0,Urban,5.0,2,SUV,9,19,No,4,No,Low,No,18-30
EV04791,69,Female,55780.0,Urban,10.3,2,SUV,6,11,No,1,No,Low,No,61-70
EV04792,51,Male,123800.0,Urban,55.3,2,SUV,6,8,No,1,Yes,Low,No,51-60
EV04793,25,Female,104649.0,Suburban,32.7,2,Truck,3,3,Yes,1,No,Low,No,18-30
EV04794,54,Male,65864.0,Rural,44.7,1,Sedan,1,0,Yes,1,Yes,Low,No,51-60
EV04795,58,Female,97639.0,Urban,43.2,1,Sedan,5,12,No,1,No,Low,No,51-60
EV04796,44,Female,73356.0,Suburban,35.0,1,Sedan,5,9,No,3,Yes,Low,No,41-50
EV04797,42,Male,87755.0,Rural,21.2,3,Sedan,2,3,Yes,1,Yes,Low,No,41-50
EV04798,48,Male,30000.0,Suburban,5.0,2,Sedan,2,9,Yes,5,Yes,Low,No,41-50
EV04799,30,Male,92288.0,Suburban,38.9,1,SUV,4,7,Yes,1,No,Low,No,18-30
EV04800,58,Male,84173.0,Urban,39.3,1,SUV,7,5,Yes,4,Yes,Low,No,51-60
EV04801,46,Male,79548.0,Urban,5.4,2,Hatchback,11,13,Yes,3,Yes,Low,Yes,41-50
EV04802,41,Female,75771.0,Suburban,7.0,1,Sedan,4,6,Yes,5,No,Low,No,41-50
EV04803,50,Male,51978.0,Urban,5.0,3,Truck,10,6,Yes,2,Yes,Low,Yes,41-50
EV04804,44,Female,139077.0,Urban,72.8,2,SUV,10,3,No,3,Yes,Low,Yes,41-50
EV04805,66,Female,124119.0,Urban,49.4,3,Sedan,2,17,Yes,1,Yes,Low,No,61-70
EV04806,39,Male,37132.0,Suburban,20.1,1,Hatchback,5,2,Yes,2,Yes,Low,No,31-40
EV04807,51,Other,134900.0,Suburban,58.1,1,Hatchback,3,8,Yes,4,No,Low,No,51-60
EV04808,30,Male,83827.0,Suburban,48.0,1,Sedan,0,4,Yes,4,Yes,Low,No,18-30
EV04809,48,Male,132305.0,Suburban,64.7,1,Hatchback,0,9,No,5,Yes,Medium,Yes,41-50
EV04810,69,Male,102300.0,Suburban,75.9,2,Sedan,4,4,Yes,4,Yes,Low,Yes,61-70
EV04811,58,Male,92265.0,Urban,33.0,4,SUV,6,15,No,2,Yes,Low,No,51-60
EV04812,53,Other,131789.0,Urban,34.7,3,Hatchback,10,5,No,5,Yes,Low,Yes,51-60
EV04813,33,Male,91569.0,Urban,18.6,2,SUV,6,10,Yes,4,No,Low,No,31-40
EV04814,34,Female,104447.0,Suburban,77.4,2,Sedan,5,4,Yes,2,Yes,Low,No,31-40
EV04815,44,Male,63516.0,Urban,55.1,1,SUV,8,13,Yes,1,No,Low,No,41-50
EV04816,40,Female,51776.0,Urban,59.3,1,SUV,10,16,No,4,Yes,Medium,No,31-40
EV04817,28,Female,71025.0,Urban,52.5,3,SUV,2,14,No,5,Yes,Low,No,18-30
EV04818,49,Female,74034.0,Suburban,31.5,2,Sedan,4,5,Yes,4,No,Low,No,41-50
EV04819,60,Female,82934.0,Urban,27.1,2,Truck,4,16,No,5,Yes,Low,No,51-60
EV04820,32,Female,79204.0,Urban,47.1,2,Hatchback,3,8,No,3,Yes,Medium,No,31-40
EV04821,26,Male,67411.0,Urban,32.9,2,Truck,13,6,No,1,No,Medium,No,18-30
EV04822,57,Male,30000.0,Urban,10.0,3,Sedan,8,3,No,5,Yes,Low,No,51-60
EV04823,57,Female,63291.0,Urban,61.9,3,Sedan,2,18,Yes,1,Yes,Low,No,51-60
EV04824,54,Female,30000.0,Urban,14.2,1,Sedan,9,11,No,2,No,Low,No,51-60
EV04825,33,Male,110314.0,Suburban,76.0,2,Sedan,0,4,Yes,4,Yes,Low,No,31-40
EV04826,43,Male,103578.0,Rural,76.9,2,Truck,1,0,Yes,3,Yes,Low,No,41-50
EV04827,35,Female,74450.0,Urban,18.0,1,SUV,10,7,No,2,No,Low,No,31-40
EV04828,27,Female,117771.0,Rural,30.2,1,Sedan,2,2,Yes,1,Yes,Low,No,18-30
EV04829,44,Female,131085.0,Suburban,10.2,4,SUV,0,2,Yes,5,No,Low,No,41-50
EV04830,40,Male,125937.0,Suburban,70.5,3,Sedan,4,9,No,3,Yes,Medium,No,31-40
EV04831,51,Female,74686.0,Urban,65.5,1,Truck,12,17,No,1,No,Medium,No,51-60
EV04832,42,Male,69116.0,Urban,73.2,2,Hatchback,6,10,No,1,No,Low,No,41-50
EV04833,48,Female,147691.0,Urban,59.9,2,Truck,12,16,No,5,No,Medium,No,41-50
EV04834,63,Female,107497.0,Urban,35.1,1,Sedan,13,6,Yes,3,No,Low,No,61-70
EV04835,30,Female,63072.0,Suburban,82.6,3,Sedan,7,6,Yes,4,Yes,Low,No,18-30
EV04836,67,Male,61160.0,Rural,41.0,1,SUV,0,1,Yes,3,No,Low,No,61-70
EV04837,55,Female,42727.0,Suburban,61.5,1,Sedan,1,6,Yes,4,Yes,Low,No,51-60
EV04838,55,Male,36612.0,Suburban,46.5,2,Sedan,4,4,Yes,1,Yes,Low,No,51-60
EV04839,48,Female,53673.0,Suburban,33.7,1,SUV,3,2,Yes,4,No,Low,No,41-50
EV04840,45,Female,87447.0,Urban,33.8,1,SUV,4,18,No,5,Yes,Low,No,41-50
EV04841,66,Male,95408.0,Suburban,29.2,3,Truck,2,9,Yes,3,Yes,Low,No,61-70
EV04842,52,Female,87835.0,Suburban,40.5,2,Sedan,1,9,Yes,1,Yes,Low,No,51-60
EV04843,69,Male,30000.0,Suburban,50.0,1,Sedan,3,2,Yes,1,Yes,Low,No,61-70
EV04844,49,Male,30000.0,Suburban,70.1,3,Sedan,4,2,No,3,No,Medium,No,41-50
EV04845,61,Female,77770.0,Rural,66.3,1,SUV,0,2,Yes,3,Yes,Low,No,61-70
EV04846,67,Male,75626.0,Rural,49.3,2,SUV,2,0,Yes,2,Yes,Low,No,61-70
EV04847,41,Female,62659.0,Urban,11.1,1,Hatchback,2,10,Yes,1,No,Low,No,41-50
EV04848,69,Female,88251.0,Urban,36.4,1,Sedan,11,19,Yes,5,Yes,Low,Yes,61-70
EV04849,41,Female,75864.0,Urban,27.8,2,SUV,3,5,No,4,Yes,High,No,41-50
EV04850,60,Male,98736.0,Urban,8.8,3,Hatchback,5,18,Yes,5,No,Low,No,51-60
EV04851,43,Male,57010.0,Urban,51.5,2,Hatchback,14,17,No,1,No,Low,No,41-50
EV04852,30,Male,141884.0,Urban,86.2,4,Sedan,14,18,Yes,5,No,Low,No,18-30
EV04853,32,Female,78890.0,Urban,27.4,1,Hatchback,5,13,No,1,No,Medium,No,31-40
EV04854,47,Male,83016.0,Urban,45.1,1,SUV,4,9,No,1,No,High,No,41-50
EV04855,51,Male,30000.0,Urban,29.0,1,Truck,13,18,Yes,3,No,Low,No,51-60
EV04856,59,Female,60796.0,Rural,69.8,2,Truck,0,2,Yes,4,Yes,Low,Yes,51-60
EV04857,59,Male,53422.0,Suburban,51.7,1,Truck,2,7,Yes,2,No,Low,No,51-60
EV04858,38,Female,61677.0,Urban,38.7,3,SUV,11,4,No,2,Yes,Low,No,31-40
EV04859,41,Male,96877.0,Suburban,38.8,4,Sedan,4,9,Yes,3,Yes,Low,No,41-50
EV04860,28,Male,104899.0,Urban,15.7,1,Truck,7,11,No,2,Yes,Low,No,18-30
EV04861,41,Female,107944.0,Suburban,13.4,1,Truck,4,3,No,1,Yes,Low,No,41-50
EV04862,33,Male,44738.0,Suburban,13.4,2,Sedan,6,1,No,4,No,Medium,No,31-40
EV04863,63,Female,66100.0,Suburban,5.0,4,Truck,1,9,Yes,3,No,Low,No,61-70
EV04864,48,Male,123460.0,Urban,40.2,2,Hatchback,3,7,Yes,5,Yes,Low,Yes,41-50
EV04865,45,Female,64404.0,Suburban,28.4,4,Hatchback,0,5,Yes,3,Yes,Low,No,41-50
EV04866,43,Male,102753.0,Urban,42.9,2,SUV,11,10,Yes,2,Yes,Low,Yes,41-50
EV04867,54,Female,102189.0,Urban,12.8,3,Sedan,9,10,Yes,4,Yes,Low,Yes,51-60
EV04868,45,Male,30000.0,Suburban,29.2,3,Sedan,6,4,Yes,2,Yes,Low,No,41-50
EV04869,62,Male,123797.0,Urban,15.0,2,Sedan,12,19,Yes,4,Yes,Low,No,61-70
EV04870,58,Male,69060.0,Urban,53.4,2,Sedan,8,18,No,2,Yes,Low,No,51-60
EV04871,61,Female,79777.0,Urban,66.6,2,SUV,5,6,No,5,Yes,Medium,No,61-70
EV04872,66,Female,41676.0,Urban,65.4,2,SUV,11,11,Yes,1,Yes,Low,No,61-70
EV04873,43,Female,84426.0,Urban,35.6,1,Sedan,12,7,No,1,Yes,Low,No,41-50
EV04874,67,Female,74769.0,Urban,5.0,1,Truck,9,9,Yes,2,Yes,Low,No,61-70
EV04875,44,Female,30222.0,Suburban,5.0,3,Sedan,4,3,Yes,1,Yes,Low,No,41-50
EV04876,44,Male,92244.0,Urban,40.2,2,Sedan,2,7,No,1,No,Low,No,41-50
EV04877,45,Male,33977.0,Suburban,68.4,3,SUV,6,1,Yes,1,Yes,Low,No,41-50
EV04878,31,Female,112232.0,Urban,24.7,2,Truck,14,9,Yes,1,Yes,Low,No,31-40
EV04879,34,Female,102923.0,Urban,25.3,2,SUV,13,7,No,4,Yes,Low,No,31-40
EV04880,39,Male,87431.0,Suburban,22.8,2,Sedan,4,7,Yes,5,No,Low,No,31-40
EV04881,50,Male,95640.0,Urban,76.2,1,Sedan,12,9,Yes,4,No,Low,No,41-50
EV04882,53,Male,65589.0,Urban,11.4,3,Sedan,13,5,Yes,3,Yes,Low,No,51-60
EV04883,63,Female,110367.0,Rural,5.0,2,Sedan,2,3,Yes,4,Yes,Low,Yes,61-70
EV04884,29,Male,65730.0,Suburban,95.8,3,Sedan,6,6,Yes,4,Yes,Low,Yes,18-30
EV04885,54,Female,69061.0,Urban,55.9,1,Sedan,6,17,Yes,3,No,Low,No,51-60
EV04886,56,Male,84708.0,Suburban,48.5,1,SUV,5,3,Yes,4,No,Low,No,51-60
EV04887,44,Male,43898.0,Urban,67.9,1,Hatchback,7,17,Yes,4,Yes,Low,No,41-50
EV04888,65,Male,46799.0,Suburban,33.5,2,Sedan,4,9,Yes,1,Yes,Low,No,61-70
EV04889,57,Female,100703.0,Suburban,5.0,1,Sedan,0,8,Yes,4,Yes,Low,Yes,51-60
EV04890,34,Male,59076.0,Suburban,55.4,2,Hatchback,1,3,No,5,Yes,High,No,31-40
EV04891,64,Male,76657.0,Urban,41.3,3,SUV,5,10,No,4,Yes,Medium,No,61-70
EV04892,28,Male,64290.0,Suburban,70.9,2,Truck,5,7,Yes,3,No,Low,No,18-30
EV04893,26,Female,53414.0,Rural,17.2,1,Sedan,0,3,Yes,4,Yes,Low,No,18-30
EV04894,36,Male,81785.0,Urban,23.9,1,Sedan,7,3,No,2,Yes,Low,No,31-40
EV04895,50,Female,74407.0,Rural,9.8,3,Sedan,2,0,Yes,2,Yes,Low,No,41-50
EV04896,69,Male,65444.0,Urban,26.2,1,SUV,4,6,No,3,No,Low,No,61-70
EV04897,55,Male,88182.0,Suburban,49.1,2,Truck,4,3,Yes,4,Yes,Low,Yes,51-60
EV04898,49,Female,84708.0,Suburban,68.5,2,SUV,1,2,Yes,2,Yes,Low,No,41-50
EV04899,65,Female,90544.0,Suburban,14.3,1,Hatchback,0,5,Yes,4,No,Low,No,61-70
EV04900,59,Male,72424.0,Rural,12.7,2,Sedan,1,0,Yes,5,Yes,Low,No,51-60
EV04901,51,Male,70230.0,Suburban,37.4,2,Sedan,4,7,No,5,Yes,Medium,No,51-60
EV04902,56,Male,97563.0,Urban,5.0,2,Hatchback,6,9,No,4,No,Low,No,51-60
EV04903,64,Male,91756.0,Urban,17.7,1,SUV,3,18,No,4,No,Low,No,61-70
EV04904,40,Female,97769.0,Urban,60.7,1,SUV,7,12,No,5,Yes,Low,Yes,31-40
EV04905,52,Male,131018.0,Urban,25.3,3,SUV,4,12,Yes,5,No,Low,Yes,51-60
EV04906,32,Male,94118.0,Urban,53.4,2,SUV,5,15,No,1,Yes,Medium,No,31-40
EV04907,53,Male,86048.0,Suburban,54.2,1,Hatchback,2,6,Yes,5,Yes,Low,Yes,51-60
EV04908,26,Male,47752.0,Urban,65.6,3,Hatchback,3,13,No,4,Yes,Medium,No,18-30
EV04909,59,Female,194613.0,Rural,75.8,2,SUV,0,3,Yes,2,No,Low,No,51-60
EV04910,37,Female,84708.0,Suburban,46.5,2,Sedan,1,9,Yes,1,Yes,Low,No,31-40
EV04911,26,Male,122318.0,Urban,65.3,2,SUV,11,8,No,4,Yes,Medium,No,18-30
EV04912,57,Male,80632.0,Suburban,39.7,2,Sedan,7,3,Yes,5,Yes,Low,No,51-60
EV04913,26,Male,112134.0,Rural,46.4,1,Truck,2,1,Yes,2,No,Low,No,18-30
EV04914,33,Female,85804.0,Suburban,90.7,1,SUV,4,4,No,2,No,Medium,No,31-40
EV04915,55,Female,55530.0,Urban,34.3,3,Sedan,13,7,No,5,No,Low,No,51-60
EV04916,43,Male,104851.0,Rural,5.0,2,SUV,0,0,No,2,Yes,Low,No,41-50
EV04917,32,Female,71387.0,Suburban,37.2,1,Sedan,3,3,Yes,3,No,Low,No,31-40
EV04918,39,Male,73254.0,Urban,32.0,3,SUV,5,11,Yes,2,Yes,Low,No,31-40
EV04919,65,Male,105952.0,Urban,61.8,1,SUV,13,12,Yes,4,No,Low,No,61-70
EV04920,69,Male,111311.0,Urban,72.5,1,Sedan,2,4,Yes,2,No,Low,No,61-70
EV04921,68,Male,151713.0,Suburban,73.2,2,Sedan,0,3,Yes,1,Yes,Low,No,61-70
EV04922,53,Male,56826.0,Urban,27.6,1,SUV,3,17,No,5,Yes,Medium,No,51-60
EV04923,46,Female,41209.0,Suburban,5.0,2,SUV,5,1,Yes,1,Yes,Low,No,41-50
EV04924,43,Male,108125.0,Urban,26.3,2,Truck,13,18,Yes,1,Yes,Low,No,41-50
EV04925,41,Male,84683.0,Rural,77.6,2,SUV,0,1,Yes,2,Yes,Low,No,41-50
EV04926,27,Male,56589.0,Urban,33.6,2,Truck,7,7,No,3,Yes,Medium,No,18-30
EV04927,36,Other,114624.0,Urban,55.8,1,Hatchback,4,13,Yes,5,No,Low,Yes,31-40
EV04928,32,Other,94720.0,Urban,59.0,2,Sedan,7,3,No,4,Yes,Low,Yes,31-40
EV04929,42,Male,117719.0,Urban,30.6,2,Sedan,13,17,No,1,Yes,Low,No,41-50
EV04930,63,Male,121067.0,Urban,36.1,1,Truck,12,3,Yes,2,No,Low,No,61-70
EV04931,40,Male,30000.0,Suburban,11.7,1,SUV,2,9,Yes,2,Yes,Low,No,31-40
EV04932,36,Female,105103.0,Suburban,30.8,1,Sedan,0,7,Yes,5,No,Low,No,31-40
EV04933,69,Male,92431.0,Suburban,68.4,1,SUV,2,4,No,4,Yes,Medium,No,61-70
EV04934,55,Male,77366.0,Rural,7.3,3,Sedan,0,2,Yes,5,Yes,Low,Yes,51-60
EV04935,29,Female,32410.0,Urban,81.1,2,SUV,10,18,Yes,2,No,Low,No,18-30
EV04936,61,Male,111380.0,Rural,41.4,2,Truck,0,0,Yes,4,Yes,Low,No,61-70
EV04937,65,Male,56441.0,Urban,6.9,2,SUV,9,6,Yes,5,Yes,Low,No,61-70
EV04938,32,Male,84708.0,Rural,15.4,2,Sedan,0,0,Yes,5,Yes,Low,Yes,31-40
EV04939,47,Female,102390.0,Suburban,57.2,3,Sedan,2,8,Yes,4,Yes,Low,No,41-50
EV04940,37,Male,138717.0,Urban,62.6,1,Sedan,12,5,No,4,No,Low,No,31-40
EV04941,32,Male,132902.0,Suburban,31.7,2,Sedan,3,3,Yes,3,Yes,Low,No,31-40
EV04942,34,Female,77462.0,Urban,47.0,1,Hatchback,12,12,No,3,No,Low,No,31-40
EV04943,29,Female,117723.0,Urban,28.0,1,SUV,13,7,No,2,No,Low,No,18-30
EV04944,45,Female,64530.0,Urban,6.5,1,Sedan,3,14,Yes,3,Yes,Low,Yes,41-50
EV04945,65,Female,35506.0,Suburban,45.9,3,Sedan,7,9,Yes,5,Yes,Low,No,61-70
EV04946,51,Male,53845.0,Urban,69.5,1,Sedan,2,6,No,2,No,Medium,No,51-60
EV04947,60,Male,52876.0,Urban,5.0,1,Sedan,9,14,Yes,5,Yes,Low,Yes,51-60
EV04948,41,Male,46399.0,Rural,32.9,3,Hatchback,1,2,Yes,4,No,Low,No,41-50
EV04949,45,Male,103642.0,Suburban,21.1,2,Sedan,3,8,Yes,5,Yes,Low,No,41-50
EV04950,25,Male,106569.0,Urban,59.0,3,Sedan,4,15,Yes,5,No,Low,No,18-30
EV04951,48,Female,30000.0,Urban,48.0,2,SUV,5,13,No,5,No,Low,No,41-50
EV04952,38,Male,52590.0,Rural,28.9,1,SUV,1,1,Yes,3,Yes,Low,No,31-40
EV04953,31,Other,83396.0,Urban,5.0,3,SUV,11,15,No,2,Yes,Low,No,31-40
EV04954,30,Female,76796.0,Urban,52.4,4,Truck,6,11,No,4,Yes,Low,Yes,18-30
EV04955,43,Female,85724.0,Suburban,68.6,1,Sedan,7,1,Yes,2,Yes,Low,No,41-50
EV04956,35,Other,86938.0,Urban,13.0,2,SUV,11,13,No,4,No,Low,Yes,31-40
EV04957,52,Male,125048.0,Urban,18.7,1,SUV,6,3,Yes,4,No,Low,No,51-60
EV04958,34,Male,98425.0,Urban,5.0,1,SUV,14,9,No,4,No,Low,No,31-40
EV04959,47,Male,132267.0,Suburban,47.9,3,SUV,5,6,Yes,1,Yes,Low,No,41-50
EV04960,62,Male,75436.0,Rural,53.3,3,Truck,2,2,Yes,5,No,Low,No,61-70
EV04961,60,Female,144932.0,Rural,23.3,2,Sedan,0,2,Yes,3,No,Low,No,51-60
EV04962,54,Female,117550.0,Suburban,14.6,2,SUV,5,6,Yes,3,No,Low,No,51-60
EV04963,38,Male,50103.0,Suburban,23.9,2,Truck,0,9,Yes,3,Yes,Low,No,31-40
EV04964,65,Male,42298.0,Urban,10.7,2,Sedan,2,16,Yes,5,No,Low,Yes,61-70
EV04965,69,Male,83489.0,Suburban,44.5,1,Sedan,1,6,Yes,3,No,Low,No,61-70
EV04966,33,Male,102503.0,Suburban,29.0,2,Sedan,1,9,Yes,3,Yes,Low,No,31-40
EV04967,68,Male,38726.0,Urban,11.6,1,SUV,7,13,Yes,3,Yes,Low,No,61-70
EV04968,50,Female,95579.0,Urban,32.9,2,Hatchback,14,19,No,1,No,Low,No,41-50
EV04969,42,Female,50529.0,Urban,5.0,1,SUV,6,8,No,4,No,Low,No,41-50
EV04970,55,Female,98444.0,Suburban,33.0,1,SUV,0,9,No,1,No,Medium,No,51-60
EV04971,56,Male,92047.0,Urban,26.3,2,Hatchback,2,15,Yes,1,Yes,Low,No,51-60
EV04972,56,Female,74481.0,Suburban,54.0,1,Hatchback,5,1,Yes,1,Yes,Low,No,51-60
EV04973,35,Female,36947.0,Suburban,89.3,2,Sedan,2,9,Yes,4,Yes,Low,No,31-40
EV04974,53,Female,113390.0,Urban,34.0,2,Sedan,4,3,Yes,1,No,Low,No,51-60
EV04975,60,Male,33888.0,Urban,21.1,1,SUV,9,6,Yes,5,Yes,Low,No,51-60
EV04976,59,Female,60438.0,Suburban,7.0,2,SUV,7,3,Yes,3,No,Low,No,51-60
EV04977,40,Other,106031.0,Urban,63.5,2,Truck,11,3,No,3,Yes,Medium,No,31-40
EV04978,28,Male,113372.0,Rural,52.2,2,SUV,2,2,Yes,3,No,Low,No,18-30
EV04979,25,Male,118610.0,Rural,35.4,2,Sedan,0,0,Yes,2,Yes,Low,No,18-30
EV04980,50,Male,59262.0,Rural,87.6,2,Hatchback,1,1,Yes,4,No,Low,No,41-50
EV04981,37,Male,55952.0,Suburban,12.0,2,Truck,7,3,Yes,2,Yes,Low,No,31-40
EV04982,65,Male,73261.0,Urban,42.1,1,Sedan,6,10,No,5,No,Low,No,61-70
EV04983,47,Male,119457.0,Suburban,19.7,1,Hatchback,5,6,No,2,Yes,Low,No,41-50
EV04984,36,Female,69082.0,Urban,71.7,2,SUV,6,10,No,2,Yes,Low,No,31-40
EV04985,31,Male,111035.0,Suburban,54.3,3,Sedan,1,7,Yes,5,No,Low,No,31-40
EV04986,61,Female,30000.0,Suburban,45.3,3,SUV,1,5,No,3,Yes,Medium,No,61-70
EV04987,26,Female,138706.0,Suburban,67.7,2,SUV,0,8,Yes,4,Yes,Low,Yes,18-30
EV04988,49,Female,97640.0,Suburban,26.2,2,Sedan,7,8,Yes,5,Yes,Low,No,41-50
EV04989,65,Male,45078.0,Rural,67.8,1,SUV,0,2,Yes,2,Yes,Low,No,61-70
EV04990,44,Female,68480.0,Suburban,67.4,3,SUV,2,3,Yes,2,Yes,Low,No,41-50
EV04991,32,Male,62056.0,Urban,106.2,3,SUV,4,5,No,2,Yes,Medium,No,31-40
EV04992,61,Female,75989.0,Suburban,33.1,1,Sedan,2,4,Yes,5,Yes,Low,Yes,61-70
EV04993,60,Female,71997.0,Urban,47.2,4,Sedan,14,13,Yes,4,Yes,Low,No,51-60
EV04994,59,Female,71198.0,Suburban,5.0,1,Sedan,5,4,Yes,2,Yes,Low,No,51-60
EV04995,62,Male,63576.0,Urban,5.0,3,SUV,6,5,Yes,1,Yes,Low,No,61-70
EV04996,34,Male,107854.0,Urban,65.7,1,Sedan,9,9,No,5,No,Low,No,31-40
EV04997,47,Female,51258.0,Urban,5.0,2,Truck,12,17,Yes,4,No,Low,No,41-50
EV04998,61,Male,134948.0,Urban,22.8,4,Sedan,4,12,Yes,5,Yes,Low,Yes,61-70
EV04999,66,Male,126168.0,Urban,57.5,2,Sedan,8,7,No,5,Yes,Low,Yes,61-70
EV05000,36,Female,101407.0,Rural,5.0,1,SUV,2,1,No,1,Yes,Medium,No,31-40
EV05001,65,Female,83573.0,Urban,5.0,4,Truck,8,18,Yes,3,No,Low,No,61-70
EV05002,30,Male,90724.0,Suburban,41.2,3,Sedan,5,1,Yes,2,No,Low,No,18-30
EV05003,34,Male,46684.0,Urban,66.0,2,Sedan,4,17,No,1,Yes,Medium,No,31-40
EV05004,49,Male,30521.0,Suburban,53.5,1,SUV,3,6,No,1,Yes,High,No,41-50
EV05005,65,Female,94384.0,Urban,59.3,2,SUV,3,13,No,4,Yes,Low,Yes,61-70
EV05006,55,Female,111861.0,Urban,57.0,1,Hatchback,5,6,Yes,3,Yes,Low,No,51-60
EV05007,35,Female,111873.0,Rural,74.0,2,SUV,0,0,Yes,5,Yes,Low,No,31-40
EV05008,47,Male,91758.0,Urban,70.9,1,Hatchback,13,16,No,3,No,Low,No,41-50
EV05009,48,Male,96767.0,Suburban,71.0,1,Hatchback,1,2,Yes,1,Yes,Low,No,41-50
EV05010,41,Male,78957.0,Rural,73.1,3,SUV,0,3,Yes,3,No,Low,No,41-50
EV05011,51,Male,109214.0,Suburban,19.6,2,SUV,0,9,No,2,Yes,Low,No,51-60
EV05012,37,Male,68336.0,Urban,41.7,2,Hatchback,10,12,Yes,5,Yes,Low,Yes,31-40
EV05013,27,Male,63771.0,Suburban,56.0,3,Truck,5,1,Yes,2,Yes,Low,No,18-30
EV05014,46,Male,101877.0,Urban,8.9,2,Sedan,7,6,Yes,3,Yes,Low,No,41-50
EV05015,65,Female,30000.0,Suburban,85.0,2,SUV,2,7,Yes,3,Yes,Low,No,61-70
EV05016,25,Male,63503.0,Suburban,44.7,1,Sedan,6,2,Yes,2,No,Low,No,18-30
EV05017,28,Male,53784.0,Suburban,9.9,1,Sedan,2,2,Yes,4,Yes,Low,Yes,18-30
EV05018,28,Male,84469.0,Urban,12.6,2,SUV,12,9,Yes,1,No,Low,No,18-30
EV05019,46,Female,44355.0,Rural,28.6,1,SUV,1,3,No,3,Yes,Medium,No,41-50
EV05020,65,Male,121947.0,Rural,10.6,2,Sedan,1,3,Yes,2,Yes,Low,No,61-70
EV05021,30,Male,118346.0,Suburban,32.5,2,SUV,0,8,No,2,Yes,Low,No,18-30
EV05022,44,Other,68037.0,Urban,76.9,1,Truck,3,4,Yes,4,Yes,Low,Yes,41-50
EV05023,62,Male,57063.0,Rural,11.0,2,SUV,1,3,No,5,No,Medium,No,61-70
EV05024,47,Male,88714.0,Suburban,5.0,1,SUV,2,5,Yes,1,No,Low,No,41-50
EV05025,28,Female,106071.0,Urban,43.9,2,SUV,2,12,Yes,4,Yes,Low,No,18-30
EV05026,55,Other,119512.0,Suburban,22.4,2,SUV,1,2,Yes,4,No,Low,No,51-60
EV05027,43,Male,100872.0,Suburban,54.0,4,SUV,1,7,Yes,1,Yes,Low,No,41-50
EV05028,48,Male,56682.0,Urban,50.1,1,Hatchback,8,4,Yes,3,Yes,Low,No,41-50
EV05029,59,Female,64869.0,Suburban,49.1,1,Sedan,0,9,Yes,5,No,Low,No,51-60
EV05030,57,Male,30000.0,Urban,12.9,2,Sedan,10,17,Yes,4,Yes,Low,No,51-60
EV05031,47,Male,94686.0,Urban,70.8,1,Sedan,2,18,No,4,No,Medium,No,41-50
EV05032,36,Female,77425.0,Suburban,6.2,3,Sedan,0,6,Yes,1,Yes,Low,No,31-40
EV05033,49,Male,82469.0,Urban,9.6,1,Hatchback,4,8,No,2,No,Medium,No,41-50
EV05034,48,Male,129828.0,Rural,50.2,2,SUV,1,2,Yes,1,No,Low,No,41-50
EV05035,39,Male,95850.0,Urban,24.8,2,SUV,2,14,No,4,No,Low,No,31-40
EV05036,25,Male,94049.0,Suburban,40.2,1,SUV,2,1,Yes,2,No,Low,No,18-30
EV05037,27,Male,66034.0,Rural,86.6,3,Sedan,1,0,Yes,4,Yes,Low,No,18-30
EV05038,52,Male,78911.0,Suburban,31.1,3,SUV,2,5,Yes,1,No,Low,No,51-60
EV05039,63,Male,98784.0,Suburban,17.9,3,Sedan,0,6,Yes,1,No,Low,No,61-70
EV05040,43,Male,70348.0,Urban,5.0,1,Truck,13,4,No,4,No,Low,No,41-50
EV05041,46,Female,74597.0,Suburban,25.4,3,Truck,5,8,Yes,4,Yes,Low,Yes,41-50
EV05042,34,Male,123098.0,Urban,36.2,2,Truck,12,10,No,1,Yes,Low,No,31-40
EV05043,42,Male,117790.0,Suburban,54.4,3,Sedan,1,1,Yes,5,Yes,Low,Yes,41-50
EV05044,58,Male,84708.0,Urban,39.1,4,SUV,9,17,No,2,No,Low,No,51-60
EV05045,43,Female,101911.0,Urban,13.5,1,Hatchback,3,12,No,3,No,Low,No,41-50
EV05046,60,Female,112761.0,Urban,22.3,3,Sedan,8,14,Yes,4,Yes,Low,Yes,51-60
EV05047,63,Female,77607.0,Urban,74.2,2,Sedan,13,4,No,1,Yes,Medium,No,61-70
EV05048,37,Female,116041.0,Rural,26.8,2,SUV,1,1,Yes,4,No,Low,No,31-40
EV05049,40,Male,94443.0,Suburban,55.7,2,Sedan,7,9,Yes,4,No,Low,No,31-40
EV05050,35,Female,69477.0,Urban,34.3,1,SUV,13,19,No,2,No,Medium,No,31-40
EV05051,34,Male,30000.0,Suburban,54.6,3,Sedan,5,2,Yes,3,No,Low,No,31-40
EV05052,46,Female,57669.0,Suburban,43.1,1,SUV,5,7,Yes,3,Yes,Low,No,41-50
EV05053,54,Male,122922.0,Urban,33.3,1,Sedan,7,7,No,4,No,Medium,No,51-60
EV05054,62,Female,123832.0,Suburban,31.1,2,Sedan,5,3,No,4,No,High,No,61-70
EV05055,48,Other,52736.0,Suburban,5.0,2,Hatchback,0,8,Yes,3,Yes,Low,No,41-50
EV05056,56,Male,31595.0,Suburban,38.0,4,SUV,6,8,Yes,4,Yes,Low,No,51-60
EV05057,55,Female,91619.0,Urban,33.2,4,Truck,6,7,No,3,Yes,Low,No,51-60
EV05058,29,Female,88465.0,Urban,41.8,1,Sedan,12,9,No,2,Yes,Medium,No,18-30
EV05059,33,Female,92325.0,Suburban,70.8,1,Sedan,3,3,Yes,2,Yes,Medium,No,31-40
EV05060,44,Female,77902.0,Urban,38.0,1,Sedan,3,17,Yes,2,Yes,Low,No,41-50
EV05061,46,Female,39384.0,Urban,62.7,2,SUV,9,15,Yes,3,Yes,Low,Yes,41-50
EV05062,52,Male,96984.0,Rural,35.3,2,Sedan,2,0,Yes,2,Yes,Low,No,51-60
EV05063,30,Female,30000.0,Urban,36.9,2,Sedan,13,4,No,4,Yes,Medium,No,18-30
EV05064,39,Female,76280.0,Urban,34.3,1,Hatchback,3,8,Yes,3,Yes,Low,No,31-40
EV05065,44,Female,64223.0,Urban,78.8,1,Truck,3,4,Yes,5,Yes,Low,Yes,41-50
EV05066,31,Male,81573.0,Suburban,57.3,1,Sedan,3,6,No,2,No,Medium,No,31-40
EV05067,54,Male,42038.0,Urban,53.1,2,SUV,6,7,No,5,Yes,Medium,No,51-60
EV05068,32,Female,50108.0,Urban,37.1,2,Sedan,9,4,No,5,No,Medium,No,31-40
EV05069,67,Male,77673.0,Suburban,16.0,1,Hatchback,0,9,No,3,No,Medium,No,61-70
EV05070,55,Male,81093.0,Urban,51.1,3,Hatchback,3,10,No,4,Yes,Medium,No,51-60
EV05071,33,Male,126753.0,Urban,88.6,1,SUV,14,13,Yes,1,Yes,Low,No,31-40
EV05072,59,Male,100704.0,Urban,75.3,2,Sedan,14,7,No,1,Yes,Low,No,51-60
EV05073,57,Other,84708.0,Suburban,40.2,1,SUV,0,2,Yes,5,Yes,Low,No,51-60
EV05074,49,Female,130744.0,Urban,15.1,1,Truck,11,14,Yes,4,No,Low,No,41-50
EV05075,44,Male,88005.0,Suburban,40.2,2,Hatchback,2,3,Yes,4,Yes,Low,Yes,41-50
EV05076,32,Female,88889.0,Urban,64.0,2,Truck,3,12,Yes,5,Yes,Low,No,31-40
EV05077,31,Male,115823.0,Urban,5.6,1,SUV,7,13,No,2,No,Low,No,31-40
EV05078,48,Male,85746.0,Rural,32.0,1,Sedan,0,3,Yes,1,Yes,Low,No,41-50
EV05079,65,Female,136533.0,Suburban,33.5,1,Sedan,5,4,Yes,2,Yes,Low,No,61-70
EV05080,47,Male,80266.0,Urban,42.2,1,Hatchback,12,7,No,4,Yes,Low,No,41-50
EV05081,37,Female,126784.0,Urban,23.9,2,SUV,10,18,No,3,Yes,Low,No,31-40
EV05082,61,Male,103850.0,Urban,5.0,1,Sedan,3,4,No,3,Yes,Medium,No,61-70
EV05083,55,Male,110258.0,Rural,22.1,2,Hatchback,0,0,Yes,2,No,Low,No,51-60
EV05084,64,Female,57073.0,Rural,57.7,1,SUV,0,1,Yes,5,Yes,Low,No,61-70
EV05085,56,Female,64324.0,Urban,80.3,1,SUV,13,7,Yes,5,Yes,Low,Yes,51-60
EV05086,56,Male,70572.0,Urban,74.6,4,Truck,5,14,No,1,No,Low,No,51-60
EV05087,41,Male,61588.0,Urban,92.4,2,Sedan,8,9,Yes,3,Yes,Low,No,41-50
EV05088,66,Male,137031.0,Urban,40.8,2,Sedan,13,15,Yes,3,Yes,Low,Yes,61-70
EV05089,29,Female,30000.0,Urban,5.0,2,Sedan,14,16,No,3,Yes,Low,Yes,18-30
EV05090,57,Female,73725.0,Suburban,42.9,2,Hatchback,3,7,Yes,3,No,Low,No,51-60
EV05091,68,Male,121879.0,Suburban,45.2,2,SUV,6,6,Yes,5,Yes,Low,Yes,61-70
EV05092,67,Female,50427.0,Suburban,5.7,2,SUV,3,5,Yes,2,No,Low,No,61-70
EV05093,61,Female,85607.0,Suburban,74.7,1,SUV,7,5,Yes,3,Yes,Low,No,61-70
EV05094,61,Male,30000.0,Suburban,23.9,1,SUV,7,3,No,3,Yes,Low,No,61-70
EV05095,53,Male,57931.0,Suburban,113.9,1,Hatchback,4,6,Yes,1,No,Low,No,51-60
EV05096,67,Male,92250.0,Urban,39.0,3,SUV,3,8,Yes,5,No,Low,Yes,61-70
EV05097,67,Female,60520.0,Urban,25.8,2,Hatchback,4,18,No,5,Yes,Low,No,61-70
EV05098,61,Male,102244.0,Suburban,5.0,1,Sedan,4,6,Yes,1,No,Low,No,61-70
EV05099,53,Female,41387.0,Suburban,47.6,1,Sedan,4,1,Yes,3,Yes,Low,No,51-60
EV05100,40,Female,136457.0,Suburban,49.2,2,SUV,4,9,Yes,2,No,Low,No,31-40
EV05101,61,Male,125157.0,Rural,49.5,1,SUV,0,2,Yes,1,No,Medium,No,61-70
EV05102,59,Female,60973.0,Urban,18.8,1,Sedan,4,19,Yes,3,Yes,Low,No,51-60
EV05103,31,Male,74585.0,Urban,41.6,2,SUV,7,14,Yes,4,Yes,Low,Yes,31-40
EV05104,59,Male,54371.0,Urban,64.1,1,Sedan,10,14,Yes,2,No,Low,No,51-60
EV05105,26,Female,104303.0,Urban,76.8,2,Hatchback,7,8,No,5,Yes,Medium,No,18-30
EV05106,25,Male,45772.0,Urban,39.5,2,Sedan,2,5,Yes,3,No,Low,No,18-30
EV05107,63,Male,76869.0,Suburban,59.0,3,Sedan,4,7,Yes,4,No,Low,No,61-70
EV05108,28,Female,106795.0,Urban,31.2,3,Sedan,9,15,Yes,5,Yes,Low,Yes,18-30
EV05109,54,Other,83620.0,Suburban,47.2,4,Hatchback,4,6,Yes,1,No,Low,No,51-60
EV05110,46,Male,38338.0,Suburban,13.1,3,SUV,7,3,No,1,No,Medium,No,41-50
EV05111,31,Female,50525.0,Urban,24.6,3,Sedan,11,4,No,1,Yes,Low,No,31-40
EV05112,46,Female,41438.0,Suburban,58.0,2,SUV,3,1,Yes,4,Yes,Low,Yes,41-50
EV05113,62,Female,78434.0,Urban,57.8,2,Sedan,8,11,No,3,Yes,Low,No,61-70
EV05114,44,Female,137855.0,Suburban,36.4,4,Hatchback,5,6,Yes,3,Yes,Low,Yes,41-50
EV05115,43,Male,90425.0,Suburban,67.8,3,Hatchback,1,2,Yes,3,No,Low,No,41-50
EV05116,67,Other,107060.0,Urban,22.8,2,Sedan,8,9,No,3,No,Low,No,61-70
EV05117,30,Female,123066.0,Urban,60.1,1,Truck,8,7,Yes,2,No,Low,No,18-30
EV05118,32,Female,54727.0,Rural,22.0,1,SUV,2,1,Yes,2,No,Low,No,31-40
EV05119,39,Male,48002.0,Suburban,73.2,1,SUV,4,8,No,3,Yes,Medium,No,31-40
EV05120,53,Female,77584.0,Suburban,69.0,2,Sedan,0,9,Yes,3,No,Low,No,51-60
EV05121,31,Male,49877.0,Suburban,40.3,2,SUV,4,7,Yes,5,Yes,Low,No,31-40
EV05122,41,Female,57266.0,Urban,31.2,2,SUV,14,5,Yes,1,Yes,Low,No,41-50
EV05123,43,Male,84589.0,Suburban,75.8,4,Truck,3,3,No,1,No,Medium,No,41-50
EV05124,35,Male,65971.0,Urban,69.7,1,Sedan,6,3,No,1,Yes,Medium,No,31-40
EV05125,44,Male,86136.0,Rural,59.1,1,SUV,0,1,Yes,3,Yes,Low,No,41-50
EV05126,53,Male,84575.0,Urban,59.6,1,SUV,3,19,No,5,Yes,Low,Yes,51-60
EV05127,31,Male,113526.0,Urban,27.6,2,Sedan,7,10,Yes,1,No,Low,No,31-40
EV05128,58,Male,52776.0,Suburban,50.6,1,SUV,0,3,Yes,3,Yes,Low,No,51-60
EV05129,52,Female,121182.0,Suburban,43.2,3,Sedan,0,9,Yes,4,Yes,Low,No,51-60
EV05130,68,Female,59724.0,Urban,31.5,1,SUV,7,19,Yes,2,Yes,Low,No,61-70
EV05131,43,Other,92207.0,Urban,17.7,2,SUV,3,14,Yes,1,Yes,Low,No,41-50
EV05132,67,Female,104618.0,Suburban,47.0,3,SUV,3,4,Yes,1,No,Low,No,61-70
EV05133,43,Female,46239.0,Urban,78.6,1,Sedan,7,13,Yes,5,Yes,Low,Yes,41-50
EV05134,26,Male,148581.0,Suburban,13.9,1,SUV,3,8,Yes,3,No,Low,No,18-30
EV05135,52,Female,103464.0,Suburban,49.5,2,Hatchback,5,7,Yes,2,Yes,Low,No,51-60
EV05136,41,Female,106164.0,Urban,43.0,1,SUV,5,14,Yes,4,No,Low,No,41-50
EV05137,50,Female,109002.0,Suburban,21.4,1,Hatchback,7,7,Yes,4,No,Low,No,41-50
EV05138,35,Male,60881.0,Suburban,29.4,3,Hatchback,7,2,Yes,3,Yes,Low,Yes,31-40
EV05139,60,Female,60127.0,Suburban,69.3,1,Sedan,2,3,No,1,Yes,Medium,No,51-60
EV05140,38,Female,75908.0,Suburban,61.9,2,Sedan,3,6,Yes,1,Yes,Low,No,31-40
EV05141,61,Female,30000.0,Suburban,61.0,2,Sedan,3,8,Yes,1,Yes,Low,No,61-70
EV05142,43,Female,37525.0,Suburban,73.2,4,SUV,6,2,Yes,4,Yes,Low,No,41-50
EV05143,38,Female,60287.0,Suburban,53.2,3,Sedan,7,1,Yes,2,No,Low,No,31-40
EV05144,62,Female,76342.0,Suburban,65.8,3,SUV,5,4,Yes,1,No,Low,No,61-70
EV05145,69,Female,46111.0,Suburban,23.6,2,Sedan,6,1,No,4,No,Medium,No,61-70
EV05146,30,Female,110636.0,Suburban,43.9,2,Truck,2,5,Yes,4,No,Low,No,18-30
EV05147,44,Male,69144.0,Suburban,73.7,4,Sedan,5,6,Yes,3,No,Low,No,41-50
EV05148,51,Male,153682.0,Urban,5.0,2,Sedan,4,12,No,5,Yes,Low,Yes,51-60
EV05149,39,Female,101047.0,Rural,53.5,1,SUV,1,3,Yes,3,Yes,Low,No,31-40
EV05150,56,Male,52502.0,Urban,67.4,3,SUV,9,11,Yes,1,Yes,Low,No,51-60
EV05151,39,Female,74109.0,Urban,5.0,1,SUV,5,9,No,3,Yes,Low,Yes,31-40
EV05152,50,Female,30000.0,Urban,26.7,2,SUV,8,8,No,5,Yes,Medium,No,41-50
EV05153,61,Female,117702.0,Suburban,11.9,1,SUV,3,5,Yes,2,Yes,Low,No,61-70
EV05154,41,Male,83601.0,Urban,21.4,2,SUV,6,8,Yes,5,Yes,Low,No,41-50
EV05155,42,Female,129767.0,Suburban,75.8,2,SUV,3,2,Yes,5,Yes,Low,Yes,41-50
EV05156,64,Female,143145.0,Urban,44.0,2,SUV,7,13,Yes,3,Yes,Low,No,61-70
EV05157,52,Male,78722.0,Suburban,54.4,1,Sedan,7,3,Yes,3,No,Low,No,51-60
EV05158,63,Female,65108.0,Suburban,38.7,1,SUV,1,2,Yes,2,Yes,Low,No,61-70
EV05159,50,Male,101361.0,Urban,57.5,2,Sedan,5,11,Yes,2,Yes,Low,No,41-50
EV05160,65,Male,114827.0,Suburban,37.7,4,SUV,3,9,Yes,2,No,Low,No,61-70
EV05161,66,Male,87249.0,Urban,52.2,3,SUV,10,18,No,5,No,Low,Yes,61-70
EV05162,65,Female,114079.0,Suburban,14.9,2,Sedan,5,1,Yes,4,No,Low,No,61-70
EV05163,52,Female,53181.0,Urban,39.5,1,Sedan,12,6,No,3,Yes,Low,No,51-60
EV05164,27,Male,105052.0,Suburban,5.0,1,Hatchback,0,4,Yes,5,Yes,Low,Yes,18-30
EV05165,40,Female,121697.0,Suburban,59.0,2,Truck,3,7,Yes,3,No,Low,No,31-40
EV05166,31,Male,30000.0,Suburban,10.3,1,SUV,5,3,Yes,4,Yes,Low,No,31-40
EV05167,29,Female,34217.0,Suburban,55.6,2,Truck,7,5,No,2,Yes,Low,No,18-30
EV05168,69,Male,40474.0,Suburban,38.3,1,Truck,4,1,Yes,1,Yes,Low,No,61-70
EV05169,29,Male,127732.0,Suburban,51.0,1,Hatchback,0,3,Yes,3,Yes,Low,No,18-30
EV05170,68,Female,97172.0,Suburban,20.9,2,SUV,4,7,Yes,4,Yes,Low,No,61-70
EV05171,55,Female,67229.0,Suburban,53.8,2,Truck,4,7,Yes,4,No,Low,No,51-60
EV05172,40,Male,57236.0,Suburban,83.4,2,Sedan,1,3,Yes,5,Yes,Low,Yes,31-40
EV05173,25,Female,139937.0,Rural,19.8,3,Sedan,0,2,Yes,2,Yes,Low,Yes,18-30
EV05174,56,Male,64008.0,Suburban,36.6,2,Sedan,4,5,Yes,4,No,Low,No,51-60
EV05175,56,Female,78102.0,Rural,44.8,1,Truck,0,2,Yes,3,Yes,Low,No,51-60
EV05176,51,Male,94473.0,Urban,98.3,1,SUV,10,10,No,4,Yes,High,No,51-60
EV05177,43,Female,104988.0,Suburban,33.4,3,Sedan,3,3,No,4,Yes,Low,No,41-50
EV05178,31,Female,127291.0,Urban,82.4,1,SUV,10,10,Yes,1,No,Low,No,31-40
EV05179,35,Male,103847.0,Suburban,18.8,2,Sedan,3,7,Yes,1,Yes,Low,No,31-40
EV05180,43,Female,90756.0,Urban,50.6,3,SUV,12,14,Yes,5,No,Low,No,41-50
EV05181,49,Female,45068.0,Rural,44.4,3,SUV,0,3,Yes,3,No,Low,No,41-50
EV05182,64,Female,106563.0,Urban,21.1,1,Hatchback,14,12,No,3,Yes,Low,Yes,61-70
EV05183,38,Female,81143.0,Urban,35.3,2,Truck,6,15,Yes,2,No,Low,No,31-40
EV05184,63,Female,90750.0,Urban,21.8,3,Sedan,2,13,No,1,No,Medium,No,61-70
EV05185,33,Male,52391.0,Urban,44.6,2,SUV,5,15,No,3,No,Low,No,31-40
EV05186,63,Male,84701.0,Urban,5.0,3,Sedan,10,19,Yes,3,Yes,Low,No,61-70
EV05187,69,Male,30000.0,Suburban,49.5,2,Sedan,0,1,Yes,5,No,Low,No,61-70
EV05188,41,Female,68784.0,Urban,36.7,1,Sedan,2,10,Yes,4,No,Low,No,41-50
EV05189,25,Other,111698.0,Urban,69.1,2,SUV,10,7,Yes,5,Yes,Low,Yes,18-30
EV05190,50,Female,125641.0,Urban,73.2,3,Truck,12,10,No,2,Yes,Low,No,41-50
EV05191,38,Male,54150.0,Suburban,43.1,2,Sedan,3,7,Yes,1,Yes,Low,No,31-40
EV05192,65,Female,64077.0,Urban,17.0,2,Sedan,13,8,Yes,1,Yes,Low,No,61-70
EV05193,69,Male,121363.0,Suburban,75.9,1,Sedan,4,9,Yes,2,No,Low,No,61-70
EV05194,42,Female,94976.0,Urban,5.0,2,Sedan,14,9,No,1,No,Low,No,41-50
EV05195,37,Male,44697.0,Suburban,69.9,3,Hatchback,2,5,Yes,1,Yes,Low,No,31-40
EV05196,47,Male,112624.0,Urban,63.8,2,Hatchback,9,16,No,1,Yes,Low,No,41-50
EV05197,37,Female,96570.0,Rural,40.6,1,SUV,2,3,Yes,4,Yes,Low,Yes,31-40
EV05198,47,Male,122699.0,Rural,35.3,2,Hatchback,2,1,Yes,4,Yes,Low,No,41-50
EV05199,36,Female,116621.0,Urban,5.0,2,Sedan,11,13,No,4,Yes,Low,Yes,31-40
EV05200,65,Female,111397.0,Suburban,61.4,1,Sedan,1,8,Yes,1,No,Low,No,61-70
EV05201,64,Female,84768.0,Suburban,5.0,2,Hatchback,3,8,Yes,1,Yes,Low,No,61-70
EV05202,53,Female,183331.0,Suburban,42.5,1,Hatchback,6,1,Yes,3,No,Low,No,51-60
EV05203,28,Male,112185.0,Suburban,5.0,2,Hatchback,0,2,Yes,5,Yes,Low,No,18-30
EV05204,46,Male,76623.0,Urban,5.0,1,Truck,7,10,No,3,Yes,Low,No,41-50
EV05205,29,Male,96256.0,Urban,22.9,3,Hatchback,14,18,Yes,2,No,Low,No,18-30
EV05206,57,Female,75828.0,Rural,42.5,1,Hatchback,1,1,Yes,1,Yes,Low,Yes,51-60
EV05207,32,Male,54587.0,Urban,75.7,2,SUV,7,3,No,5,Yes,Low,No,31-40
EV05208,45,Male,92645.0,Suburban,43.7,1,SUV,5,1,Yes,5,Yes,Low,Yes,41-50
EV05209,61,Male,128414.0,Urban,20.4,2,SUV,10,15,No,2,Yes,Low,Yes,61-70
EV05210,47,Male,69923.0,Urban,50.7,1,Sedan,7,5,No,1,No,Medium,No,41-50
EV05211,69,Female,76082.0,Rural,50.5,2,Sedan,2,0,No,3,Yes,Medium,No,61-70
EV05212,65,Female,84708.0,Suburban,60.7,3,Sedan,5,4,Yes,1,No,Low,No,61-70
EV05213,57,Male,98421.0,Rural,31.2,2,SUV,1,0,Yes,3,Yes,Low,No,51-60
EV05214,47,Female,62342.0,Suburban,48.4,2,Sedan,6,8,No,1,Yes,Medium,No,41-50
EV05215,46,Male,108480.0,Urban,45.6,3,SUV,4,15,No,4,No,Low,No,41-50
EV05216,49,Male,51836.0,Urban,34.4,1,SUV,9,9,Yes,3,No,Low,No,41-50
EV05217,42,Female,127366.0,Urban,40.2,2,Sedan,9,6,No,3,No,Low,No,41-50
EV05218,48,Female,125341.0,Urban,17.6,1,Sedan,5,13,No,5,No,Low,No,41-50
EV05219,29,Male,99234.0,Suburban,70.6,1,SUV,1,8,Yes,5,Yes,Low,Yes,18-30
EV05220,48,Female,76014.0,Urban,24.8,2,Hatchback,14,17,No,1,No,Low,No,41-50
EV05221,51,Female,129919.0,Suburban,5.0,2,Truck,6,2,No,3,No,Low,No,51-60
EV05222,66,Female,93425.0,Suburban,5.0,2,Sedan,2,8,Yes,1,Yes,Low,No,61-70
EV05223,67,Female,93427.0,Rural,75.7,3,Sedan,2,2,Yes,5,No,Low,No,61-70
EV05224,66,Male,125358.0,Urban,31.3,3,SUV,12,6,No,4,Yes,Medium,Yes,61-70
EV05225,47,Female,52078.0,Suburban,11.6,2,Sedan,5,6,Yes,4,Yes,Low,No,41-50
EV05226,33,Female,154871.0,Urban,5.0,1,SUV,12,17,Yes,1,Yes,Low,No,31-40
EV05227,63,Female,97779.0,Suburban,17.8,1,SUV,3,7,No,2,Yes,Low,No,61-70
EV05228,39,Male,110540.0,Suburban,5.0,1,SUV,2,9,Yes,1,Yes,Low,No,31-40
EV05229,45,Male,50332.0,Urban,46.3,1,Hatchback,10,3,No,2,Yes,Low,No,41-50
EV05230,51,Female,77941.0,Suburban,49.3,3,Sedan,1,6,No,1,Yes,High,No,51-60
EV05231,29,Male,117276.0,Urban,24.0,2,Sedan,5,10,Yes,3,Yes,Low,No,18-30
EV05232,65,Male,59414.0,Rural,25.7,2,Sedan,2,2,No,4,No,Medium,No,61-70
EV05233,34,Female,119449.0,Urban,91.7,1,Truck,8,15,No,4,Yes,Medium,No,31-40
EV05234,60,Male,160836.0,Urban,5.0,2,Hatchback,7,18,Yes,5,No,Low,No,51-60
EV05235,51,Female,76678.0,Urban,43.2,2,Truck,5,8,Yes,1,Yes,Low,No,51-60
EV05236,38,Female,174503.0,Suburban,54.0,1,Sedan,4,8,No,2,Yes,High,No,31-40
EV05237,48,Male,30000.0,Urban,69.6,1,SUV,9,13,No,5,Yes,Low,Yes,41-50
EV05238,53,Male,33779.0,Urban,37.4,2,SUV,2,18,No,2,Yes,Low,No,51-60
EV05239,30,Female,93957.0,Urban,84.0,2,SUV,11,12,Yes,1,Yes,Low,No,18-30
EV05240,63,Male,73619.0,Suburban,52.2,3,Sedan,6,3,Yes,4,Yes,Low,Yes,61-70
EV05241,36,Female,81478.0,Suburban,27.9,1,Sedan,6,7,Yes,2,No,Low,No,31-40
EV05242,52,Male,78845.0,Urban,24.0,3,SUV,12,17,No,4,Yes,Low,No,51-60
EV05243,59,Male,120306.0,Rural,50.5,1,Sedan,2,1,Yes,2,Yes,Low,No,51-60
EV05244,59,Female,98861.0,Suburban,73.9,2,Hatchback,6,9,No,4,Yes,Medium,No,51-60
EV05245,30,Male,159843.0,Suburban,66.6,2,Sedan,4,4,No,4,Yes,Medium,Yes,18-30
EV05246,68,Male,99546.0,Urban,65.7,2,Sedan,8,11,No,5,No,Medium,No,61-70
EV05247,36,Male,94781.0,Suburban,50.5,1,SUV,1,7,No,3,Yes,Medium,No,31-40
EV05248,25,Female,90047.0,Suburban,33.7,2,Sedan,4,2,Yes,4,No,Low,No,18-30
EV05249,63,Female,137153.0,Urban,32.7,1,Sedan,6,9,No,3,Yes,Medium,No,61-70
EV05250,37,Female,72715.0,Urban,5.0,1,SUV,9,11,Yes,3,Yes,Low,Yes,31-40
EV05251,47,Male,95593.0,Urban,33.9,3,Hatchback,7,4,No,4,Yes,Medium,Yes,41-50
EV05252,34,Male,94951.0,Suburban,39.9,3,Sedan,5,4,Yes,5,No,Low,No,31-40
EV05253,57,Male,95000.0,Suburban,67.9,1,Sedan,2,9,Yes,4,No,Low,No,51-60
EV05254,35,Male,30000.0,Rural,95.1,1,Sedan,0,3,Yes,3,No,Low,No,31-40
EV05255,32,Male,108501.0,Rural,12.3,2,Hatchback,2,0,Yes,1,Yes,Low,No,31-40
EV05256,52,Female,81041.0,Urban,19.8,1,Sedan,3,4,No,2,Yes,Low,No,51-60
EV05257,64,Female,87916.0,Urban,75.5,4,SUV,7,10,Yes,2,Yes,Low,No,61-70
EV05258,49,Male,134628.0,Urban,28.0,2,Truck,8,15,No,2,Yes,Low,No,41-50
EV05259,32,Male,115396.0,Suburban,81.1,2,Hatchback,1,7,Yes,5,No,Low,No,31-40
EV05260,46,Female,92046.0,Suburban,15.9,2,Sedan,7,7,No,4,No,Low,No,41-50
EV05261,68,Female,66929.0,Rural,5.0,2,SUV,2,2,Yes,4,No,Low,Yes,61-70
EV05262,49,Other,78015.0,Urban,31.3,2,Sedan,9,9,No,4,No,Medium,No,41-50
EV05263,39,Female,83229.0,Urban,44.4,2,Sedan,9,17,No,3,Yes,Low,Yes,31-40
EV05264,30,Male,60562.0,Rural,43.8,1,Hatchback,1,1,Yes,4,Yes,Low,Yes,18-30
EV05265,63,Male,108245.0,Suburban,5.0,1,Hatchback,0,9,Yes,1,No,Low,No,61-70
EV05266,64,Female,43266.0,Urban,48.9,2,Sedan,7,6,Yes,5,Yes,Low,No,61-70
EV05267,35,Female,123950.0,Urban,50.2,2,SUV,4,11,No,5,Yes,Medium,Yes,31-40
EV05268,37,Female,72676.0,Rural,55.7,3,SUV,1,2,Yes,5,No,Low,No,31-40
EV05269,64,Female,42223.0,Rural,39.1,1,SUV,1,0,Yes,1,No,Low,No,61-70
EV05270,41,Male,109097.0,Rural,58.9,2,Sedan,0,1,Yes,3,Yes,Low,No,41-50
EV05271,46,Male,75534.0,Suburban,64.8,2,Sedan,4,1,Yes,5,No,Low,No,41-50
EV05272,48,Male,130875.0,Suburban,74.8,1,Hatchback,7,4,Yes,3,No,Low,No,41-50
EV05273,55,Other,48671.0,Urban,29.8,3,SUV,14,18,Yes,1,Yes,Low,No,51-60
EV05274,29,Female,146301.0,Suburban,51.4,3,SUV,7,2,Yes,2,No,Low,No,18-30
EV05275,59,Male,145682.0,Rural,14.0,3,Hatchback,1,2,Yes,4,No,Low,No,51-60
EV05276,25,Female,64637.0,Urban,32.5,2,SUV,10,10,Yes,1,Yes,Low,No,18-30
EV05277,61,Female,84049.0,Urban,61.9,1,Sedan,13,17,Yes,1,Yes,Low,No,61-70
EV05278,28,Male,90920.0,Urban,68.4,2,Truck,8,13,No,3,Yes,Medium,No,18-30
EV05279,32,Male,55465.0,Suburban,62.3,3,Sedan,3,2,Yes,1,Yes,Low,No,31-40
EV05280,40,Male,87910.0,Urban,24.0,3,Hatchback,6,14,No,5,No,Low,No,31-40
EV05281,65,Female,50834.0,Suburban,83.8,2,Sedan,7,6,Yes,4,Yes,Low,No,61-70
EV05282,43,Male,59895.0,Suburban,73.4,2,Sedan,5,9,Yes,5,Yes,Low,Yes,41-50
EV05283,39,Female,59059.0,Urban,5.8,1,SUV,10,12,No,4,No,Low,No,31-40
EV05284,41,Male,69073.0,Urban,40.2,3,SUV,4,3,Yes,2,No,Low,No,41-50
EV05285,30,Female,95470.0,Urban,32.6,2,SUV,4,11,No,1,No,Low,No,18-30
EV05286,44,Other,91053.0,Urban,28.3,2,SUV,7,5,Yes,1,No,Low,No,41-50
EV05287,55,Male,61133.0,Urban,70.5,2,Sedan,9,4,Yes,4,Yes,Low,No,51-60
EV05288,37,Male,59495.0,Urban,5.5,1,Hatchback,14,7,Yes,4,No,Low,No,31-40
EV05289,59,Male,93383.0,Suburban,85.5,2,Sedan,2,7,Yes,1,No,Low,No,51-60
EV05290,51,Male,67794.0,Rural,66.8,2,Sedan,1,2,Yes,3,No,Low,No,51-60
EV05291,44,Female,114645.0,Suburban,38.6,1,Sedan,1,9,Yes,2,No,Low,No,41-50
EV05292,32,Female,41139.0,Urban,76.2,1,Sedan,5,14,Yes,1,Yes,Low,No,31-40
EV05293,30,Female,34876.0,Suburban,50.2,2,Sedan,5,2,Yes,4,Yes,Low,No,18-30
EV05294,41,Male,98614.0,Suburban,52.3,2,SUV,7,4,No,1,Yes,Medium,No,41-50
EV05295,57,Female,78516.0,Suburban,69.8,1,Sedan,1,7,Yes,4,No,Low,No,51-60
EV05296,56,Male,70523.0,Suburban,52.6,4,SUV,4,7,Yes,4,Yes,Low,No,51-60
EV05297,55,Male,85330.0,Suburban,67.3,1,SUV,6,6,No,3,No,Medium,No,51-60
EV05298,48,Male,42147.0,Suburban,29.7,2,Hatchback,3,6,Yes,3,Yes,Low,No,41-50
EV05299,38,Male,80658.0,Urban,38.8,1,Sedan,7,5,Yes,5,Yes,Low,Yes,31-40
EV05300,66,Female,61010.0,Rural,5.0,2,Sedan,2,1,Yes,4,Yes,Low,Yes,61-70
EV05301,67,Male,64638.0,Suburban,5.0,2,Hatchback,6,2,Yes,3,Yes,Low,No,61-70
EV05302,37,Female,121836.0,Rural,66.4,1,Hatchback,2,1,Yes,3,Yes,Low,No,31-40
EV05303,57,Female,104150.0,Urban,50.2,3,Sedan,6,11,Yes,2,No,Low,No,51-60
EV05304,55,Female,83735.0,Urban,13.4,1,Sedan,3,4,Yes,4,Yes,Low,No,51-60
EV05305,51,Female,115811.0,Suburban,40.2,1,Sedan,2,9,No,2,No,Medium,No,51-60
EV05306,36,Male,95766.0,Suburban,13.8,1,Sedan,7,2,Yes,1,Yes,Low,No,31-40
EV05307,48,Other,30000.0,Urban,52.6,1,Sedan,11,14,Yes,1,Yes,Low,No,41-50
EV05308,31,Male,77190.0,Urban,44.8,2,Sedan,10,8,No,5,Yes,Low,No,31-40
EV05309,60,Other,30000.0,Urban,21.0,1,SUV,4,8,No,4,Yes,Low,No,51-60
EV05310,64,Male,125664.0,Suburban,58.5,3,Hatchback,5,1,No,1,No,Medium,No,61-70
EV05311,35,Male,73154.0,Rural,45.2,2,SUV,1,1,Yes,1,Yes,Low,No,31-40
EV05312,59,Female,61828.0,Urban,70.3,1,Sedan,11,18,Yes,5,Yes,Low,Yes,51-60
EV05313,65,Female,105117.0,Suburban,32.3,1,Sedan,7,5,Yes,1,No,Low,No,61-70
EV05314,30,Male,79803.0,Rural,47.4,1,Hatchback,2,1,Yes,4,Yes,Low,No,18-30
EV05315,41,Female,100756.0,Urban,64.8,2,Sedan,14,17,No,3,Yes,Low,No,41-50
EV05316,54,Male,31545.0,Suburban,30.6,2,Hatchback,3,4,Yes,2,Yes,Low,No,51-60
EV05317,54,Female,84708.0,Urban,22.7,2,Sedan,2,14,No,5,Yes,Low,No,51-60
EV05318,25,Male,79943.0,Urban,9.4,2,Hatchback,5,16,Yes,1,No,Low,No,18-30
EV05319,54,Male,109570.0,Urban,21.8,2,SUV,13,16,No,2,No,Low,No,51-60
EV05320,47,Male,41558.0,Urban,26.3,2,SUV,12,11,Yes,4,Yes,Low,Yes,41-50
EV05321,52,Male,68323.0,Suburban,31.2,1,SUV,5,4,No,3,No,Low,No,51-60
EV05322,63,Male,131397.0,Urban,52.7,1,SUV,12,12,No,2,Yes,Low,No,61-70
EV05323,67,Female,45572.0,Rural,62.4,2,Truck,1,1,Yes,3,Yes,Low,Yes,61-70
EV05324,59,Male,41293.0,Suburban,11.1,4,Sedan,4,1,Yes,1,Yes,Low,No,51-60
EV05325,25,Female,111904.0,Suburban,89.1,2,SUV,1,1,Yes,4,Yes,Low,No,18-30
EV05326,36,Male,146688.0,Suburban,42.4,1,SUV,2,4,Yes,5,Yes,Low,Yes,31-40
EV05327,43,Male,53181.0,Suburban,7.0,2,Truck,7,6,No,3,Yes,Low,No,41-50
EV05328,28,Male,80560.0,Suburban,60.9,2,SUV,7,9,Yes,3,No,Low,No,18-30
EV05329,48,Female,70729.0,Urban,38.1,1,Sedan,13,5,No,5,Yes,Low,No,41-50
EV05330,32,Female,84708.0,Suburban,40.2,2,SUV,0,9,Yes,5,No,Low,No,31-40
EV05331,62,Male,91295.0,Urban,32.2,3,SUV,5,16,Yes,5,Yes,Low,No,61-70
EV05332,54,Male,99930.0,Rural,43.1,1,Hatchback,1,3,Yes,3,Yes,Low,Yes,51-60
EV05333,58,Female,74634.0,Urban,51.4,4,Truck,10,5,No,2,No,Low,No,51-60
EV05334,44,Female,48584.0,Urban,25.4,1,SUV,7,4,Yes,3,Yes,Low,No,41-50
EV05335,55,Male,32427.0,Urban,55.2,2,Hatchback,8,11,No,2,No,Medium,No,51-60
EV05336,67,Male,53521.0,Urban,14.0,3,SUV,14,8,No,5,Yes,Low,No,61-70
EV05337,33,Male,116054.0,Suburban,39.0,2,Truck,2,5,Yes,3,Yes,Low,No,31-40
EV05338,55,Male,30000.0,Urban,48.7,2,SUV,6,13,No,2,No,Medium,No,51-60
EV05339,28,Female,148167.0,Urban,67.8,1,SUV,14,15,Yes,2,No,Low,No,18-30
EV05340,45,Male,90520.0,Urban,36.4,2,SUV,2,12,Yes,4,Yes,Low,No,41-50
EV05341,65,Male,149854.0,Suburban,73.5,1,SUV,7,2,Yes,5,Yes,Low,Yes,61-70
EV05342,26,Female,81929.0,Suburban,54.0,1,SUV,1,2,Yes,3,No,Low,No,18-30
EV05343,34,Male,40203.0,Rural,107.8,1,Sedan,2,3,Yes,3,No,Low,No,31-40
EV05344,25,Female,113026.0,Urban,18.3,1,SUV,12,15,No,3,Yes,Low,No,18-30
EV05345,28,Female,70404.0,Urban,89.7,2,SUV,6,7,No,3,Yes,Medium,No,18-30
EV05346,33,Female,62546.0,Rural,40.6,1,Hatchback,1,3,Yes,4,Yes,Low,No,31-40
EV05347,41,Male,35007.0,Suburban,34.1,3,Hatchback,0,9,Yes,1,No,Low,No,41-50
EV05348,50,Female,95898.0,Suburban,18.6,3,Truck,0,5,Yes,4,No,Low,No,41-50
EV05349,50,Male,104379.0,Rural,12.9,1,SUV,2,3,Yes,2,No,Low,No,41-50
EV05350,59,Male,92797.0,Urban,22.3,2,Truck,12,10,Yes,5,Yes,Low,Yes,51-60
EV05351,26,Male,93430.0,Urban,84.4,1,Truck,5,13,No,2,No,Low,No,18-30
EV05352,48,Female,147870.0,Suburban,47.6,1,SUV,2,8,Yes,3,No,Low,No,41-50
EV05353,66,Female,98683.0,Suburban,14.5,1,SUV,1,3,Yes,4,Yes,Low,Yes,61-70
EV05354,67,Male,75528.0,Suburban,71.5,1,Sedan,3,3,Yes,3,Yes,Low,No,61-70
EV05355,33,Male,47645.0,Rural,59.3,1,Truck,2,3,No,3,Yes,Medium,No,31-40
EV05356,55,Male,78822.0,Rural,87.9,2,SUV,2,3,No,2,Yes,High,No,51-60
EV05357,35,Female,73130.0,Urban,81.2,3,Hatchback,3,6,Yes,3,No,Low,No,31-40
EV05358,54,Male,137845.0,Suburban,74.9,2,SUV,0,6,Yes,1,Yes,Low,No,51-60
EV05359,56,Female,132490.0,Rural,30.3,2,SUV,0,0,Yes,1,Yes,Low,Yes,51-60
EV05360,39,Female,66635.0,Suburban,46.0,1,SUV,1,4,Yes,3,Yes,Low,No,31-40
EV05361,69,Female,79668.0,Rural,43.0,1,SUV,0,1,Yes,2,Yes,Low,No,61-70
EV05362,54,Male,89502.0,Urban,57.4,2,SUV,5,18,Yes,4,No,Low,No,51-60
EV05363,40,Male,132255.0,Urban,23.1,2,SUV,9,14,No,2,No,Low,No,31-40
EV05364,25,Male,87739.0,Urban,5.0,1,Hatchback,14,9,Yes,5,Yes,Low,Yes,18-30
EV05365,27,Male,35903.0,Urban,68.7,4,Truck,7,11,Yes,3,No,Low,No,18-30
EV05366,53,Female,148252.0,Urban,62.5,1,Truck,11,6,No,3,Yes,Medium,No,51-60
EV05367,45,Female,131280.0,Urban,60.4,2,Sedan,11,17,No,4,No,Low,No,41-50
EV05368,46,Female,91542.0,Urban,67.5,3,SUV,14,8,No,2,Yes,Low,No,41-50
EV05369,48,Male,118225.0,Urban,47.6,1,Sedan,5,12,No,2,Yes,Low,No,41-50
EV05370,69,Female,59110.0,Urban,40.1,2,Sedan,9,3,No,2,No,Low,No,61-70
EV05371,30,Male,156000.0,Urban,14.6,1,Sedan,9,4,No,4,Yes,Medium,Yes,18-30
EV05372,39,Female,107845.0,Urban,20.2,2,SUV,10,19,No,5,No,Low,No,31-40
EV05373,28,Female,33413.0,Urban,36.4,3,Sedan,5,10,No,3,No,Low,No,18-30
EV05374,43,Male,168270.0,Urban,37.3,1,SUV,11,9,Yes,5,Yes,Low,Yes,41-50
EV05375,50,Female,106653.0,Urban,17.7,1,SUV,6,18,No,3,No,Low,No,41-50
EV05376,48,Male,35785.0,Urban,48.5,1,Hatchback,14,14,Yes,1,No,Low,No,41-50
EV05377,26,Male,84708.0,Suburban,17.6,1,SUV,4,9,Yes,5,Yes,Low,No,18-30
EV05378,31,Female,72963.0,Rural,46.7,1,Sedan,2,0,Yes,2,No,Low,No,31-40
EV05379,30,Male,66694.0,Rural,50.0,2,SUV,2,2,No,2,No,High,No,18-30
EV05380,38,Male,136259.0,Urban,21.3,1,Sedan,13,17,No,4,No,Low,No,31-40
EV05381,27,Male,94091.0,Urban,60.8,1,Truck,2,4,No,1,Yes,Medium,No,18-30
EV05382,50,Female,102935.0,Suburban,55.6,1,Hatchback,5,8,Yes,5,No,Low,No,41-50
EV05383,50,Male,80465.0,Suburban,31.4,1,Sedan,2,1,No,1,Yes,Medium,No,41-50
EV05384,65,Female,57912.0,Urban,46.4,2,SUV,3,13,No,2,No,Medium,No,61-70
EV05385,25,Male,94258.0,Urban,22.1,1,Sedan,7,19,No,3,Yes,Low,Yes,18-30
EV05386,52,Male,89125.0,Suburban,11.2,1,Sedan,2,6,Yes,4,Yes,Low,Yes,51-60
EV05387,43,Female,46726.0,Rural,5.0,4,Truck,0,2,Yes,4,Yes,Low,No,41-50
EV05388,39,Female,85760.0,Urban,35.5,1,SUV,7,8,No,5,No,Low,No,31-40
EV05389,37,Female,77473.0,Urban,43.8,2,Sedan,10,15,No,4,No,Medium,No,31-40
EV05390,68,Female,84832.0,Urban,37.9,3,Hatchback,9,11,Yes,1,No,Low,No,61-70
EV05391,60,Male,90481.0,Suburban,61.9,3,SUV,3,6,Yes,5,No,Low,No,51-60
EV05392,36,Female,203871.0,Suburban,36.1,3,Sedan,6,9,No,2,Yes,Low,Yes,31-40
EV05393,36,Female,98174.0,Suburban,32.0,2,Sedan,3,1,No,3,Yes,High,No,31-40
EV05394,68,Female,52077.0,Urban,56.9,1,SUV,3,18,No,1,Yes,Low,No,61-70
EV05395,48,Female,84708.0,Suburban,50.9,2,SUV,0,2,Yes,3,Yes,Low,No,41-50
EV05396,28,Male,94814.0,Suburban,28.5,1,Hatchback,4,7,Yes,3,Yes,Low,No,18-30
EV05397,69,Female,95987.0,Suburban,5.0,1,SUV,3,7,Yes,2,No,Low,No,61-70
EV05398,36,Male,62786.0,Urban,69.3,1,Sedan,10,9,No,3,No,Medium,No,31-40
EV05399,28,Female,30000.0,Suburban,82.0,3,Truck,0,5,Yes,5,Yes,Low,No,18-30
EV05400,62,Male,30000.0,Urban,24.7,3,SUV,13,19,No,2,Yes,Low,No,61-70
EV05401,45,Female,40123.0,Urban,87.1,2,Sedan,9,11,Yes,2,No,Low,No,41-50
EV05402,42,Male,59741.0,Rural,66.1,1,Sedan,1,0,Yes,5,Yes,Low,No,41-50
EV05403,58,Male,106424.0,Urban,5.0,2,SUV,5,5,No,2,No,Medium,No,51-60
EV05404,45,Female,87936.0,Urban,7.1,3,SUV,8,16,Yes,4,Yes,Low,No,41-50
EV05405,42,Female,93038.0,Suburban,23.6,2,Sedan,0,5,Yes,5,Yes,Low,Yes,41-50
EV05406,51,Male,94414.0,Urban,52.2,1,SUV,9,8,No,4,Yes,Medium,No,51-60
EV05407,47,Female,98561.0,Urban,88.0,1,SUV,14,18,Yes,3,No,Low,No,41-50
EV05408,64,Female,42937.0,Urban,34.8,1,Truck,3,11,No,3,Yes,Low,No,61-70
EV05409,65,Male,84708.0,Rural,66.2,1,Hatchback,0,1,Yes,4,Yes,Low,No,61-70
EV05410,55,Female,84708.0,Suburban,14.9,1,Hatchback,6,8,No,3,Yes,Medium,No,51-60
EV05411,30,Male,54060.0,Suburban,35.2,3,SUV,2,1,Yes,1,No,Low,No,18-30
EV05412,51,Female,84708.0,Suburban,24.1,2,SUV,0,3,Yes,3,No,Low,No,51-60
EV05413,69,Male,30000.0,Suburban,53.5,2,SUV,2,4,Yes,2,No,Low,No,61-70
EV05414,60,Female,76638.0,Urban,39.2,4,Hatchback,4,15,No,4,No,Low,No,51-60
EV05415,69,Female,131789.0,Urban,31.0,3,Sedan,11,17,No,3,No,Low,No,61-70
EV05416,30,Male,30000.0,Urban,47.2,3,Hatchback,8,8,No,2,No,Low,No,18-30
EV05417,53,Male,147602.0,Urban,57.3,1,SUV,13,17,Yes,4,Yes,Low,Yes,51-60
EV05418,55,Female,65135.0,Urban,38.2,2,SUV,9,17,No,1,Yes,Low,No,51-60
EV05419,66,Male,123749.0,Rural,56.3,1,Hatchback,2,3,Yes,2,Yes,Low,No,61-70
EV05420,61,Other,71241.0,Urban,18.8,1,Hatchback,5,12,No,2,Yes,Low,No,61-70
EV05421,43,Female,30000.0,Urban,75.3,1,Sedan,6,12,Yes,5,Yes,Low,No,41-50
EV05422,60,Male,109218.0,Rural,38.7,4,SUV,2,1,Yes,2,Yes,Low,No,51-60
EV05423,29,Female,164922.0,Suburban,63.6,4,SUV,3,7,Yes,3,Yes,Low,No,18-30
EV05424,45,Male,124186.0,Suburban,15.2,2,Sedan,0,8,Yes,2,No,Low,No,41-50
EV05425,36,Male,108302.0,Urban,77.0,1,Sedan,2,18,No,3,Yes,Low,Yes,31-40
EV05426,59,Male,89216.0,Suburban,25.5,2,Hatchback,2,6,Yes,3,Yes,Low,No,51-60
EV05427,67,Male,166819.0,Suburban,40.2,1,Sedan,7,5,Yes,4,No,Low,No,61-70
EV05428,40,Male,115403.0,Suburban,40.7,1,SUV,5,2,Yes,4,No,Low,No,31-40
EV05429,40,Male,82180.0,Urban,40.0,1,Truck,6,17,No,5,Yes,Low,No,31-40
EV05430,45,Male,74968.0,Rural,40.3,2,SUV,0,1,Yes,4,No,Low,No,41-50
EV05431,28,Male,57585.0,Urban,50.3,2,Sedan,9,18,No,4,Yes,Low,No,18-30
EV05432,58,Female,138328.0,Urban,70.6,2,Sedan,4,9,Yes,3,Yes,Low,Yes,51-60
EV05433,67,Female,43618.0,Suburban,37.0,1,SUV,1,3,No,5,Yes,Medium,Yes,61-70
EV05434,43,Male,131374.0,Urban,14.4,1,Sedan,14,8,Yes,2,Yes,Low,No,41-50
EV05435,28,Male,87326.0,Suburban,51.8,2,Hatchback,2,6,Yes,3,Yes,Low,Yes,18-30
EV05436,40,Male,56810.0,Urban,20.1,1,Hatchback,13,11,Yes,3,Yes,Low,No,31-40
EV05437,27,Female,120261.0,Urban,5.0,1,Hatchback,14,4,No,4,Yes,Low,Yes,18-30
EV05438,47,Male,30000.0,Suburban,38.6,3,Sedan,4,3,Yes,3,No,Low,No,41-50
EV05439,57,Other,102477.0,Suburban,43.7,3,Truck,1,6,Yes,4,Yes,Low,Yes,51-60
EV05440,54,Female,65210.0,Rural,46.9,1,Truck,1,0,Yes,5,Yes,Low,Yes,51-60
EV05441,46,Male,98135.0,Rural,53.0,1,Truck,0,3,Yes,4,Yes,Low,Yes,41-50
EV05442,48,Male,95035.0,Urban,5.0,1,SUV,3,8,Yes,3,No,Low,No,41-50
EV05443,32,Male,95707.0,Urban,5.0,1,Truck,5,8,No,4,Yes,Medium,No,31-40
EV05444,26,Male,140397.0,Suburban,78.8,4,SUV,0,1,Yes,2,Yes,Low,Yes,18-30
EV05445,39,Female,39148.0,Suburban,55.9,3,Hatchback,5,2,No,4,No,Medium,No,31-40
EV05446,29,Male,95603.0,Urban,63.1,1,Sedan,6,9,No,2,Yes,Low,No,18-30
EV05447,67,Male,96286.0,Suburban,64.4,1,Sedan,1,3,Yes,2,Yes,Low,No,61-70
EV05448,67,Male,89418.0,Suburban,41.3,2,Sedan,4,3,Yes,5,No,Low,No,61-70
EV05449,26,Male,46517.0,Suburban,30.1,2,Hatchback,2,6,No,4,Yes,Medium,No,18-30
EV05450,66,Female,82383.0,Suburban,54.0,2,SUV,2,7,Yes,5,Yes,Low,Yes,61-70
EV05451,42,Other,79795.0,Suburban,85.2,2,SUV,6,5,Yes,2,Yes,Low,No,41-50
EV05452,35,Female,114353.0,Urban,25.5,2,Sedan,11,16,Yes,5,No,Low,No,31-40
EV05453,49,Male,93930.0,Urban,73.7,1,Hatchback,12,18,Yes,1,Yes,Low,No,41-50
EV05454,38,Female,64225.0,Suburban,34.1,3,Hatchback,0,2,Yes,1,Yes,Low,No,31-40
EV05455,34,Male,52505.0,Suburban,39.7,3,SUV,4,2,Yes,3,No,Low,No,31-40
EV05456,50,Male,68640.0,Suburban,11.6,4,Sedan,7,3,Yes,5,Yes,Low,Yes,41-50
EV05457,47,Female,64666.0,Urban,16.8,3,SUV,7,7,No,2,No,Medium,No,41-50
EV05458,50,Other,65461.0,Urban,40.0,1,SUV,12,9,No,5,No,Low,No,41-50
EV05459,57,Female,30000.0,Urban,61.6,2,Hatchback,2,13,No,5,Yes,Medium,No,51-60
EV05460,45,Female,73275.0,Suburban,46.0,4,SUV,7,7,Yes,5,Yes,Low,Yes,41-50
EV05461,57,Female,93820.0,Urban,18.3,2,SUV,3,11,Yes,5,Yes,Low,Yes,51-60
EV05462,49,Female,65351.0,Urban,37.0,3,Truck,7,6,Yes,2,No,Low,No,41-50
EV05463,55,Male,30000.0,Urban,9.7,3,Sedan,14,18,No,5,Yes,Low,No,51-60
EV05464,59,Male,56355.0,Suburban,38.2,1,Sedan,7,1,Yes,5,Yes,Low,Yes,51-60
EV05465,67,Female,74914.0,Urban,69.3,1,Sedan,3,12,No,2,Yes,Medium,No,61-70
EV05466,40,Female,79956.0,Suburban,45.6,1,SUV,7,1,Yes,5,No,Low,No,31-40
EV05467,30,Male,84917.0,Urban,38.9,2,SUV,10,9,Yes,4,No,Low,Yes,18-30
EV05468,26,Female,89980.0,Urban,44.1,2,Truck,3,6,No,3,Yes,Low,Yes,18-30
EV05469,56,Female,120720.0,Suburban,16.6,1,SUV,7,6,Yes,4,Yes,Low,Yes,51-60
EV05470,26,Female,94289.0,Rural,77.2,2,Truck,0,3,Yes,4,Yes,Low,No,18-30
EV05471,65,Male,80401.0,Rural,57.2,2,SUV,2,2,Yes,4,No,Low,No,61-70
EV05472,63,Female,30000.0,Urban,50.0,1,SUV,12,13,Yes,4,No,Low,No,61-70
EV05473,31,Female,84708.0,Suburban,33.0,2,Truck,1,6,Yes,4,Yes,Low,No,31-40
EV05474,68,Female,89753.0,Suburban,20.4,2,Sedan,2,3,Yes,5,Yes,Low,Yes,61-70
EV05475,26,Female,89269.0,Suburban,42.6,2,Truck,1,2,Yes,2,No,Low,No,18-30
EV05476,36,Female,114048.0,Urban,46.4,2,SUV,4,7,Yes,4,No,Low,No,31-40
EV05477,67,Female,86187.0,Urban,7.7,2,SUV,6,16,Yes,2,Yes,Low,No,61-70
EV05478,61,Male,64673.0,Suburban,17.2,4,Truck,6,6,Yes,1,No,Low,No,61-70
EV05479,46,Female,44357.0,Suburban,37.3,2,Hatchback,3,8,Yes,3,Yes,Low,No,41-50
EV05480,47,Female,118939.0,Urban,21.3,1,SUV,11,19,Yes,4,No,Low,No,41-50
EV05481,59,Male,122280.0,Suburban,50.3,4,SUV,2,8,No,4,No,Medium,No,51-60
EV05482,56,Male,115473.0,Rural,34.4,2,Sedan,0,0,Yes,1,Yes,Low,No,51-60
EV05483,30,Male,140343.0,Urban,8.5,1,Hatchback,2,18,Yes,5,No,Low,Yes,18-30
EV05484,51,Male,76089.0,Urban,38.4,2,SUV,3,5,No,5,Yes,Low,Yes,51-60
EV05485,49,Male,75196.0,Urban,69.5,3,Sedan,14,8,No,1,No,Low,No,41-50
EV05486,25,Female,136508.0,Rural,15.5,2,Sedan,1,3,Yes,2,No,Low,No,18-30
EV05487,31,Female,31003.0,Suburban,5.0,2,Sedan,1,9,No,1,No,Low,No,31-40
EV05488,34,Male,123274.0,Suburban,64.4,3,Sedan,6,3,No,2,Yes,Low,No,31-40
EV05489,28,Female,46468.0,Urban,38.8,3,Truck,3,4,Yes,1,Yes,Low,No,18-30
EV05490,42,Male,30000.0,Urban,7.8,2,Truck,9,19,Yes,4,Yes,Low,No,41-50
EV05491,32,Female,43018.0,Urban,5.0,4,SUV,7,18,Yes,4,No,Low,No,31-40
EV05492,38,Female,52223.0,Urban,60.5,1,Truck,11,13,No,2,Yes,Low,No,31-40
EV05493,36,Female,94582.0,Urban,28.0,2,SUV,14,5,No,4,Yes,Medium,No,31-40
EV05494,39,Male,151186.0,Urban,27.8,1,Sedan,3,3,Yes,2,Yes,Low,No,31-40
EV05495,68,Female,79744.0,Urban,62.5,1,SUV,8,4,Yes,1,No,Low,No,61-70
EV05496,43,Other,88402.0,Suburban,30.7,2,Sedan,7,6,Yes,1,Yes,Low,No,41-50
EV05497,39,Male,130289.0,Rural,9.3,2,SUV,1,2,Yes,2,No,Low,No,31-40
EV05498,56,Female,67665.0,Urban,30.7,3,Truck,9,18,No,5,Yes,Low,Yes,51-60
EV05499,37,Male,30000.0,Urban,35.3,4,SUV,9,11,No,2,Yes,Low,No,31-40
EV05500,36,Male,58629.0,Urban,38.0,2,SUV,12,12,No,2,Yes,Low,No,31-40
EV05501,66,Male,77589.0,Urban,13.7,3,SUV,4,5,No,5,Yes,Medium,No,61-70
EV05502,69,Male,37486.0,Urban,27.4,1,Sedan,9,13,No,2,No,Medium,No,61-70
EV05503,40,Female,53806.0,Suburban,81.5,3,Sedan,1,6,Yes,1,Yes,Low,No,31-40
EV05504,62,Female,76549.0,Suburban,31.2,2,Hatchback,2,6,Yes,1,Yes,Low,No,61-70
EV05505,67,Female,101016.0,Urban,51.3,2,SUV,11,10,No,3,No,Medium,No,61-70
EV05506,31,Female,90621.0,Urban,57.0,2,Hatchback,3,3,Yes,1,Yes,Low,No,31-40
EV05507,64,Female,40225.0,Urban,36.2,2,SUV,11,18,No,5,No,Low,Yes,61-70
EV05508,42,Female,71608.0,Suburban,34.1,3,Sedan,3,3,Yes,3,No,Low,No,41-50
EV05509,35,Female,78447.0,Suburban,27.4,1,Sedan,0,1,Yes,2,No,Low,No,31-40
EV05510,29,Female,65753.0,Suburban,57.7,2,Sedan,1,8,Yes,4,No,Low,No,18-30
EV05511,28,Male,154110.0,Rural,32.1,1,SUV,1,0,Yes,3,No,Low,No,18-30
EV05512,65,Male,65275.0,Urban,91.2,2,Truck,3,6,No,2,Yes,Medium,No,61-70
EV05513,40,Male,89221.0,Urban,72.6,1,Sedan,8,3,No,3,Yes,Medium,No,31-40
EV05514,53,Male,123987.0,Urban,12.6,4,Hatchback,9,13,No,3,Yes,Low,No,51-60
EV05515,43,Male,76411.0,Suburban,85.1,1,Sedan,7,7,Yes,2,Yes,Low,No,41-50
EV05516,32,Female,129056.0,Rural,50.6,4,SUV,2,0,Yes,3,Yes,Low,Yes,31-40
EV05517,52,Female,100720.0,Urban,15.7,2,Sedan,11,8,Yes,5,No,Low,Yes,51-60
EV05518,31,Male,85244.0,Suburban,40.2,3,SUV,7,6,Yes,1,No,Low,No,31-40
EV05519,60,Male,91628.0,Rural,47.4,2,Sedan,0,0,Yes,5,Yes,Low,Yes,51-60
EV05520,29,Male,30000.0,Suburban,52.6,1,SUV,1,3,Yes,4,Yes,Low,No,18-30
EV05521,48,Male,103925.0,Suburban,34.0,1,Truck,5,7,Yes,3,Yes,Low,No,41-50
EV05522,61,Male,132032.0,Urban,11.1,1,Sedan,9,14,No,1,Yes,Low,No,61-70
EV05523,60,Female,111951.0,Suburban,19.8,2,Truck,2,3,Yes,1,Yes,Low,No,51-60
EV05524,26,Male,30018.0,Suburban,47.2,1,Sedan,1,6,Yes,2,No,Low,No,18-30
EV05525,39,Female,90354.0,Suburban,49.2,3,Sedan,5,5,Yes,4,No,Low,No,31-40
EV05526,67,Female,89059.0,Urban,8.3,2,Sedan,3,13,No,2,Yes,Low,No,61-70
EV05527,36,Female,115798.0,Suburban,66.5,1,SUV,4,8,Yes,3,Yes,Low,No,31-40
EV05528,43,Male,76566.0,Suburban,29.7,3,SUV,0,5,Yes,3,Yes,Low,No,41-50
EV05529,60,Female,75358.0,Suburban,27.3,1,Hatchback,4,7,Yes,4,Yes,Low,Yes,51-60
EV05530,61,Female,46623.0,Urban,62.4,1,SUV,3,14,Yes,2,Yes,Low,Yes,61-70
EV05531,43,Male,41391.0,Suburban,56.1,2,Sedan,1,8,Yes,2,No,Low,No,41-50
EV05532,39,Female,107146.0,Urban,55.9,2,Hatchback,12,13,No,4,Yes,Medium,No,31-40
EV05533,36,Male,105235.0,Urban,61.8,1,Hatchback,9,16,No,3,Yes,Low,No,31-40
EV05534,52,Female,146903.0,Urban,47.8,4,SUV,3,8,No,5,No,Medium,No,51-60
EV05535,47,Male,78652.0,Urban,25.6,1,Sedan,4,16,No,4,No,Medium,No,41-50
EV05536,60,Other,74474.0,Urban,43.9,3,Sedan,7,7,No,5,No,Low,No,51-60
EV05537,67,Female,70041.0,Rural,31.3,3,Sedan,0,0,Yes,3,Yes,Medium,No,61-70
EV05538,52,Male,32892.0,Rural,40.2,1,SUV,1,0,Yes,3,Yes,Low,No,51-60
EV05539,29,Female,67715.0,Rural,78.2,2,Sedan,1,3,Yes,1,Yes,Low,No,18-30
EV05540,49,Male,75450.0,Urban,44.1,2,SUV,10,8,No,2,Yes,Low,No,41-50
EV05541,69,Male,39764.0,Urban,28.4,3,SUV,3,6,No,5,Yes,Medium,Yes,61-70
EV05542,52,Female,68799.0,Urban,90.0,2,SUV,11,6,Yes,2,Yes,Low,No,51-60
EV05543,44,Female,142081.0,Urban,47.7,1,Hatchback,13,5,No,1,No,Low,No,41-50
EV05544,49,Female,30000.0,Urban,33.1,1,SUV,8,16,Yes,1,Yes,Low,No,41-50
EV05545,36,Female,127391.0,Urban,96.3,2,Sedan,3,13,No,5,No,Medium,No,31-40
EV05546,45,Male,113927.0,Urban,24.8,1,Sedan,5,12,No,5,No,Medium,No,41-50
EV05547,36,Female,61087.0,Urban,10.0,1,Hatchback,4,12,Yes,1,No,Low,No,31-40
EV05548,37,Female,109200.0,Suburban,52.4,2,Sedan,6,2,Yes,3,Yes,Low,No,31-40
EV05549,62,Female,88869.0,Urban,15.5,2,Sedan,5,14,No,4,No,Low,No,61-70
EV05550,51,Female,53818.0,Urban,37.1,3,Sedan,7,13,Yes,1,Yes,Low,No,51-60
EV05551,48,Male,74356.0,Urban,45.0,1,Hatchback,14,18,No,3,Yes,Low,No,41-50
EV05552,42,Female,134386.0,Urban,50.9,1,Truck,12,12,Yes,2,No,Low,No,41-50
EV05553,67,Female,80713.0,Urban,16.1,3,SUV,9,11,No,3,Yes,Low,No,61-70
EV05554,55,Female,104188.0,Urban,5.0,1,Truck,3,15,Yes,1,Yes,Low,No,51-60
EV05555,41,Female,59428.0,Suburban,15.6,2,SUV,4,2,Yes,5,Yes,Low,No,41-50
EV05556,44,Male,87895.0,Urban,75.2,2,Truck,13,18,No,4,Yes,Low,Yes,41-50
EV05557,37,Female,133096.0,Urban,47.8,3,SUV,7,9,No,4,Yes,Low,No,31-40
EV05558,37,Female,84708.0,Urban,91.8,1,Sedan,9,5,No,1,Yes,Medium,No,31-40
EV05559,63,Female,80246.0,Suburban,67.0,2,Hatchback,7,7,No,1,Yes,Medium,No,61-70
EV05560,25,Female,80827.0,Urban,53.0,1,SUV,4,10,No,2,Yes,Low,No,18-30
EV05561,27,Male,92873.0,Urban,35.6,1,SUV,10,5,No,3,No,Low,No,18-30
EV05562,46,Female,30000.0,Suburban,14.4,4,SUV,1,8,Yes,1,Yes,Low,No,41-50
EV05563,68,Male,114182.0,Suburban,17.3,1,Sedan,3,9,Yes,4,Yes,Low,Yes,61-70
EV05564,62,Male,64632.0,Suburban,61.3,2,SUV,3,3,Yes,1,No,Low,No,61-70
EV05565,28,Male,93102.0,Urban,5.0,1,Sedan,5,9,No,5,No,Low,No,18-30
EV05566,50,Female,81880.0,Urban,5.0,1,SUV,12,15,Yes,3,No,Low,No,41-50
EV05567,56,Female,117434.0,Urban,40.2,1,SUV,4,5,No,2,Yes,Medium,No,51-60
EV05568,34,Female,82394.0,Urban,58.3,2,SUV,4,14,Yes,2,Yes,Low,No,31-40
EV05569,36,Male,65398.0,Rural,30.1,1,Sedan,0,3,Yes,2,No,Low,No,31-40
EV05570,44,Female,125813.0,Rural,18.4,1,Sedan,2,3,Yes,4,No,Low,No,41-50
EV05571,56,Male,65085.0,Rural,35.9,1,Hatchback,0,1,Yes,2,Yes,Low,No,51-60
EV05572,41,Female,67847.0,Suburban,21.7,2,Sedan,5,5,Yes,3,Yes,Low,No,41-50
EV05573,40,Female,88380.0,Rural,54.9,1,Sedan,0,3,Yes,2,No,Low,No,31-40
EV05574,69,Female,30000.0,Suburban,42.6,3,SUV,3,7,Yes,3,Yes,Low,No,61-70
EV05575,46,Female,49248.0,Rural,22.7,3,Hatchback,1,2,Yes,5,Yes,Low,No,41-50
EV05576,64,Female,90430.0,Urban,53.0,2,Sedan,7,16,Yes,5,No,Low,No,61-70
EV05577,25,Male,87158.0,Rural,19.1,1,Hatchback,1,1,Yes,2,No,Low,No,18-30
EV05578,30,Male,94274.0,Urban,39.0,4,SUV,4,13,Yes,5,Yes,Low,Yes,18-30
EV05579,43,Female,119090.0,Urban,68.8,1,Sedan,3,9,No,3,Yes,Medium,No,41-50
EV05580,55,Female,41300.0,Urban,32.3,1,SUV,9,10,No,5,No,Low,No,51-60
EV05581,54,Female,104248.0,Urban,35.7,1,Sedan,7,18,Yes,2,No,Low,No,51-60
EV05582,50,Female,33920.0,Rural,71.0,2,Sedan,1,0,Yes,4,Yes,Low,Yes,41-50
EV05583,44,Male,33807.0,Suburban,25.8,3,Hatchback,4,3,Yes,1,Yes,Low,No,41-50
EV05584,60,Male,51569.0,Urban,5.0,2,SUV,12,18,No,5,No,Low,No,51-60
EV05585,27,Male,70702.0,Urban,34.9,2,Sedan,13,15,No,1,Yes,Low,No,18-30
EV05586,33,Male,98001.0,Urban,34.9,4,Hatchback,4,8,No,2,No,Low,No,31-40
EV05587,43,Male,87606.0,Urban,32.0,1,Sedan,5,16,No,1,Yes,Medium,No,41-50
EV05588,43,Other,99265.0,Urban,21.2,3,SUV,11,12,Yes,4,Yes,Low,Yes,41-50
EV05589,51,Female,72887.0,Rural,36.6,2,Hatchback,1,0,Yes,5,Yes,Low,Yes,51-60
EV05590,61,Female,77466.0,Suburban,21.7,4,Sedan,5,5,Yes,4,Yes,Low,No,61-70
EV05591,46,Female,107845.0,Urban,52.5,1,Sedan,6,5,No,1,No,Medium,No,41-50
EV05592,57,Female,52439.0,Rural,7.3,1,SUV,1,1,Yes,3,Yes,Low,No,51-60
EV05593,35,Female,67889.0,Suburban,36.0,1,Sedan,6,4,Yes,1,No,Low,No,31-40
EV05594,69,Female,88966.0,Urban,71.8,2,SUV,9,4,No,5,Yes,Medium,Yes,61-70
EV05595,52,Male,36850.0,Urban,49.4,4,Truck,13,6,No,1,No,Low,No,51-60
EV05596,34,Female,70133.0,Rural,16.4,2,Sedan,1,2,Yes,3,Yes,Low,Yes,31-40
EV05597,64,Male,113073.0,Rural,54.6,2,SUV,0,2,Yes,3,Yes,Low,No,61-70
EV05598,40,Male,49751.0,Suburban,39.7,3,Sedan,4,9,Yes,2,Yes,Low,No,31-40
EV05599,50,Male,169533.0,Suburban,51.5,3,Truck,2,1,Yes,3,Yes,Low,Yes,41-50
EV05600,31,Male,64373.0,Suburban,26.5,2,SUV,1,6,No,5,No,Medium,No,31-40
EV05601,38,Male,83459.0,Suburban,49.5,2,Sedan,7,7,Yes,1,No,Low,No,31-40
EV05602,29,Male,70973.0,Suburban,69.9,1,SUV,7,2,No,2,Yes,Medium,No,18-30
EV05603,26,Male,66391.0,Urban,46.5,2,Sedan,2,10,No,5,No,Medium,No,18-30
EV05604,57,Female,95660.0,Rural,68.1,2,SUV,2,2,Yes,4,Yes,Low,Yes,51-60
EV05605,65,Male,59962.0,Suburban,51.0,1,Sedan,0,2,No,5,No,Medium,No,61-70
EV05606,47,Male,128985.0,Suburban,56.7,1,Hatchback,7,5,Yes,4,Yes,Low,Yes,41-50
EV05607,50,Female,95583.0,Suburban,93.4,1,SUV,7,6,Yes,1,No,Low,No,41-50
EV05608,54,Male,144174.0,Urban,23.8,4,Sedan,14,5,Yes,4,Yes,Low,No,51-60
EV05609,65,Female,88778.0,Urban,34.7,2,Hatchback,9,9,No,3,No,Low,No,61-70
EV05610,57,Male,66359.0,Urban,94.4,4,Truck,13,6,No,5,Yes,Medium,No,51-60
EV05611,29,Male,63209.0,Suburban,15.9,1,Sedan,5,4,Yes,5,No,Low,No,18-30
EV05612,27,Male,59883.0,Urban,35.3,1,Truck,13,12,Yes,5,Yes,Low,No,18-30
EV05613,62,Female,88989.0,Rural,70.9,1,Hatchback,1,3,No,5,No,Medium,No,61-70
EV05614,54,Female,91365.0,Suburban,5.0,2,SUV,2,7,Yes,4,Yes,Low,Yes,51-60
EV05615,28,Male,91460.0,Urban,63.4,1,Truck,12,8,Yes,5,No,Low,No,18-30
EV05616,62,Female,64999.0,Suburban,50.5,2,SUV,4,5,No,1,No,Low,No,61-70
EV05617,28,Female,110632.0,Rural,5.0,1,Truck,1,0,Yes,3,No,Low,No,18-30
EV05618,33,Male,99747.0,Rural,30.0,1,SUV,2,0,Yes,1,No,Low,No,31-40
EV05619,41,Other,63561.0,Rural,57.7,2,Sedan,2,0,Yes,4,No,Low,No,41-50
EV05620,42,Male,30000.0,Suburban,13.5,2,Sedan,3,1,Yes,3,Yes,Low,No,41-50
EV05621,44,Male,64957.0,Urban,59.0,2,Hatchback,7,8,No,5,Yes,Low,No,41-50
EV05622,64,Male,43761.0,Suburban,53.3,1,Sedan,0,4,No,3,No,High,No,61-70
EV05623,65,Female,45988.0,Urban,71.2,1,Truck,11,8,No,5,No,Medium,No,61-70
EV05624,62,Female,88328.0,Urban,5.0,3,SUV,13,19,Yes,5,No,Low,No,61-70
EV05625,58,Male,100974.0,Urban,54.1,2,Sedan,11,10,No,5,No,Low,No,51-60
EV05626,28,Male,84880.0,Urban,63.5,2,SUV,7,6,Yes,5,No,Low,No,18-30
EV05627,44,Male,72769.0,Urban,28.0,1,SUV,3,10,Yes,3,Yes,Low,No,41-50
EV05628,37,Female,150259.0,Suburban,54.5,3,Sedan,4,5,Yes,3,No,Low,No,31-40
EV05629,40,Male,70471.0,Rural,24.5,2,Truck,2,2,Yes,4,No,Low,No,31-40
EV05630,41,Male,128560.0,Urban,33.5,2,Sedan,8,8,No,3,Yes,Low,Yes,41-50
EV05631,51,Male,85342.0,Urban,17.8,1,Hatchback,12,18,Yes,5,No,Low,No,51-60
EV05632,33,Male,72415.0,Urban,27.0,1,Hatchback,5,7,No,1,No,Medium,No,31-40
EV05633,39,Male,122116.0,Urban,82.1,2,Sedan,11,10,No,2,Yes,Medium,No,31-40
EV05634,61,Male,75621.0,Suburban,108.7,1,Hatchback,1,3,Yes,4,Yes,Low,No,61-70
EV05635,60,Male,80011.0,Urban,30.3,4,SUV,6,6,No,2,Yes,Medium,No,51-60
EV05636,45,Female,100461.0,Rural,55.5,1,SUV,2,2,Yes,5,Yes,Low,Yes,41-50
EV05637,34,Male,103108.0,Suburban,40.2,2,SUV,1,7,No,5,Yes,Low,Yes,31-40
EV05638,64,Female,97000.0,Urban,5.0,2,Sedan,7,18,No,1,No,Low,No,61-70
EV05639,39,Female,84708.0,Rural,47.1,2,Hatchback,1,2,Yes,5,Yes,Low,Yes,31-40
EV05640,43,Male,44341.0,Urban,54.3,2,SUV,5,15,No,1,Yes,Medium,No,41-50
EV05641,60,Male,68392.0,Urban,67.2,2,SUV,8,9,Yes,4,No,Low,No,51-60
EV05642,59,Male,30000.0,Urban,35.4,2,Hatchback,11,12,Yes,1,Yes,Low,No,51-60
EV05643,46,Female,59424.0,Rural,25.4,1,Sedan,2,0,No,3,No,Medium,No,41-50
EV05644,43,Male,39673.0,Suburban,13.9,1,Sedan,3,2,Yes,5,No,Low,No,41-50
EV05645,58,Other,69349.0,Urban,30.0,1,Sedan,5,4,No,5,Yes,Medium,No,51-60
EV05646,66,Female,129148.0,Urban,36.9,1,SUV,4,6,No,4,No,Medium,No,61-70
EV05647,27,Female,53904.0,Suburban,32.4,4,Truck,3,4,No,4,No,Medium,No,18-30
EV05648,50,Female,31132.0,Urban,52.0,2,Hatchback,6,18,No,3,Yes,Medium,No,41-50
EV05649,57,Female,102311.0,Suburban,16.6,2,Hatchback,0,1,Yes,4,No,Low,No,51-60
EV05650,50,Male,153254.0,Suburban,78.8,2,Hatchback,4,8,Yes,1,No,Low,No,41-50
EV05651,59,Female,123738.0,Suburban,27.7,2,Hatchback,2,4,No,2,Yes,High,No,51-60
EV05652,32,Male,37218.0,Suburban,94.8,1,Hatchback,6,6,No,1,Yes,Medium,No,31-40
EV05653,25,Male,81484.0,Urban,40.6,2,Truck,5,9,Yes,2,No,Low,No,18-30
EV05654,31,Male,103642.0,Suburban,8.0,1,Sedan,7,3,No,1,No,Low,No,31-40
EV05655,47,Female,54923.0,Urban,37.1,1,Sedan,5,16,No,2,Yes,Medium,No,41-50
EV05656,50,Male,89820.0,Urban,52.9,2,Sedan,13,12,No,5,Yes,Low,Yes,41-50
EV05657,66,Other,71478.0,Urban,50.3,2,SUV,11,19,Yes,3,Yes,Low,No,61-70
EV05658,30,Female,44601.0,Suburban,46.3,2,Sedan,0,4,Yes,4,No,Low,No,18-30
EV05659,67,Male,57482.0,Urban,45.8,3,Sedan,6,3,No,2,Yes,Low,No,61-70
EV05660,39,Male,69628.0,Urban,62.6,1,Truck,14,13,No,3,Yes,Low,No,31-40
EV05661,49,Female,87877.0,Urban,49.0,1,SUV,5,5,Yes,4,Yes,Low,Yes,41-50
EV05662,59,Male,84708.0,Urban,48.2,2,Hatchback,11,15,No,1,Yes,Low,No,51-60
EV05663,54,Female,104014.0,Urban,33.1,2,SUV,5,6,No,5,Yes,Low,Yes,51-60
EV05664,64,Male,133381.0,Urban,43.4,1,Sedan,8,19,Yes,1,No,Low,No,61-70
EV05665,30,Female,46289.0,Suburban,35.8,3,Truck,6,2,Yes,4,No,Low,No,18-30
EV05666,61,Female,134591.0,Suburban,78.0,3,SUV,1,7,Yes,3,Yes,Low,No,61-70
EV05667,65,Female,87102.0,Rural,36.4,2,SUV,0,0,Yes,3,Yes,Low,No,61-70
EV05668,64,Male,105587.0,Suburban,5.0,3,Sedan,3,1,No,2,Yes,Medium,No,61-70
EV05669,46,Female,95872.0,Urban,36.5,2,Sedan,11,5,Yes,4,Yes,Low,Yes,41-50
EV05670,66,Female,113111.0,Urban,28.0,1,Sedan,4,19,No,4,Yes,Low,Yes,61-70
EV05671,34,Female,100132.0,Urban,49.7,3,Sedan,13,16,No,2,Yes,Low,No,31-40
EV05672,37,Male,66657.0,Urban,56.6,1,Sedan,8,7,No,1,Yes,Medium,No,31-40
EV05673,38,Male,71241.0,Urban,31.3,1,Sedan,14,14,No,5,Yes,Low,Yes,31-40
EV05674,65,Female,82786.0,Suburban,44.5,2,Sedan,0,6,No,3,Yes,Low,No,61-70
EV05675,48,Female,95969.0,Urban,21.8,2,Truck,14,9,Yes,3,Yes,Low,No,41-50
EV05676,66,Male,42861.0,Suburban,59.5,1,Sedan,5,8,Yes,5,Yes,Medium,No,61-70
EV05677,68,Male,59160.0,Urban,69.4,1,SUV,3,3,Yes,1,Yes,Low,No,61-70
EV05678,60,Male,144035.0,Urban,48.8,1,Sedan,7,4,No,4,Yes,Low,Yes,51-60
EV05679,34,Female,49422.0,Urban,11.4,2,SUV,4,11,No,4,No,Low,No,31-40
EV05680,54,Female,69450.0,Rural,5.0,1,SUV,1,1,Yes,4,Yes,Low,Yes,51-60
EV05681,62,Female,110460.0,Suburban,39.4,1,SUV,6,8,Yes,5,Yes,Low,Yes,61-70
EV05682,50,Female,51305.0,Urban,63.8,1,Sedan,11,14,Yes,3,No,Low,No,41-50
EV05683,50,Female,103122.0,Urban,5.0,2,Truck,9,17,No,4,No,Low,No,41-50
EV05684,33,Female,79209.0,Urban,10.4,2,SUV,2,5,Yes,5,Yes,Low,Yes,31-40
EV05685,54,Male,30000.0,Suburban,64.9,1,Sedan,3,5,Yes,3,No,Low,No,51-60
EV05686,57,Male,93999.0,Urban,13.5,2,Truck,4,6,Yes,5,No,Low,No,51-60
EV05687,55,Female,129746.0,Urban,49.9,3,SUV,6,4,Yes,5,Yes,Low,No,51-60
EV05688,38,Female,30000.0,Suburban,5.0,4,Sedan,4,9,Yes,5,No,Low,No,31-40
EV05689,47,Male,104787.0,Rural,41.1,1,Sedan,0,2,Yes,5,Yes,Low,Yes,41-50
EV05690,58,Female,123763.0,Urban,29.8,3,SUV,13,12,No,5,No,Low,No,51-60
EV05691,27,Male,115618.0,Suburban,8.5,2,Sedan,7,2,Yes,2,Yes,Low,No,18-30
EV05692,62,Male,51330.0,Suburban,46.8,1,SUV,3,3,Yes,1,Yes,Low,No,61-70
EV05693,44,Female,134543.0,Suburban,67.7,3,SUV,4,4,No,4,Yes,Medium,No,41-50
EV05694,30,Female,81984.0,Suburban,46.9,1,SUV,2,3,Yes,2,No,Low,No,18-30
EV05695,36,Female,112172.0,Suburban,44.9,2,Sedan,6,9,Yes,4,Yes,Low,Yes,31-40
EV05696,30,Male,80036.0,Urban,36.4,3,Hatchback,11,6,Yes,3,No,Low,No,18-30
EV05697,29,Female,67626.0,Suburban,72.2,1,SUV,5,8,Yes,5,No,Low,No,18-30
EV05698,28,Female,45702.0,Urban,40.2,1,SUV,9,12,No,4,No,Low,No,18-30
EV05699,60,Male,104230.0,Urban,64.3,3,Sedan,3,11,No,1,No,Low,No,51-60
EV05700,28,Male,77622.0,Urban,62.1,3,Truck,14,14,No,1,No,Medium,No,18-30
EV05701,28,Male,55918.0,Urban,49.8,2,Sedan,8,18,No,3,Yes,Low,No,18-30
EV05702,53,Female,67360.0,Urban,39.2,2,Sedan,14,19,Yes,1,Yes,Low,No,51-60
EV05703,55,Female,83452.0,Suburban,44.9,1,SUV,6,3,Yes,4,Yes,Low,Yes,51-60
EV05704,33,Female,61636.0,Urban,75.0,2,Hatchback,6,16,No,3,No,Low,No,31-40
EV05705,25,Female,83977.0,Suburban,5.7,2,SUV,2,3,Yes,5,No,Low,No,18-30
EV05706,35,Male,30000.0,Urban,45.1,2,Sedan,13,10,No,3,Yes,Low,No,31-40
EV05707,67,Male,81844.0,Urban,76.8,4,Sedan,11,8,No,1,No,Medium,No,61-70
EV05708,50,Male,55047.0,Suburban,9.9,1,Sedan,0,9,No,3,Yes,Medium,No,41-50
EV05709,58,Male,133013.0,Suburban,31.1,2,SUV,3,3,Yes,4,No,Low,No,51-60
EV05710,30,Male,47800.0,Rural,12.0,2,SUV,0,1,Yes,1,No,Low,No,18-30
EV05711,68,Male,30000.0,Suburban,5.0,3,Sedan,1,3,Yes,3,Yes,Low,No,61-70
EV05712,67,Male,63435.0,Urban,14.3,1,Sedan,4,11,No,2,Yes,Low,No,61-70
EV05713,25,Female,114907.0,Urban,48.4,2,SUV,9,4,No,4,No,Low,No,18-30
EV05714,49,Male,92867.0,Urban,61.3,3,SUV,13,12,No,1,No,Low,No,41-50
EV05715,68,Female,129350.0,Urban,48.2,2,SUV,3,6,Yes,1,No,Low,No,61-70
EV05716,42,Male,93486.0,Urban,16.0,1,Sedan,14,3,No,2,No,Low,No,41-50
EV05717,68,Female,96100.0,Rural,5.0,2,Truck,1,1,Yes,5,No,Low,Yes,61-70
EV05718,54,Male,122827.0,Suburban,46.0,1,SUV,1,5,Yes,4,No,Low,No,51-60
EV05719,67,Male,85309.0,Suburban,5.0,1,SUV,7,9,Yes,1,Yes,Low,No,61-70
EV05720,59,Male,100303.0,Suburban,47.0,2,Hatchback,5,7,Yes,4,No,Low,No,51-60
EV05721,45,Male,94893.0,Urban,55.6,1,Sedan,2,4,No,2,Yes,Medium,No,41-50
EV05722,49,Male,84708.0,Urban,66.9,2,SUV,10,7,Yes,3,No,Low,No,41-50
EV05723,69,Female,150242.0,Urban,52.3,2,Hatchback,4,15,No,5,Yes,Low,Yes,61-70
EV05724,47,Female,69060.0,Rural,50.7,3,Hatchback,1,3,No,5,No,Medium,No,41-50
EV05725,61,Male,106335.0,Suburban,40.5,3,Hatchback,4,1,Yes,4,Yes,Low,Yes,61-70
EV05726,60,Male,68769.0,Suburban,45.9,2,SUV,1,6,No,1,No,Low,No,51-60
EV05727,30,Other,100959.0,Suburban,38.3,2,Truck,4,7,Yes,4,Yes,Low,No,18-30
EV05728,66,Female,84708.0,Urban,59.3,3,Sedan,12,16,Yes,5,Yes,Low,No,61-70
EV05729,35,Female,81000.0,Suburban,32.0,2,Truck,4,6,Yes,1,Yes,Low,No,31-40
EV05730,43,Female,51934.0,Rural,5.0,1,SUV,2,0,Yes,5,Yes,Low,Yes,41-50
EV05731,28,Male,136169.0,Urban,44.1,1,Sedan,9,15,No,2,Yes,Medium,No,18-30
EV05732,58,Male,41729.0,Urban,54.1,2,SUV,11,12,Yes,1,Yes,Low,No,51-60
EV05733,61,Female,103927.0,Urban,5.0,3,Truck,2,8,No,2,Yes,Low,No,61-70
EV05734,36,Male,121916.0,Urban,67.4,2,Sedan,14,18,Yes,5,No,Low,No,31-40
EV05735,38,Male,79157.0,Urban,52.3,1,Hatchback,4,18,No,1,Yes,Medium,No,31-40
EV05736,50,Female,91983.0,Suburban,5.0,1,SUV,2,4,Yes,5,Yes,Low,Yes,41-50
EV05737,48,Male,101116.0,Urban,7.9,2,SUV,8,3,No,2,Yes,Medium,No,41-50
EV05738,65,Male,130329.0,Urban,27.2,3,Sedan,6,16,No,4,Yes,Low,No,61-70
EV05739,66,Male,63446.0,Urban,46.3,2,Sedan,8,3,No,3,No,Low,No,61-70
EV05740,41,Male,74555.0,Urban,5.0,2,Sedan,8,10,No,3,No,Low,No,41-50
EV05741,64,Male,137959.0,Rural,59.8,2,Sedan,2,2,Yes,3,Yes,Low,Yes,61-70
EV05742,54,Female,82440.0,Rural,5.0,1,Hatchback,2,2,No,5,No,Low,Yes,51-60
EV05743,62,Male,30000.0,Urban,31.0,1,Sedan,6,16,No,1,Yes,Low,No,61-70
EV05744,48,Male,78614.0,Suburban,44.0,4,Sedan,4,5,Yes,1,No,Low,No,41-50
EV05745,65,Male,84708.0,Suburban,17.3,2,Sedan,7,6,Yes,2,Yes,Low,No,61-70
EV05746,63,Female,123265.0,Urban,5.0,4,Sedan,4,7,Yes,3,No,Low,No,61-70
EV05747,46,Male,30000.0,Urban,28.4,1,SUV,10,8,No,2,Yes,Medium,No,41-50
EV05748,58,Female,96474.0,Suburban,52.0,2,Sedan,3,8,No,4,Yes,Medium,No,51-60
EV05749,33,Female,84270.0,Urban,89.0,1,Sedan,2,6,Yes,5,Yes,Low,Yes,31-40
EV05750,29,Male,120741.0,Suburban,52.3,4,Hatchback,6,7,Yes,1,No,Low,No,18-30
EV05751,43,Female,95351.0,Suburban,8.9,3,SUV,7,7,Yes,3,Yes,Low,Yes,41-50
EV05752,52,Female,81513.0,Suburban,44.2,3,Hatchback,7,5,Yes,1,Yes,Low,No,51-60
EV05753,56,Male,77496.0,Urban,79.6,2,SUV,5,18,No,4,No,Medium,No,51-60
EV05754,68,Female,58660.0,Suburban,67.2,1,Sedan,3,9,No,4,No,Medium,No,61-70
EV05755,55,Male,56048.0,Urban,57.4,1,Sedan,12,6,No,5,No,Low,No,51-60
EV05756,37,Male,83903.0,Suburban,58.5,2,SUV,0,4,No,5,Yes,Medium,Yes,31-40
EV05757,62,Female,128894.0,Urban,37.8,2,SUV,3,6,No,2,Yes,High,No,61-70
EV05758,27,Female,78531.0,Urban,40.7,1,SUV,2,16,Yes,2,Yes,Low,No,18-30
EV05759,35,Female,149103.0,Suburban,67.3,1,SUV,7,1,Yes,3,No,Medium,No,31-40
EV05760,62,Male,75018.0,Suburban,5.8,1,Sedan,3,8,No,1,No,Low,No,61-70
EV05761,48,Male,54100.0,Urban,31.5,2,Sedan,4,13,Yes,5,Yes,Low,No,41-50
EV05762,31,Female,58161.0,Rural,32.8,1,Sedan,1,3,Yes,5,No,Low,No,31-40
EV05763,53,Male,169263.0,Urban,51.9,3,Truck,2,6,No,1,No,Medium,No,51-60
EV05764,48,Female,75874.0,Suburban,69.8,2,Sedan,7,6,Yes,3,Yes,Low,No,41-50
EV05765,32,Female,106741.0,Urban,21.4,1,Sedan,6,14,No,3,No,Medium,No,31-40
EV05766,29,Female,56860.0,Suburban,63.4,3,SUV,1,1,Yes,2,Yes,Low,No,18-30
EV05767,67,Male,126424.0,Suburban,68.0,1,SUV,5,9,No,4,No,Medium,No,61-70
EV05768,28,Male,87492.0,Suburban,48.6,2,Hatchback,7,9,Yes,5,No,Low,No,18-30
EV05769,28,Male,84708.0,Suburban,32.5,1,Truck,3,6,Yes,3,Yes,Low,No,18-30
EV05770,52,Male,113828.0,Suburban,17.8,1,Sedan,4,5,No,3,Yes,Low,No,51-60
EV05771,51,Female,124369.0,Urban,48.7,1,Sedan,4,18,Yes,3,Yes,Low,No,51-60
EV05772,64,Male,140570.0,Urban,51.3,1,Sedan,4,18,No,2,Yes,Low,No,61-70
EV05773,30,Male,101036.0,Urban,72.3,1,Hatchback,14,8,No,3,Yes,Low,No,18-30
EV05774,45,Male,62938.0,Rural,5.0,1,Sedan,2,3,Yes,1,Yes,Low,No,41-50
EV05775,25,Male,38557.0,Urban,29.1,4,Sedan,6,8,No,4,No,Medium,No,18-30
EV05776,55,Male,89990.0,Rural,46.4,2,Sedan,2,0,Yes,4,Yes,Low,Yes,51-60
EV05777,49,Male,143456.0,Urban,61.2,2,Sedan,5,19,No,1,Yes,Low,No,41-50
EV05778,66,Female,109711.0,Suburban,51.2,1,SUV,3,3,Yes,3,Yes,Low,Yes,61-70
EV05779,62,Female,94469.0,Urban,54.8,3,SUV,12,7,No,5,No,Low,Yes,61-70
EV05780,51,Female,82502.0,Urban,43.9,2,SUV,8,10,No,4,Yes,Low,No,51-60
EV05781,63,Female,81530.0,Rural,18.6,2,Truck,0,3,Yes,2,Yes,Low,No,61-70
EV05782,38,Female,84758.0,Suburban,47.2,1,Hatchback,5,9,No,3,No,Low,No,31-40
EV05783,57,Female,99136.0,Urban,28.8,2,SUV,6,16,No,3,No,Medium,No,51-60
EV05784,38,Female,84708.0,Urban,48.0,3,Hatchback,4,10,Yes,4,Yes,Low,Yes,31-40
EV05785,63,Male,30000.0,Urban,38.7,2,Sedan,2,13,No,3,No,Low,No,61-70
EV05786,28,Female,68954.0,Suburban,5.0,2,Sedan,1,8,No,2,Yes,Medium,No,18-30
EV05787,69,Male,101655.0,Urban,37.6,1,SUV,4,5,No,5,Yes,Medium,No,61-70
EV05788,34,Female,108030.0,Urban,100.7,2,Sedan,5,14,Yes,2,Yes,Low,No,31-40
EV05789,25,Female,85272.0,Suburban,17.2,2,Sedan,0,1,No,4,Yes,Medium,No,18-30
EV05790,63,Female,93206.0,Suburban,49.5,4,Hatchback,5,2,No,1,No,Medium,No,61-70
EV05791,62,Female,65393.0,Suburban,54.3,2,SUV,4,5,Yes,3,Yes,Low,No,61-70
EV05792,47,Female,78817.0,Urban,33.7,1,Sedan,14,4,No,3,Yes,Low,No,41-50
EV05793,53,Male,127678.0,Suburban,43.2,2,Sedan,5,7,Yes,3,No,Low,No,51-60
EV05794,48,Male,113547.0,Rural,40.2,3,Truck,1,2,No,4,No,Medium,No,41-50
EV05795,40,Male,91561.0,Rural,65.9,3,Hatchback,0,0,No,1,Yes,High,No,31-40
EV05796,41,Female,94919.0,Suburban,8.0,1,SUV,0,8,Yes,1,Yes,Low,No,41-50
EV05797,69,Female,84906.0,Rural,88.4,3,Truck,2,3,No,5,No,High,No,61-70
EV05798,59,Male,65584.0,Rural,5.0,1,SUV,1,1,Yes,2,Yes,Low,No,51-60
EV05799,36,Female,70980.0,Urban,5.0,2,SUV,8,13,Yes,5,Yes,Low,Yes,31-40
EV05800,40,Male,84708.0,Suburban,30.3,2,SUV,3,1,Yes,4,Yes,Low,Yes,31-40
EV05801,57,Male,86891.0,Urban,46.8,2,SUV,12,17,No,3,Yes,Low,No,51-60
EV05802,32,Female,57628.0,Urban,33.1,2,Hatchback,6,10,Yes,2,No,Low,No,31-40
EV05803,64,Male,145853.0,Urban,24.7,2,SUV,3,17,Yes,1,Yes,Low,No,61-70
EV05804,29,Female,88101.0,Rural,46.3,3,SUV,0,2,Yes,2,Yes,Low,No,18-30
EV05805,40,Male,104860.0,Urban,22.8,1,Sedan,2,19,Yes,2,Yes,Low,Yes,31-40
EV05806,39,Female,126055.0,Urban,41.9,3,SUV,3,19,Yes,5,Yes,Low,Yes,31-40
EV05807,35,Male,69095.0,Rural,55.3,1,SUV,0,2,Yes,5,Yes,Low,No,31-40
EV05808,25,Female,30000.0,Urban,26.8,2,Sedan,4,17,No,3,Yes,Low,No,18-30
EV05809,35,Female,69538.0,Urban,24.2,1,Sedan,3,10,No,4,Yes,Low,Yes,31-40
EV05810,46,Male,91353.0,Rural,28.7,2,SUV,0,1,Yes,1,Yes,Low,No,41-50
EV05811,28,Female,68420.0,Urban,43.4,2,Sedan,11,16,Yes,3,No,Low,No,18-30
EV05812,64,Female,109999.0,Urban,56.2,3,Truck,7,3,No,3,Yes,Medium,No,61-70
EV05813,62,Male,111206.0,Urban,39.1,2,Sedan,7,8,Yes,5,Yes,Low,No,61-70
EV05814,58,Male,104777.0,Urban,44.4,2,Sedan,4,6,No,5,Yes,Medium,Yes,51-60
EV05815,66,Male,94201.0,Urban,52.6,1,SUV,14,15,No,3,No,Low,No,61-70
EV05816,55,Female,142496.0,Suburban,19.9,3,Truck,6,4,Yes,5,No,Low,No,51-60
EV05817,62,Female,80270.0,Rural,7.0,2,Sedan,0,0,Yes,4,Yes,Low,No,61-70
EV05818,67,Female,58764.0,Rural,88.4,4,Truck,0,3,Yes,1,No,Low,No,61-70
EV05819,25,Male,37780.0,Suburban,28.7,1,SUV,2,3,Yes,5,No,Low,No,18-30
EV05820,59,Male,43046.0,Suburban,5.0,1,SUV,0,2,Yes,3,Yes,Low,No,51-60
EV05821,38,Male,101419.0,Urban,18.1,2,Sedan,7,8,No,4,No,Low,No,31-40
EV05822,67,Male,64498.0,Urban,37.7,1,Truck,12,17,No,1,Yes,Low,No,61-70
EV05823,50,Female,122474.0,Suburban,34.7,2,SUV,2,1,Yes,5,No,Low,No,41-50
EV05824,28,Male,134640.0,Urban,33.9,2,Sedan,2,10,No,1,Yes,High,No,18-30
EV05825,51,Male,184807.0,Urban,80.5,1,Sedan,13,13,Yes,3,Yes,Low,Yes,51-60
EV05826,51,Male,102055.0,Urban,63.0,3,Truck,8,3,No,3,Yes,Medium,Yes,51-60
EV05827,55,Male,100927.0,Urban,49.2,3,SUV,2,4,No,1,Yes,Low,No,51-60
EV05828,56,Male,56522.0,Suburban,12.0,1,SUV,4,1,No,2,Yes,Low,No,51-60
EV05829,55,Male,68755.0,Suburban,68.5,2,SUV,1,6,Yes,1,No,Low,No,51-60
EV05830,59,Female,81029.0,Suburban,22.2,3,Sedan,2,3,Yes,5,No,Low,No,51-60
EV05831,28,Female,84144.0,Urban,26.1,2,SUV,8,7,No,3,Yes,Low,No,18-30
EV05832,39,Female,54314.0,Suburban,62.8,2,SUV,3,3,No,1,No,High,No,31-40
EV05833,32,Female,52695.0,Urban,48.9,3,Sedan,14,17,No,4,No,Low,No,31-40
EV05834,36,Female,89302.0,Urban,23.4,3,Sedan,5,14,No,2,Yes,Medium,No,31-40
EV05835,33,Female,137198.0,Urban,67.9,1,Truck,12,16,No,1,No,Low,No,31-40
EV05836,40,Male,94770.0,Urban,6.3,1,Sedan,4,18,No,2,No,Low,No,31-40
EV05837,64,Female,85677.0,Suburban,84.2,2,Sedan,1,8,Yes,5,Yes,Low,Yes,61-70
EV05838,56,Male,47167.0,Suburban,43.6,1,SUV,4,7,Yes,3,Yes,Low,No,51-60
EV05839,64,Male,30487.0,Urban,40.9,3,SUV,2,13,Yes,4,No,Low,No,61-70
EV05840,27,Male,119277.0,Urban,5.0,2,Sedan,6,6,No,3,No,Medium,No,18-30
EV05841,54,Male,32996.0,Urban,45.3,2,Truck,3,14,Yes,5,No,Low,No,51-60
EV05842,46,Male,45918.0,Urban,5.0,1,Hatchback,3,6,No,4,No,Medium,No,41-50
EV05843,25,Female,99946.0,Urban,52.3,2,Truck,11,6,No,3,Yes,Low,No,18-30
EV05844,38,Male,117006.0,Urban,38.1,1,SUV,13,16,No,2,No,Low,No,31-40
EV05845,49,Male,84708.0,Urban,43.7,1,Sedan,11,17,No,1,Yes,Low,No,41-50
EV05846,53,Female,58227.0,Rural,34.0,2,SUV,0,0,Yes,3,Yes,Low,No,51-60
EV05847,41,Female,53244.0,Rural,90.9,2,SUV,1,3,Yes,4,No,Low,No,41-50
EV05848,62,Male,70143.0,Urban,22.5,1,Sedan,10,19,No,2,Yes,Low,No,61-70
EV05849,52,Female,92800.0,Urban,72.4,1,Hatchback,13,5,No,5,No,Low,No,51-60
EV05850,47,Female,81240.0,Urban,46.6,2,SUV,11,14,No,3,Yes,Low,No,41-50
EV05851,32,Female,150828.0,Urban,11.0,1,SUV,14,14,No,2,No,Low,No,31-40
EV05852,27,Male,75053.0,Rural,32.7,1,Sedan,2,3,Yes,1,No,Low,No,18-30
EV05853,53,Male,137165.0,Urban,31.2,2,Sedan,2,9,Yes,2,Yes,Low,No,51-60
EV05854,59,Female,110158.0,Rural,11.7,1,SUV,1,2,Yes,2,No,Low,No,51-60
EV05855,44,Female,103444.0,Urban,6.7,2,SUV,4,5,No,3,Yes,Medium,No,41-50
EV05856,31,Female,134083.0,Suburban,21.8,2,SUV,4,2,Yes,4,Yes,Low,Yes,31-40
EV05857,28,Male,80914.0,Suburban,40.2,1,Truck,3,5,No,3,Yes,Low,Yes,18-30
EV05858,31,Male,64468.0,Urban,38.2,3,Sedan,3,13,Yes,1,No,Low,No,31-40
EV05859,68,Female,64391.0,Urban,48.6,2,SUV,2,12,Yes,4,No,Low,No,61-70
EV05860,39,Female,69697.0,Suburban,38.4,1,SUV,6,4,Yes,2,No,Low,No,31-40
EV05861,36,Male,89622.0,Urban,69.7,2,SUV,4,9,No,2,Yes,Medium,No,31-40
EV05862,58,Male,109427.0,Urban,58.2,1,Sedan,2,14,No,2,No,Medium,No,51-60
EV05863,58,Male,53047.0,Rural,44.4,2,Sedan,1,1,Yes,3,Yes,Low,No,51-60
EV05864,59,Male,81003.0,Urban,69.0,1,SUV,4,5,No,4,No,Medium,No,51-60
EV05865,44,Male,138207.0,Suburban,15.1,3,Sedan,3,6,Yes,3,No,Low,Yes,41-50
EV05866,49,Male,67393.0,Urban,50.6,1,Hatchback,12,14,Yes,3,No,Low,No,41-50
EV05867,26,Male,88577.0,Urban,25.6,2,Sedan,13,12,No,2,Yes,Low,No,18-30
EV05868,35,Male,41589.0,Rural,63.8,2,Sedan,1,0,Yes,4,No,Low,No,31-40
EV05869,45,Male,154527.0,Urban,54.5,3,SUV,11,5,No,4,No,Low,No,41-50
EV05870,64,Male,41113.0,Urban,7.2,3,Sedan,14,10,No,1,Yes,Low,No,61-70
EV05871,35,Male,60336.0,Urban,5.0,3,Sedan,12,6,No,3,Yes,Medium,No,31-40
EV05872,69,Male,120662.0,Suburban,66.3,3,Sedan,2,4,Yes,5,Yes,Low,Yes,61-70
EV05873,60,Male,30000.0,Urban,48.5,3,Hatchback,2,15,No,5,Yes,Low,Yes,51-60
EV05874,48,Male,43283.0,Suburban,32.3,2,Sedan,4,6,Yes,2,Yes,Low,No,41-50
EV05875,33,Female,127392.0,Suburban,29.7,3,SUV,2,9,Yes,1,No,Low,No,31-40
EV05876,65,Female,30000.0,Rural,40.2,1,Sedan,1,0,Yes,3,Yes,Low,No,61-70
EV05877,64,Female,114183.0,Rural,54.7,1,Sedan,0,0,Yes,5,Yes,Medium,No,61-70
EV05878,69,Male,51243.0,Rural,10.0,3,SUV,1,0,No,5,No,Medium,No,61-70
EV05879,68,Male,31419.0,Urban,26.0,1,Sedan,4,15,Yes,4,No,Low,No,61-70
EV05880,60,Female,91494.0,Urban,85.9,3,Hatchback,3,4,No,5,No,Medium,No,51-60
EV05881,69,Male,30000.0,Suburban,43.6,1,SUV,1,6,Yes,2,Yes,Low,No,61-70
EV05882,25,Female,68015.0,Urban,96.2,1,Truck,12,17,No,3,Yes,Low,No,18-30
EV05883,26,Female,83544.0,Rural,43.6,1,SUV,1,3,Yes,3,Yes,Low,Yes,18-30
EV05884,66,Female,58410.0,Urban,110.8,1,Hatchback,5,19,No,2,Yes,Medium,No,61-70
EV05885,67,Male,111609.0,Urban,5.0,1,Sedan,8,6,Yes,2,No,Low,No,61-70
EV05886,62,Female,69546.0,Suburban,47.4,1,Sedan,7,4,No,2,No,Low,No,61-70
EV05887,54,Male,150063.0,Urban,55.2,3,Hatchback,5,4,No,5,Yes,Medium,Yes,51-60
EV05888,36,Female,30000.0,Urban,27.9,2,SUV,10,13,Yes,2,Yes,Low,No,31-40
EV05889,32,Male,30000.0,Rural,5.0,1,SUV,1,3,Yes,3,Yes,Low,No,31-40
EV05890,44,Male,30000.0,Urban,58.7,2,SUV,6,11,No,1,No,Low,No,41-50
EV05891,35,Female,93791.0,Suburban,60.5,1,Sedan,6,8,Yes,1,Yes,Low,No,31-40
EV05892,26,Male,97232.0,Urban,5.0,2,SUV,10,11,No,4,Yes,Low,Yes,18-30
EV05893,44,Male,93602.0,Urban,48.3,3,Sedan,14,7,No,1,Yes,Low,No,41-50
EV05894,55,Male,40652.0,Urban,38.8,2,SUV,9,9,No,4,Yes,Medium,No,51-60
EV05895,42,Female,131534.0,Suburban,31.6,2,Sedan,2,4,No,3,No,Medium,No,41-50
EV05896,42,Male,75807.0,Suburban,58.3,3,Truck,1,2,No,1,No,Medium,No,41-50
EV05897,36,Female,147943.0,Urban,6.6,4,Sedan,4,4,No,1,No,Low,No,31-40
EV05898,38,Male,47796.0,Rural,54.7,2,SUV,2,1,Yes,1,No,Low,No,31-40
EV05899,52,Male,49426.0,Urban,40.2,3,SUV,2,7,Yes,2,No,Low,No,51-60
EV05900,36,Male,127934.0,Urban,90.9,1,SUV,2,13,No,5,Yes,Medium,No,31-40
EV05901,36,Female,72828.0,Suburban,15.2,1,Truck,2,7,Yes,1,No,Low,No,31-40
EV05902,48,Female,90740.0,Urban,39.3,1,SUV,12,13,Yes,1,Yes,Low,No,41-50
EV05903,28,Female,113761.0,Urban,39.9,3,Sedan,7,11,No,5,Yes,Medium,Yes,18-30
EV05904,51,Female,124587.0,Urban,48.6,2,Sedan,2,18,Yes,1,Yes,Low,No,51-60
EV05905,51,Female,79342.0,Urban,21.7,2,SUV,14,11,No,4,Yes,Low,No,51-60
EV05906,51,Female,110404.0,Suburban,40.2,1,SUV,6,1,No,5,Yes,Low,Yes,51-60
EV05907,32,Female,61092.0,Urban,21.2,2,Sedan,14,4,Yes,2,No,Low,No,31-40
EV05908,36,Other,30000.0,Rural,20.7,2,Sedan,1,2,Yes,1,Yes,Low,No,31-40
EV05909,46,Male,92758.0,Urban,61.6,1,SUV,12,15,Yes,4,No,Low,No,41-50
EV05910,59,Female,59081.0,Suburban,64.1,1,Sedan,3,8,Yes,5,No,Low,No,51-60
EV05911,41,Female,98309.0,Suburban,5.0,2,Hatchback,7,4,Yes,4,No,Low,No,41-50
EV05912,69,Female,92796.0,Urban,30.6,3,Sedan,12,5,No,1,No,Low,No,61-70
EV05913,67,Female,44022.0,Urban,27.1,2,Hatchback,11,15,No,3,Yes,Low,No,61-70
EV05914,49,Male,73497.0,Urban,58.3,3,Truck,14,14,No,4,Yes,Low,No,41-50
EV05915,54,Male,110312.0,Rural,45.2,1,Sedan,1,2,Yes,4,Yes,Low,No,51-60
EV05916,38,Male,171986.0,Suburban,40.2,3,Sedan,1,3,Yes,3,Yes,Low,Yes,31-40
EV05917,30,Male,33211.0,Rural,27.7,2,Truck,2,2,Yes,4,Yes,Low,No,18-30
EV05918,29,Male,84708.0,Rural,5.0,4,Sedan,2,0,Yes,3,Yes,Low,No,18-30
EV05919,36,Male,65425.0,Urban,64.4,1,SUV,13,8,No,2,Yes,Low,No,31-40
EV05920,34,Female,188898.0,Suburban,51.0,2,Sedan,0,7,Yes,2,No,Low,No,31-40
EV05921,50,Female,98982.0,Rural,31.0,2,Sedan,1,1,Yes,2,Yes,Low,No,41-50
EV05922,62,Female,60697.0,Rural,66.6,1,Sedan,1,2,Yes,3,Yes,Low,No,61-70
EV05923,61,Male,71644.0,Urban,48.4,3,SUV,3,7,Yes,1,No,Low,No,61-70
EV05924,37,Male,82990.0,Urban,29.8,1,SUV,3,17,Yes,2,No,Low,No,31-40
EV05925,27,Male,160477.0,Suburban,85.2,2,Hatchback,3,5,Yes,3,Yes,Low,Yes,18-30
EV05926,65,Male,100749.0,Urban,57.0,4,Sedan,4,7,No,2,Yes,Medium,No,61-70
EV05927,57,Male,75721.0,Urban,47.5,3,Sedan,2,10,No,4,Yes,Medium,No,51-60
EV05928,47,Female,75263.0,Rural,77.3,2,Sedan,1,0,Yes,3,Yes,Low,Yes,41-50
EV05929,32,Female,108869.0,Urban,73.4,2,Sedan,11,15,Yes,3,No,Low,No,31-40
EV05930,41,Male,71258.0,Urban,5.0,2,SUV,3,4,No,1,Yes,Low,No,41-50
EV05931,33,Male,132292.0,Urban,5.0,2,Sedan,4,13,No,4,No,Low,No,31-40
EV05932,31,Female,48735.0,Rural,16.4,3,SUV,2,0,Yes,1,Yes,Low,No,31-40
EV05933,55,Male,30000.0,Rural,36.2,3,Hatchback,2,2,Yes,3,No,Low,No,51-60
EV05934,57,Female,40157.0,Suburban,32.2,1,SUV,5,7,Yes,2,Yes,Low,No,51-60
EV05935,25,Other,72926.0,Suburban,5.3,2,Sedan,6,4,Yes,3,No,Low,No,18-30
EV05936,26,Male,113959.0,Suburban,7.6,1,SUV,4,4,Yes,4,No,Low,No,18-30
EV05937,48,Other,82201.0,Suburban,53.4,2,Hatchback,5,1,Yes,1,No,Low,No,41-50
EV05938,33,Female,82633.0,Rural,5.0,1,SUV,1,2,Yes,2,No,Low,No,31-40
EV05939,39,Male,91652.0,Urban,41.3,1,Sedan,13,15,Yes,5,No,Low,No,31-40
EV05940,49,Male,84708.0,Suburban,30.7,2,Hatchback,3,5,No,3,Yes,Medium,No,41-50
EV05941,49,Male,111041.0,Suburban,36.6,3,Sedan,6,6,No,4,No,Medium,No,41-50
EV05942,34,Female,113631.0,Rural,105.9,2,Hatchback,1,3,Yes,3,Yes,Low,Yes,31-40
EV05943,40,Female,46209.0,Suburban,58.9,2,SUV,2,1,Yes,5,Yes,Low,No,31-40
EV05944,53,Male,113826.0,Suburban,107.6,1,Sedan,5,1,No,3,Yes,Medium,Yes,51-60
EV05945,57,Male,148415.0,Suburban,61.8,3,Hatchback,1,6,Yes,3,Yes,Low,No,51-60
EV05946,65,Female,63383.0,Urban,51.8,2,SUV,8,16,Yes,4,Yes,Low,No,61-70
EV05947,30,Male,94516.0,Urban,64.9,2,SUV,9,19,No,1,Yes,Low,No,18-30
EV05948,43,Female,106014.0,Suburban,48.2,2,SUV,7,9,Yes,5,Yes,Low,Yes,41-50
EV05949,68,Female,102325.0,Urban,72.7,1,SUV,14,3,No,5,No,Low,No,61-70
EV05950,32,Female,93265.0,Urban,27.6,4,Hatchback,2,11,No,2,No,Low,No,31-40
EV05951,69,Female,94782.0,Urban,56.2,1,SUV,14,12,No,1,No,Low,No,61-70
EV05952,59,Female,111797.0,Rural,65.6,3,SUV,2,1,Yes,4,Yes,Low,Yes,51-60
EV05953,36,Female,51951.0,Urban,13.2,2,Truck,7,14,No,1,Yes,Low,Yes,31-40
EV05954,43,Male,119931.0,Rural,39.1,3,SUV,0,3,Yes,5,Yes,Low,No,41-50
EV05955,29,Male,81488.0,Urban,5.0,3,Hatchback,11,4,Yes,5,Yes,Low,No,18-30
EV05956,62,Male,114908.0,Suburban,41.2,3,SUV,1,3,Yes,3,Yes,Low,No,61-70
EV05957,61,Female,58855.0,Suburban,32.7,3,Hatchback,3,5,Yes,5,No,Low,No,61-70
EV05958,34,Male,110821.0,Urban,34.4,3,Sedan,14,8,No,3,Yes,Low,No,31-40
EV05959,39,Male,138414.0,Urban,10.5,2,Truck,5,8,Yes,1,Yes,Low,No,31-40
EV05960,36,Male,62090.0,Suburban,32.8,1,SUV,1,2,No,2,No,Medium,No,31-40
EV05961,54,Female,150223.0,Urban,54.2,1,Sedan,11,7,Yes,1,Yes,Low,No,51-60
EV05962,26,Female,181166.0,Suburban,26.3,2,Sedan,1,8,No,1,Yes,Low,Yes,18-30
EV05963,50,Female,61039.0,Suburban,93.1,2,Truck,6,9,No,2,No,High,No,41-50
EV05964,49,Male,82193.0,Suburban,75.2,2,SUV,7,8,Yes,1,No,Low,No,41-50
EV05965,68,Female,51288.0,Urban,25.7,2,Truck,5,15,Yes,1,Yes,Low,No,61-70
EV05966,45,Female,94858.0,Urban,65.9,1,SUV,5,7,Yes,2,No,Low,No,41-50
EV05967,69,Male,43311.0,Urban,52.0,3,SUV,6,5,No,4,No,Medium,No,61-70
EV05968,33,Male,160474.0,Urban,7.8,1,Hatchback,9,19,No,3,Yes,Low,No,31-40
EV05969,59,Male,62671.0,Suburban,19.7,1,SUV,6,5,Yes,4,Yes,Low,No,51-60
EV05970,44,Male,42845.0,Suburban,89.0,2,Sedan,6,4,Yes,4,Yes,Low,No,41-50
EV05971,59,Male,113911.0,Suburban,52.6,1,Sedan,7,7,Yes,3,No,Low,No,51-60
EV05972,60,Male,109397.0,Urban,12.8,4,Sedan,8,6,No,5,Yes,Low,No,51-60
EV05973,25,Female,95638.0,Urban,59.6,1,Sedan,10,7,No,2,No,Low,No,18-30
EV05974,69,Male,57549.0,Urban,75.5,1,SUV,9,17,No,3,No,Low,No,61-70
EV05975,62,Female,115951.0,Suburban,5.0,1,Sedan,6,7,Yes,1,Yes,Low,No,61-70
EV05976,62,Female,132932.0,Rural,27.4,3,Truck,2,1,Yes,4,Yes,Low,No,61-70
EV05977,31,Male,119275.0,Urban,88.9,1,SUV,13,15,Yes,3,Yes,Low,No,31-40
EV05978,63,Female,112674.0,Suburban,13.5,1,Hatchback,7,9,Yes,5,No,Low,No,61-70
EV05979,52,Male,158829.0,Rural,62.8,2,SUV,2,3,Yes,2,Yes,Low,No,51-60
EV05980,53,Male,76948.0,Urban,28.5,1,Sedan,13,13,No,1,Yes,Low,No,51-60
EV05981,55,Male,94741.0,Suburban,5.0,1,SUV,1,6,Yes,1,Yes,Low,No,51-60
EV05982,62,Male,83636.0,Rural,30.8,1,SUV,2,2,Yes,1,Yes,Low,No,61-70
EV05983,68,Male,90558.0,Urban,38.0,1,Hatchback,8,5,Yes,1,Yes,Low,No,61-70
EV05984,60,Male,61411.0,Urban,23.7,2,SUV,6,18,No,1,No,Low,No,51-60
EV05985,54,Female,90673.0,Urban,36.7,2,Hatchback,12,12,No,3,No,Low,No,51-60
EV05986,31,Female,30000.0,Suburban,39.5,2,Sedan,2,9,Yes,1,No,Low,No,31-40
EV05987,44,Male,30000.0,Suburban,51.1,1,Sedan,3,9,Yes,3,No,Medium,No,41-50
EV05988,57,Female,110413.0,Urban,26.6,3,Sedan,4,7,No,3,Yes,Medium,Yes,51-60
EV05989,53,Female,87069.0,Suburban,15.0,2,Sedan,0,5,Yes,4,No,Low,No,51-60
EV05990,37,Male,70614.0,Suburban,19.2,2,Hatchback,1,2,No,4,Yes,Medium,Yes,31-40
EV05991,53,Female,95652.0,Urban,60.3,2,Truck,10,3,Yes,2,Yes,Low,No,51-60
EV05992,67,Other,64745.0,Suburban,72.0,2,SUV,7,3,Yes,1,No,Low,No,61-70
EV05993,37,Female,51593.0,Urban,57.4,2,SUV,6,6,No,4,Yes,Medium,No,31-40
EV05994,35,Female,44119.0,Suburban,40.2,1,Hatchback,2,2,Yes,3,Yes,Low,No,31-40
EV05995,56,Female,72034.0,Urban,19.4,1,Sedan,2,17,No,3,No,Low,No,51-60
EV05996,30,Male,109026.0,Urban,25.5,2,Sedan,11,6,No,1,Yes,Low,No,18-30
EV05997,37,Male,76268.0,Rural,67.4,1,Hatchback,2,0,Yes,2,Yes,Low,No,31-40
EV05998,35,Male,31943.0,Urban,70.9,2,Sedan,10,16,Yes,4,No,Low,No,31-40
EV05999,42,Female,43855.0,Urban,44.0,2,Sedan,3,8,No,3,Yes,Medium,No,41-50
EV06000,32,Female,83073.0,Urban,5.0,3,Sedan,8,15,No,2,No,Low,No,31-40
EV06001,43,Female,112579.0,Rural,83.4,1,Sedan,1,3,Yes,2,No,Low,No,41-50
EV06002,36,Male,53856.0,Rural,38.3,1,Sedan,0,2,No,2,Yes,Medium,No,31-40
EV06003,62,Female,120759.0,Urban,47.8,2,Sedan,3,4,No,5,No,Low,No,61-70
EV06004,54,Female,51862.0,Suburban,68.8,2,SUV,2,3,Yes,3,Yes,Low,No,51-60
EV06005,43,Male,79499.0,Urban,97.5,2,Sedan,12,11,Yes,2,Yes,Low,No,41-50
EV06006,69,Male,74135.0,Urban,5.0,2,Sedan,2,10,No,4,Yes,Low,Yes,61-70
EV06007,42,Male,85140.0,Suburban,5.0,2,Sedan,2,4,Yes,2,Yes,Low,Yes,41-50
EV06008,67,Male,60347.0,Suburban,79.9,1,Truck,3,4,Yes,4,Yes,Medium,No,61-70
EV06009,59,Female,77157.0,Rural,17.3,1,SUV,1,0,Yes,3,No,Low,No,51-60
EV06010,41,Female,48021.0,Urban,31.5,3,Sedan,9,5,No,3,No,Low,No,41-50
EV06011,34,Female,130325.0,Suburban,30.9,3,Hatchback,3,5,Yes,2,No,Low,No,31-40
EV06012,54,Male,73414.0,Urban,40.2,1,Truck,13,19,Yes,2,Yes,Low,No,51-60
EV06013,62,Male,98306.0,Urban,48.4,1,Truck,3,17,No,2,No,Low,No,61-70
EV06014,36,Male,64878.0,Suburban,77.0,1,Sedan,0,8,No,4,Yes,High,No,31-40
EV06015,51,Male,105534.0,Urban,65.3,1,Sedan,4,17,Yes,5,Yes,Low,Yes,51-60
EV06016,64,Male,74774.0,Suburban,26.8,1,Sedan,1,2,Yes,4,Yes,Low,Yes,61-70
EV06017,42,Male,93903.0,Urban,43.8,2,Truck,9,16,Yes,1,No,Low,No,41-50
EV06018,59,Female,99620.0,Urban,40.8,2,SUV,9,8,Yes,3,No,Low,No,51-60
EV06019,49,Female,61185.0,Suburban,22.4,1,Hatchback,3,9,Yes,3,No,Low,No,41-50
EV06020,44,Male,55752.0,Urban,16.8,1,Hatchback,7,9,No,4,Yes,Low,No,41-50
EV06021,35,Female,68578.0,Urban,54.5,1,Hatchback,5,13,Yes,4,No,Low,No,31-40
EV06022,50,Female,60247.0,Suburban,36.7,2,Truck,1,8,Yes,4,Yes,Low,Yes,41-50
EV06023,46,Male,55166.0,Urban,58.8,2,Hatchback,6,11,No,1,Yes,Low,No,41-50
EV06024,63,Female,159832.0,Rural,28.9,1,Sedan,2,1,No,3,Yes,Low,Yes,61-70
EV06025,38,Male,74609.0,Suburban,11.1,2,SUV,4,2,Yes,5,Yes,Low,Yes,31-40
EV06026,63,Female,63805.0,Urban,93.0,3,Hatchback,4,8,Yes,1,Yes,Low,No,61-70
EV06027,54,Male,122965.0,Urban,41.9,1,Sedan,7,8,No,3,No,Medium,No,51-60
EV06028,43,Male,65987.0,Urban,56.6,2,Sedan,6,11,No,5,Yes,Low,No,41-50
EV06029,32,Female,108323.0,Suburban,70.6,2,Sedan,0,4,Yes,5,No,Low,No,31-40
EV06030,32,Female,82997.0,Urban,13.2,1,Hatchback,8,13,Yes,1,Yes,Low,No,31-40
EV06031,56,Male,30000.0,Urban,11.7,2,Sedan,8,10,Yes,1,No,Low,No,51-60
EV06032,67,Male,43483.0,Rural,31.6,1,Truck,2,2,No,5,Yes,Medium,No,61-70
EV06033,59,Male,112343.0,Urban,58.7,1,Sedan,8,9,Yes,2,No,Low,No,51-60
EV06034,62,Male,82818.0,Urban,5.0,2,Sedan,5,8,No,3,Yes,Low,Yes,61-70
EV06035,46,Male,77282.0,Suburban,56.4,2,Sedan,0,7,Yes,5,Yes,Low,Yes,41-50
EV06036,42,Male,59393.0,Urban,5.0,3,SUV,14,8,No,4,Yes,Low,No,41-50
EV06037,39,Female,84199.0,Urban,64.2,2,Sedan,14,3,Yes,3,No,Low,No,31-40
EV06038,46,Male,132776.0,Rural,40.2,1,Hatchback,2,2,Yes,3,Yes,Low,Yes,41-50
EV06039,64,Female,125793.0,Urban,61.1,1,SUV,6,8,Yes,5,Yes,Low,Yes,61-70
EV06040,62,Female,76049.0,Urban,36.2,1,Hatchback,6,19,No,1,No,Low,No,61-70
EV06041,27,Male,81609.0,Urban,34.2,2,Sedan,5,16,No,1,Yes,Low,No,18-30
EV06042,69,Female,138881.0,Suburban,39.6,2,Sedan,5,4,Yes,3,Yes,Low,No,61-70
EV06043,55,Female,122345.0,Suburban,34.1,1,Hatchback,5,1,Yes,4,Yes,Low,Yes,51-60
EV06044,57,Female,132111.0,Urban,55.4,1,Sedan,6,6,No,1,Yes,Medium,No,51-60
EV06045,46,Female,88214.0,Suburban,76.4,1,Hatchback,5,4,Yes,5,No,Low,No,41-50
EV06046,69,Other,74507.0,Urban,69.0,1,SUV,7,13,No,4,Yes,Medium,No,61-70
EV06047,32,Female,80291.0,Urban,11.4,1,Sedan,14,3,Yes,3,Yes,Low,No,31-40
EV06048,63,Male,84687.0,Urban,39.4,2,Sedan,12,19,No,4,No,Low,No,61-70
EV06049,31,Female,56061.0,Urban,66.9,2,Sedan,5,7,Yes,3,Yes,Low,Yes,31-40
EV06050,55,Female,72168.0,Suburban,16.6,1,Sedan,0,5,No,2,Yes,Medium,No,51-60
EV06051,62,Female,58137.0,Suburban,58.4,2,SUV,6,7,Yes,4,Yes,Low,No,61-70
EV06052,53,Male,87504.0,Urban,63.9,2,Hatchback,7,14,No,2,No,Low,No,51-60
EV06053,44,Other,148375.0,Suburban,24.7,1,SUV,1,4,Yes,2,No,Low,No,41-50
EV06054,40,Female,83950.0,Urban,34.8,1,Hatchback,10,19,No,3,No,Low,No,31-40
EV06055,63,Male,47569.0,Urban,34.5,1,Sedan,5,12,Yes,1,Yes,Low,No,61-70
EV06056,67,Female,120939.0,Rural,18.3,4,SUV,0,0,Yes,5,Yes,Low,Yes,61-70
EV06057,61,Female,87249.0,Suburban,61.9,3,SUV,0,4,No,1,Yes,Medium,No,61-70
EV06058,29,Male,94468.0,Rural,60.0,2,SUV,1,2,Yes,4,Yes,Low,Yes,18-30
EV06059,57,Female,76838.0,Rural,56.0,2,SUV,2,2,Yes,5,Yes,Low,No,51-60
EV06060,63,Male,102751.0,Suburban,36.9,1,Sedan,0,4,Yes,1,Yes,Low,No,61-70
EV06061,55,Female,40851.0,Urban,46.3,2,SUV,2,15,Yes,1,No,Low,No,51-60
EV06062,51,Male,66033.0,Urban,19.6,1,Truck,2,4,No,5,Yes,Low,Yes,51-60
EV06063,55,Male,65318.0,Urban,59.5,1,Truck,9,11,No,1,Yes,Low,No,51-60
EV06064,48,Male,77822.0,Urban,5.3,2,SUV,11,13,No,4,Yes,Low,Yes,41-50
EV06065,66,Male,137848.0,Urban,48.5,3,SUV,9,14,No,1,Yes,Low,No,61-70
EV06066,46,Male,118288.0,Rural,6.8,2,Truck,2,1,Yes,3,Yes,Low,No,41-50
EV06067,35,Male,97861.0,Rural,39.5,4,SUV,1,1,Yes,3,No,Low,No,31-40
EV06068,61,Female,69353.0,Suburban,71.0,2,SUV,2,4,Yes,3,No,Low,No,61-70
EV06069,44,Female,106434.0,Rural,46.6,1,Sedan,2,1,No,5,No,Medium,No,41-50
EV06070,68,Female,102781.0,Urban,5.0,1,SUV,10,12,Yes,5,No,Low,No,61-70
EV06071,63,Male,58354.0,Suburban,18.1,4,SUV,2,5,Yes,1,No,Low,No,61-70
EV06072,53,Male,43068.0,Urban,64.6,2,Sedan,6,13,No,5,No,Low,No,51-60
EV06073,28,Female,30000.0,Suburban,32.7,2,Hatchback,7,4,Yes,2,Yes,Low,No,18-30
EV06074,28,Female,67947.0,Urban,27.7,1,SUV,10,19,Yes,2,Yes,Low,No,18-30
EV06075,56,Female,138730.0,Suburban,56.9,1,Hatchback,7,7,Yes,3,Yes,Low,Yes,51-60
EV06076,49,Female,30000.0,Suburban,25.2,4,SUV,4,8,Yes,3,No,Low,No,41-50
EV06077,38,Male,31285.0,Rural,82.5,1,Sedan,2,3,Yes,2,Yes,Low,No,31-40
EV06078,27,Female,93028.0,Urban,33.0,2,Sedan,14,17,Yes,3,Yes,Low,No,18-30
EV06079,62,Female,95311.0,Urban,5.0,4,Truck,3,9,Yes,3,Yes,Low,No,61-70
EV06080,32,Male,123554.0,Urban,12.7,1,Sedan,10,18,No,2,Yes,Low,Yes,31-40
EV06081,37,Male,43688.0,Rural,68.3,2,Sedan,2,0,Yes,3,Yes,Low,No,31-40
EV06082,46,Female,31423.0,Suburban,52.0,2,SUV,5,6,No,5,Yes,Low,Yes,41-50
EV06083,54,Male,47429.0,Suburban,26.6,4,Truck,2,5,Yes,3,Yes,Low,No,51-60
EV06084,40,Female,43413.0,Rural,26.2,1,Hatchback,0,0,Yes,2,No,Low,No,31-40
EV06085,29,Female,54795.0,Urban,18.6,2,SUV,12,10,No,4,Yes,Medium,No,18-30
EV06086,56,Male,68618.0,Urban,42.7,2,Sedan,8,17,No,4,Yes,Low,No,51-60
EV06087,56,Male,114088.0,Suburban,81.7,1,Sedan,6,3,Yes,3,No,Low,No,51-60
EV06088,51,Female,32870.0,Urban,71.3,2,SUV,8,13,No,3,Yes,Low,No,51-60
EV06089,58,Male,90909.0,Suburban,67.9,3,SUV,2,4,Yes,4,Yes,Low,No,51-60
EV06090,54,Male,120446.0,Rural,21.9,1,Sedan,1,3,Yes,2,No,Low,No,51-60
EV06091,26,Male,92385.0,Suburban,66.8,2,Hatchback,3,2,Yes,1,Yes,Low,No,18-30
EV06092,40,Male,132388.0,Urban,20.3,1,Hatchback,5,18,Yes,1,Yes,Low,No,31-40
EV06093,69,Female,105330.0,Suburban,32.9,2,Hatchback,5,9,Yes,2,No,Low,No,61-70
EV06094,26,Female,36836.0,Rural,67.9,2,Sedan,1,0,Yes,4,Yes,Low,No,18-30
EV06095,32,Male,72214.0,Urban,52.2,1,SUV,8,18,No,5,No,Low,Yes,31-40
EV06096,29,Male,147613.0,Rural,37.3,2,SUV,1,0,Yes,3,Yes,Low,No,18-30
EV06097,33,Female,41388.0,Urban,53.1,1,Sedan,11,18,No,2,No,Low,No,31-40
EV06098,30,Male,67855.0,Urban,45.0,1,Hatchback,12,6,No,1,Yes,Low,No,18-30
EV06099,44,Male,108638.0,Urban,70.5,3,Sedan,6,19,No,3,Yes,Low,Yes,41-50
EV06100,61,Female,121669.0,Urban,26.3,1,SUV,2,19,Yes,5,No,Low,Yes,61-70
EV06101,63,Male,48135.0,Rural,5.0,1,Sedan,2,1,Yes,1,No,Low,No,61-70
EV06102,34,Female,111789.0,Rural,80.4,2,Sedan,1,3,Yes,3,No,Low,No,31-40
EV06103,68,Female,107542.0,Suburban,77.9,1,Hatchback,0,2,Yes,5,No,Low,No,61-70
EV06104,44,Female,119980.0,Urban,25.3,1,Sedan,11,15,No,4,No,Low,No,41-50
EV06105,64,Male,134837.0,Rural,32.6,3,Sedan,1,2,Yes,5,No,Low,Yes,61-70
EV06106,45,Female,98639.0,Suburban,48.1,1,SUV,2,9,No,2,Yes,Medium,No,41-50
EV06107,38,Male,114883.0,Urban,42.6,1,Sedan,13,3,Yes,3,Yes,Low,Yes,31-40
EV06108,27,Female,50023.0,Rural,47.8,2,SUV,0,1,Yes,4,Yes,Low,No,18-30
EV06109,45,Female,139988.0,Urban,56.0,1,SUV,12,13,No,5,Yes,Low,Yes,41-50
EV06110,46,Male,53576.0,Urban,12.0,1,SUV,7,15,Yes,2,No,Low,No,41-50
EV06111,49,Female,55632.0,Suburban,14.4,3,Sedan,3,6,Yes,2,Yes,Low,No,41-50
EV06112,62,Female,37681.0,Urban,31.8,1,SUV,13,16,Yes,2,Yes,Low,No,61-70
EV06113,59,Female,74340.0,Urban,48.9,1,Sedan,10,12,Yes,3,Yes,Low,No,51-60
EV06114,25,Male,78946.0,Suburban,72.7,3,Sedan,5,3,No,3,Yes,Low,No,18-30
EV06115,44,Female,77697.0,Urban,30.1,3,SUV,13,8,Yes,2,No,Low,No,41-50
EV06116,49,Male,53457.0,Suburban,53.9,1,Sedan,5,7,No,5,Yes,Medium,No,41-50
EV06117,49,Male,86321.0,Suburban,39.9,2,Hatchback,4,5,Yes,5,Yes,Low,Yes,41-50
EV06118,32,Male,63354.0,Urban,9.6,1,SUV,11,6,No,1,Yes,Medium,No,31-40
EV06119,63,Female,30741.0,Urban,31.8,2,SUV,10,18,Yes,1,Yes,Low,No,61-70
EV06120,62,Female,92341.0,Urban,32.7,1,SUV,6,17,No,1,Yes,Medium,No,61-70
EV06121,50,Male,60934.0,Urban,9.9,3,Hatchback,12,6,No,1,Yes,Low,No,41-50
EV06122,42,Male,107833.0,Urban,52.4,1,SUV,12,16,Yes,5,Yes,Low,Yes,41-50
EV06123,65,Female,30000.0,Suburban,5.0,2,SUV,7,1,Yes,2,No,Low,No,61-70
EV06124,39,Female,114164.0,Rural,14.9,1,Sedan,2,0,Yes,5,No,Low,Yes,31-40
EV06125,54,Female,136480.0,Urban,60.3,2,Sedan,13,7,No,2,No,Low,No,51-60
EV06126,35,Female,104888.0,Urban,30.6,3,SUV,11,11,Yes,4,Yes,Low,No,31-40
EV06127,48,Female,73447.0,Suburban,18.8,1,Sedan,7,8,Yes,1,Yes,Low,No,41-50
EV06128,47,Female,104094.0,Suburban,49.5,2,Sedan,5,9,Yes,5,Yes,Low,No,41-50
EV06129,41,Male,68262.0,Urban,45.4,2,SUV,10,6,No,2,Yes,Medium,No,41-50
EV06130,55,Male,148753.0,Rural,37.6,1,Hatchback,1,1,Yes,5,Yes,Low,Yes,51-60
EV06131,61,Female,62171.0,Urban,32.4,2,Sedan,3,4,Yes,5,Yes,Low,No,61-70
EV06132,58,Female,132261.0,Urban,48.3,3,Sedan,14,7,No,4,No,Low,No,51-60
EV06133,61,Female,42819.0,Rural,29.4,3,SUV,2,0,Yes,1,Yes,Low,No,61-70
EV06134,34,Female,100381.0,Rural,5.0,1,Sedan,1,0,Yes,3,No,Low,No,31-40
EV06135,40,Male,80414.0,Urban,39.2,2,Sedan,11,10,Yes,3,Yes,Low,No,31-40
EV06136,61,Male,124928.0,Urban,7.4,1,SUV,6,3,Yes,3,No,Low,No,61-70
EV06137,26,Female,107319.0,Suburban,55.0,1,Sedan,0,5,Yes,5,Yes,Low,Yes,18-30
EV06138,62,Male,89060.0,Urban,27.1,1,Sedan,6,8,Yes,2,No,Low,No,61-70
EV06139,66,Male,110835.0,Suburban,46.4,2,SUV,4,6,Yes,1,Yes,Low,No,61-70
EV06140,61,Female,115686.0,Rural,29.4,1,Hatchback,2,0,Yes,5,No,Low,No,61-70
EV06141,42,Male,53552.0,Urban,58.5,1,Sedan,4,9,Yes,2,No,Low,No,41-50
EV06142,53,Male,92556.0,Rural,21.8,4,Sedan,2,1,Yes,3,Yes,Low,No,51-60
EV06143,45,Male,91306.0,Suburban,82.8,1,Sedan,1,5,Yes,4,Yes,Low,Yes,41-50
EV06144,47,Male,121144.0,Urban,56.7,2,Sedan,2,13,No,5,No,Medium,No,41-50
EV06145,64,Male,71224.0,Suburban,26.5,2,Sedan,0,6,Yes,3,Yes,Low,No,61-70
EV06146,61,Female,131976.0,Urban,67.1,2,SUV,13,3,No,2,No,Medium,No,61-70
EV06147,38,Female,134308.0,Urban,20.6,3,Hatchback,13,10,No,2,No,Low,No,31-40
EV06148,50,Male,73055.0,Urban,20.8,2,Sedan,5,3,No,5,Yes,Medium,No,41-50
EV06149,32,Male,110918.0,Urban,10.1,4,SUV,6,14,No,5,Yes,Low,Yes,31-40
EV06150,58,Female,51710.0,Rural,79.3,4,SUV,2,1,Yes,4,No,Medium,No,51-60
EV06151,32,Other,92123.0,Urban,45.0,1,SUV,6,10,No,3,No,Low,No,31-40
EV06152,29,Female,78740.0,Rural,87.5,3,Truck,0,2,Yes,4,Yes,Medium,No,18-30
EV06153,62,Female,84605.0,Urban,5.0,1,Sedan,13,4,No,2,Yes,Low,No,61-70
EV06154,41,Female,118368.0,Urban,22.1,3,SUV,2,19,No,3,No,Low,No,41-50
EV06155,35,Male,77390.0,Suburban,5.0,1,SUV,6,3,No,4,Yes,Low,Yes,31-40
EV06156,49,Female,126334.0,Rural,7.7,3,Sedan,0,3,Yes,3,No,Low,No,41-50
EV06157,41,Male,30000.0,Suburban,5.0,1,SUV,4,8,Yes,1,Yes,Low,No,41-50
EV06158,49,Female,77005.0,Urban,5.0,1,Sedan,2,10,Yes,5,Yes,Low,Yes,41-50
EV06159,48,Female,154119.0,Urban,11.9,2,Hatchback,14,7,Yes,2,Yes,Low,No,41-50
EV06160,40,Female,76454.0,Urban,46.3,1,Hatchback,5,8,Yes,2,No,Low,No,31-40
EV06161,38,Male,127193.0,Suburban,56.6,2,Sedan,0,3,Yes,4,Yes,Low,No,31-40
EV06162,31,Female,147894.0,Rural,78.5,2,Truck,2,1,Yes,1,No,Low,No,31-40
EV06163,55,Female,100276.0,Suburban,5.0,4,Hatchback,6,3,Yes,1,Yes,Low,No,51-60
EV06164,29,Female,69859.0,Suburban,16.7,1,Sedan,7,7,No,2,Yes,High,No,18-30
EV06165,56,Female,98795.0,Rural,5.0,2,Sedan,0,1,Yes,4,No,Low,No,51-60
EV06166,37,Male,74690.0,Urban,60.6,1,SUV,4,11,Yes,5,Yes,Low,Yes,31-40
EV06167,56,Male,64696.0,Suburban,40.2,2,SUV,5,1,Yes,3,Yes,Low,No,51-60
EV06168,29,Male,91613.0,Urban,29.5,2,SUV,6,15,Yes,2,Yes,Low,No,18-30
EV06169,29,Female,63820.0,Suburban,20.7,2,Truck,2,7,No,4,Yes,Low,No,18-30
EV06170,66,Female,101197.0,Suburban,12.0,2,Sedan,7,8,Yes,2,Yes,Low,No,61-70
EV06171,58,Female,30000.0,Urban,51.2,2,SUV,7,15,No,1,Yes,Low,No,51-60
EV06172,30,Female,92109.0,Suburban,28.2,2,Sedan,5,9,Yes,5,Yes,Low,Yes,18-30
EV06173,31,Male,68480.0,Rural,35.7,2,Sedan,2,2,Yes,1,No,Low,No,31-40
EV06174,48,Female,37056.0,Urban,23.8,1,Sedan,2,18,No,1,Yes,Low,No,41-50
EV06175,27,Male,46609.0,Suburban,47.6,1,SUV,7,8,Yes,1,Yes,Low,No,18-30
EV06176,50,Female,50736.0,Urban,5.0,1,Sedan,11,15,Yes,2,Yes,Low,No,41-50
EV06177,60,Male,84173.0,Suburban,45.9,2,Sedan,5,9,Yes,2,Yes,Low,No,51-60
EV06178,35,Female,64180.0,Suburban,82.4,2,Truck,1,5,Yes,5,Yes,Low,Yes,31-40
EV06179,44,Female,107381.0,Urban,62.6,2,Sedan,3,15,No,1,Yes,Medium,No,41-50
EV06180,68,Female,90673.0,Urban,41.1,2,SUV,10,10,No,3,Yes,Low,No,61-70
EV06181,55,Female,56809.0,Urban,86.6,1,Sedan,9,14,Yes,1,No,Low,No,51-60
EV06182,69,Male,30000.0,Urban,49.0,1,Hatchback,11,4,Yes,1,No,Low,No,61-70
EV06183,27,Male,148068.0,Rural,63.3,1,Hatchback,0,0,Yes,3,Yes,Low,No,18-30
EV06184,51,Female,30000.0,Urban,5.0,2,Sedan,12,8,Yes,2,Yes,Low,No,51-60
EV06185,60,Male,47630.0,Urban,46.5,2,Sedan,3,16,No,5,No,Low,No,51-60
EV06186,42,Female,75092.0,Urban,48.9,2,Sedan,10,19,Yes,5,Yes,Low,Yes,41-50
EV06187,36,Female,104763.0,Suburban,87.0,1,Hatchback,3,7,Yes,2,No,Low,No,31-40
EV06188,31,Female,138028.0,Suburban,37.2,2,SUV,3,7,Yes,2,No,Low,No,31-40
EV06189,61,Female,86429.0,Urban,14.4,2,Sedan,10,5,No,1,Yes,Low,No,61-70
EV06190,34,Male,52736.0,Urban,44.5,4,SUV,10,14,No,1,Yes,Low,No,31-40
EV06191,67,Male,73415.0,Rural,31.9,2,Sedan,2,0,Yes,4,Yes,Low,Yes,61-70
EV06192,44,Male,113642.0,Suburban,36.4,2,Truck,0,6,Yes,5,No,Low,No,41-50
EV06193,56,Male,107375.0,Urban,15.3,2,Hatchback,2,7,Yes,3,Yes,Low,No,51-60
EV06194,47,Male,96607.0,Suburban,68.5,2,Sedan,4,8,Yes,2,Yes,Low,No,41-50
EV06195,52,Female,64896.0,Suburban,40.0,2,Hatchback,1,8,Yes,4,Yes,Low,Yes,51-60
EV06196,64,Other,100980.0,Urban,36.8,1,SUV,8,13,Yes,5,Yes,Low,No,61-70
EV06197,58,Male,30000.0,Urban,58.2,2,Sedan,13,5,Yes,3,No,Low,No,51-60
EV06198,41,Male,96782.0,Suburban,45.9,1,Truck,3,5,Yes,5,Yes,Low,Yes,41-50
EV06199,45,Female,117759.0,Urban,64.6,2,SUV,7,11,No,1,No,High,No,41-50
EV06200,51,Male,150777.0,Rural,27.4,4,SUV,2,2,Yes,1,Yes,Low,No,51-60
EV06201,44,Female,64247.0,Urban,83.1,2,SUV,5,10,No,4,No,Medium,No,41-50
EV06202,52,Male,85677.0,Rural,5.0,1,Hatchback,2,2,Yes,1,No,Low,No,51-60
EV06203,29,Female,30000.0,Suburban,53.3,1,SUV,1,4,Yes,4,Yes,Low,No,18-30
EV06204,39,Female,139780.0,Urban,29.2,1,SUV,8,16,Yes,5,Yes,Low,Yes,31-40
EV06205,45,Male,84493.0,Urban,5.0,2,Truck,9,16,Yes,2,No,Low,No,41-50
EV06206,43,Female,131589.0,Suburban,45.3,1,Sedan,0,1,No,1,No,Medium,No,41-50
EV06207,61,Male,129971.0,Urban,40.2,2,SUV,6,14,Yes,2,Yes,Low,No,61-70
EV06208,26,Female,30000.0,Urban,21.7,2,Sedan,4,10,No,4,No,Low,No,18-30
EV06209,40,Male,90584.0,Urban,49.0,2,SUV,11,7,No,5,Yes,High,No,31-40
EV06210,45,Male,30000.0,Urban,80.2,1,Sedan,11,12,No,2,No,Medium,No,41-50
EV06211,32,Male,100435.0,Urban,7.4,2,SUV,6,13,No,3,No,Low,No,31-40
EV06212,66,Female,30000.0,Suburban,28.4,1,Hatchback,0,9,Yes,5,Yes,Low,Yes,61-70
EV06213,47,Female,58903.0,Urban,72.0,4,Sedan,13,8,Yes,3,Yes,Low,Yes,41-50
EV06214,67,Male,118280.0,Urban,58.3,3,Hatchback,10,4,No,2,No,Medium,No,61-70
EV06215,25,Female,60420.0,Suburban,48.4,1,Sedan,6,5,Yes,4,No,Low,No,18-30
EV06216,60,Male,120890.0,Suburban,47.9,2,Hatchback,6,3,Yes,3,No,Low,No,51-60
EV06217,52,Male,38209.0,Urban,70.6,1,Hatchback,4,8,No,5,Yes,Medium,No,51-60
EV06218,42,Male,107755.0,Suburban,31.6,2,Sedan,0,9,Yes,4,No,Low,No,41-50
EV06219,48,Female,89484.0,Urban,5.0,2,Truck,11,12,Yes,2,Yes,Low,No,41-50
EV06220,33,Male,115976.0,Urban,22.9,1,SUV,3,11,Yes,5,No,Low,No,31-40
EV06221,67,Female,95950.0,Urban,40.2,2,SUV,9,10,No,2,Yes,Low,No,61-70
EV06222,59,Male,118460.0,Rural,33.9,2,Truck,1,1,Yes,4,No,Low,No,51-60
EV06223,62,Male,70126.0,Suburban,43.4,1,Sedan,2,3,Yes,4,No,Low,No,61-70
EV06224,32,Female,90238.0,Urban,60.3,2,Truck,3,13,No,1,Yes,Medium,No,31-40
EV06225,35,Male,130776.0,Suburban,68.0,2,SUV,1,5,Yes,4,Yes,Low,Yes,31-40
EV06226,25,Male,38262.0,Rural,71.2,2,Sedan,0,0,Yes,1,Yes,Low,No,18-30
EV06227,50,Female,122977.0,Suburban,73.0,1,SUV,6,3,Yes,4,Yes,Low,Yes,41-50
EV06228,47,Male,88861.0,Suburban,26.2,3,Sedan,0,3,Yes,1,Yes,Low,No,41-50
EV06229,63,Male,107977.0,Rural,47.0,3,Sedan,2,2,Yes,3,No,Low,No,61-70
EV06230,26,Female,57927.0,Suburban,32.2,2,Sedan,0,7,Yes,2,Yes,Low,No,18-30
EV06231,47,Female,53131.0,Urban,64.8,2,Hatchback,4,3,No,2,Yes,Medium,No,41-50
EV06232,54,Male,69166.0,Urban,71.1,1,SUV,7,11,No,3,No,Low,No,51-60
EV06233,64,Male,87702.0,Suburban,44.0,3,Sedan,5,4,Yes,2,No,Low,No,61-70
EV06234,28,Male,30000.0,Urban,42.6,3,SUV,13,15,No,3,No,Low,No,18-30
EV06235,54,Male,61933.0,Suburban,5.7,1,Hatchback,6,5,No,2,Yes,Low,No,51-60
EV06236,53,Male,51008.0,Suburban,48.4,3,SUV,1,3,No,4,Yes,Medium,No,51-60
EV06237,65,Female,75871.0,Urban,40.2,3,SUV,11,14,Yes,3,Yes,Low,No,61-70
EV06238,64,Female,80135.0,Suburban,20.9,1,SUV,0,1,Yes,5,No,Low,No,61-70
EV06239,42,Female,34388.0,Urban,31.8,3,SUV,5,16,No,4,Yes,Low,Yes,41-50
EV06240,31,Male,83280.0,Urban,78.2,2,SUV,12,3,No,1,Yes,Medium,No,31-40
EV06241,56,Female,73556.0,Suburban,76.8,1,Sedan,5,4,No,1,No,Medium,No,51-60
EV06242,32,Female,67866.0,Rural,5.0,2,SUV,2,1,Yes,1,Yes,Low,No,31-40
EV06243,63,Male,57855.0,Urban,67.0,1,SUV,8,9,Yes,3,Yes,Low,No,61-70
EV06244,27,Female,86090.0,Suburban,31.0,4,Sedan,2,6,No,1,No,Low,No,18-30
EV06245,57,Male,92366.0,Suburban,56.0,1,Hatchback,2,9,Yes,3,Yes,Low,Yes,51-60
EV06246,39,Male,49160.0,Suburban,65.9,2,Truck,1,3,Yes,5,No,Low,No,31-40
EV06247,69,Male,40955.0,Urban,23.5,1,Hatchback,3,16,Yes,3,Yes,Low,No,61-70
EV06248,59,Male,66729.0,Urban,51.6,1,Sedan,11,3,Yes,4,Yes,Low,No,51-60
EV06249,26,Male,124958.0,Suburban,27.5,1,Sedan,0,6,Yes,3,Yes,Low,No,18-30
EV06250,60,Female,96702.0,Urban,48.4,3,Sedan,14,14,Yes,5,No,Low,No,51-60
EV06251,39,Male,104098.0,Suburban,5.4,1,Truck,7,5,No,4,No,Low,No,31-40
EV06252,26,Female,46190.0,Urban,14.6,1,Sedan,9,14,No,2,Yes,Medium,No,18-30
EV06253,58,Male,54316.0,Urban,44.5,2,SUV,2,12,Yes,2,Yes,Low,Yes,51-60
EV06254,46,Female,91748.0,Urban,15.3,2,Hatchback,3,16,No,4,Yes,Low,No,41-50
EV06255,54,Female,150609.0,Urban,35.1,1,Sedan,9,14,No,3,No,Low,Yes,51-60
EV06256,51,Female,40060.0,Urban,71.4,2,Hatchback,12,10,No,2,No,Low,No,51-60
EV06257,28,Male,83702.0,Urban,12.4,1,SUV,5,3,Yes,4,Yes,Low,No,18-30
EV06258,40,Female,83691.0,Urban,51.4,2,SUV,6,14,No,1,Yes,Low,No,31-40
EV06259,33,Male,109319.0,Suburban,54.9,2,Hatchback,1,7,Yes,4,Yes,Low,No,31-40
EV06260,50,Female,43824.0,Suburban,42.9,2,Sedan,1,8,No,1,No,Medium,No,41-50
EV06261,47,Male,89679.0,Urban,50.3,2,Truck,9,12,No,3,No,Low,No,41-50
EV06262,59,Female,126691.0,Suburban,30.8,2,Sedan,7,7,Yes,1,Yes,Low,No,51-60
EV06263,46,Female,97680.0,Suburban,9.5,3,SUV,5,7,No,5,Yes,Low,Yes,41-50
EV06264,63,Male,63180.0,Suburban,30.5,1,Hatchback,5,4,Yes,4,No,Low,No,61-70
EV06265,60,Male,84708.0,Urban,5.0,2,Sedan,11,5,No,1,Yes,Low,No,51-60
EV06266,64,Female,105382.0,Suburban,78.9,2,Sedan,1,7,Yes,4,No,Low,No,61-70
EV06267,56,Female,122397.0,Urban,51.5,1,Sedan,5,6,No,5,Yes,Low,No,51-60
EV06268,50,Male,58091.0,Rural,46.2,2,Truck,2,2,Yes,5,No,Low,No,41-50
EV06269,44,Female,65802.0,Urban,5.0,2,SUV,6,4,Yes,1,Yes,Low,No,41-50
EV06270,64,Male,30000.0,Suburban,10.7,3,Hatchback,3,2,Yes,2,Yes,Low,No,61-70
EV06271,69,Male,104848.0,Rural,60.5,1,Truck,2,2,Yes,2,Yes,Low,No,61-70
EV06272,35,Male,84708.0,Urban,21.0,1,SUV,10,6,Yes,5,Yes,Low,Yes,31-40
EV06273,47,Male,52622.0,Urban,46.6,3,Hatchback,13,10,Yes,2,Yes,Low,No,41-50
EV06274,29,Male,105353.0,Urban,5.0,1,SUV,12,16,Yes,4,No,Low,No,18-30
EV06275,37,Female,44767.0,Suburban,57.5,1,Hatchback,3,4,Yes,4,Yes,Low,No,31-40
EV06276,67,Female,54215.0,Suburban,35.6,1,SUV,2,1,Yes,1,No,Low,No,61-70
EV06277,49,Male,114172.0,Urban,10.3,2,Sedan,9,3,Yes,2,Yes,Low,No,41-50
EV06278,38,Female,72126.0,Suburban,54.8,2,Sedan,5,5,Yes,5,Yes,Low,No,31-40
EV06279,58,Female,40807.0,Suburban,63.9,3,Sedan,2,1,Yes,4,No,Low,No,51-60
EV06280,44,Female,127341.0,Urban,33.3,2,SUV,7,6,No,3,No,Low,No,41-50
EV06281,52,Female,98741.0,Urban,32.3,1,Sedan,5,5,Yes,1,Yes,Low,No,51-60
EV06282,35,Female,140076.0,Urban,5.0,2,SUV,7,14,No,4,No,Low,No,31-40
EV06283,64,Female,128596.0,Suburban,34.0,2,Sedan,2,3,Yes,3,Yes,Low,Yes,61-70
EV06284,49,Male,109476.0,Suburban,39.9,2,SUV,7,5,Yes,1,Yes,Low,No,41-50
EV06285,69,Female,40514.0,Suburban,76.2,1,SUV,1,9,Yes,5,No,Low,No,61-70
EV06286,53,Male,110720.0,Urban,18.3,2,Sedan,6,15,Yes,3,No,Low,No,51-60
EV06287,32,Male,127322.0,Urban,30.7,1,SUV,4,6,No,5,No,Low,No,31-40
EV06288,42,Female,63356.0,Suburban,12.5,3,Sedan,0,7,Yes,4,No,Low,No,41-50
EV06289,52,Female,99772.0,Suburban,51.0,1,Hatchback,5,4,Yes,3,No,Low,No,51-60
EV06290,30,Male,106661.0,Urban,41.6,2,Sedan,9,3,No,3,No,Medium,No,18-30
EV06291,52,Male,130642.0,Urban,51.8,2,Truck,9,18,Yes,3,Yes,Low,No,51-60
EV06292,53,Female,98275.0,Urban,62.3,3,SUV,14,19,No,5,No,Low,No,51-60
EV06293,39,Male,105373.0,Urban,11.1,1,Sedan,3,15,No,5,Yes,Low,Yes,31-40
EV06294,61,Male,112511.0,Suburban,60.6,4,SUV,6,3,No,1,No,Low,No,61-70
EV06295,42,Male,30000.0,Suburban,52.5,1,Truck,4,7,Yes,2,No,Low,No,41-50
EV06296,34,Male,30000.0,Urban,5.0,1,Truck,11,7,Yes,4,Yes,Low,No,31-40
EV06297,34,Male,84675.0,Suburban,16.7,1,Sedan,7,4,Yes,5,Yes,Low,No,31-40
EV06298,56,Female,63067.0,Rural,64.3,3,SUV,1,3,Yes,5,Yes,Low,Yes,51-60
EV06299,55,Male,83036.0,Urban,40.7,2,Sedan,3,12,Yes,3,No,Low,No,51-60
EV06300,69,Male,76949.0,Suburban,41.9,1,SUV,7,7,Yes,4,No,Low,No,61-70
EV06301,31,Male,30000.0,Suburban,64.7,1,Hatchback,6,5,Yes,2,Yes,Low,No,31-40
EV06302,59,Male,30000.0,Suburban,59.8,2,SUV,4,7,Yes,3,Yes,Low,No,51-60
EV06303,49,Male,70551.0,Urban,5.0,2,SUV,3,3,No,5,Yes,Low,Yes,41-50
EV06304,44,Female,92372.0,Urban,30.7,1,Sedan,5,6,No,1,Yes,Medium,No,41-50
EV06305,32,Female,84235.0,Rural,39.4,2,SUV,1,3,Yes,5,Yes,Low,No,31-40
EV06306,66,Male,115422.0,Suburban,47.9,3,Sedan,7,3,Yes,3,Yes,Low,No,61-70
EV06307,57,Male,131124.0,Suburban,32.1,2,Truck,3,5,No,1,Yes,Medium,No,51-60
EV06308,42,Male,58274.0,Urban,25.6,2,Sedan,7,13,No,1,No,Medium,No,41-50
EV06309,63,Female,44623.0,Urban,17.1,2,Sedan,13,6,No,4,Yes,Low,No,61-70
EV06310,68,Male,140069.0,Urban,32.8,3,Sedan,4,14,No,2,No,Low,No,61-70
EV06311,50,Female,99500.0,Rural,61.1,3,Sedan,0,3,Yes,3,No,Low,No,41-50
EV06312,35,Female,41905.0,Urban,73.5,2,SUV,9,11,No,3,Yes,Medium,No,31-40
EV06313,39,Male,118242.0,Rural,43.8,3,SUV,1,0,No,1,No,Medium,No,31-40
EV06314,27,Male,119582.0,Suburban,5.0,2,Sedan,7,5,Yes,1,Yes,Low,No,18-30
EV06315,34,Female,63118.0,Suburban,96.4,1,SUV,2,3,Yes,2,No,Low,No,31-40
EV06316,55,Female,84211.0,Urban,20.9,3,Sedan,6,17,Yes,3,Yes,Low,No,51-60
EV06317,49,Male,112173.0,Rural,63.4,3,Hatchback,0,2,Yes,5,Yes,Low,Yes,41-50
EV06318,27,Female,161232.0,Urban,33.8,1,Sedan,2,5,No,2,Yes,Low,No,18-30
EV06319,58,Female,99504.0,Urban,12.2,3,Hatchback,10,8,Yes,5,No,Low,No,51-60
EV06320,66,Male,40924.0,Suburban,60.0,1,SUV,7,8,No,4,Yes,High,No,61-70
EV06321,30,Female,68372.0,Urban,5.0,2,Sedan,6,5,No,1,Yes,Low,No,18-30
EV06322,54,Male,107761.0,Rural,40.2,1,Sedan,1,3,Yes,1,Yes,Low,No,51-60
EV06323,42,Female,147967.0,Suburban,53.2,1,SUV,2,9,Yes,2,No,Low,No,41-50
EV06324,45,Male,166857.0,Urban,5.3,3,Sedan,6,13,Yes,5,No,Low,No,41-50
EV06325,41,Female,66172.0,Urban,48.1,2,Hatchback,14,16,Yes,5,Yes,Low,Yes,41-50
EV06326,46,Male,72563.0,Urban,64.3,1,Hatchback,8,7,No,3,Yes,Low,No,41-50
EV06327,65,Female,91732.0,Suburban,61.1,1,Sedan,1,9,Yes,3,Yes,Low,No,61-70
EV06328,46,Female,92662.0,Suburban,78.8,1,Truck,2,8,No,5,Yes,Medium,Yes,41-50
EV06329,58,Male,111259.0,Suburban,25.1,2,Hatchback,5,2,Yes,1,Yes,Low,No,51-60
EV06330,34,Female,88345.0,Urban,26.5,1,SUV,13,7,Yes,4,No,Low,No,31-40
EV06331,68,Female,30000.0,Urban,15.4,1,SUV,10,5,No,4,Yes,Medium,No,61-70
EV06332,60,Male,70653.0,Suburban,49.8,3,Sedan,0,6,Yes,4,Yes,Low,No,51-60
EV06333,49,Female,109402.0,Rural,31.3,2,Hatchback,0,3,Yes,1,Yes,Low,No,41-50
EV06334,25,Female,111154.0,Suburban,5.0,1,Sedan,0,3,Yes,4,No,Low,No,18-30
EV06335,26,Male,73321.0,Urban,57.8,1,Sedan,5,5,No,2,Yes,Low,No,18-30
EV06336,52,Female,65810.0,Suburban,59.3,2,Sedan,4,7,Yes,5,No,Low,No,51-60
EV06337,41,Male,115665.0,Urban,52.7,2,SUV,9,4,No,5,No,Low,Yes,41-50
EV06338,59,Male,93666.0,Suburban,59.2,3,Hatchback,7,9,Yes,4,No,Low,No,51-60
EV06339,63,Male,96315.0,Urban,62.8,3,Sedan,13,17,No,2,Yes,Low,No,61-70
EV06340,26,Male,108298.0,Suburban,57.5,1,Sedan,3,2,Yes,2,No,Low,No,18-30
EV06341,35,Male,30000.0,Rural,52.8,2,Sedan,1,2,Yes,3,No,Low,No,31-40
EV06342,61,Male,102776.0,Suburban,22.1,1,SUV,3,4,Yes,1,No,Low,No,61-70
EV06343,54,Female,119873.0,Urban,44.0,2,SUV,5,16,No,2,No,Low,No,51-60
EV06344,46,Male,49329.0,Suburban,16.5,2,Sedan,2,8,Yes,4,Yes,Low,No,41-50
EV06345,47,Male,105027.0,Suburban,47.1,3,Sedan,6,8,Yes,1,Yes,Low,No,41-50
EV06346,47,Female,30000.0,Suburban,33.8,2,SUV,0,9,Yes,2,Yes,Low,No,41-50
EV06347,48,Male,36282.0,Suburban,47.8,2,Hatchback,6,2,Yes,4,Yes,Low,No,41-50
EV06348,33,Female,96582.0,Suburban,53.3,1,Hatchback,1,9,Yes,3,Yes,Low,No,31-40
EV06349,44,Male,84708.0,Urban,51.7,4,SUV,13,10,No,4,Yes,Low,Yes,41-50
EV06350,63,Female,97259.0,Suburban,46.6,1,SUV,7,6,No,4,Yes,Medium,No,61-70
EV06351,35,Female,115699.0,Urban,37.4,1,SUV,9,5,Yes,1,No,Low,No,31-40
EV06352,64,Male,54009.0,Rural,20.3,1,Sedan,2,3,Yes,3,Yes,Low,No,61-70
EV06353,37,Female,30000.0,Suburban,21.4,2,SUV,0,9,Yes,4,No,Low,No,31-40
EV06354,40,Male,39102.0,Rural,33.5,2,SUV,1,3,Yes,4,No,Low,No,31-40
EV06355,27,Female,90001.0,Urban,73.9,1,Hatchback,3,3,No,2,No,Medium,No,18-30
EV06356,62,Female,120186.0,Urban,29.2,1,SUV,4,12,No,3,No,Low,No,61-70
EV06357,52,Female,116795.0,Rural,28.6,1,Sedan,1,1,Yes,1,Yes,Low,No,51-60
EV06358,62,Male,70342.0,Suburban,40.0,3,Hatchback,4,4,Yes,1,No,Low,No,61-70
EV06359,69,Female,91338.0,Rural,9.5,3,SUV,0,0,Yes,3,Yes,Low,No,61-70
EV06360,28,Female,78455.0,Suburban,59.6,1,Truck,2,1,Yes,3,No,Low,No,18-30
EV06361,36,Male,121962.0,Suburban,5.0,1,Sedan,4,7,Yes,2,No,Low,No,31-40
EV06362,64,Male,103284.0,Urban,37.0,1,SUV,12,13,Yes,5,No,Low,No,61-70
EV06363,67,Female,115445.0,Suburban,29.7,3,SUV,2,7,Yes,3,Yes,Low,No,61-70
EV06364,45,Female,95441.0,Urban,61.9,2,SUV,8,16,No,1,No,Low,No,41-50
EV06365,38,Male,114564.0,Urban,58.4,1,Sedan,6,5,Yes,5,Yes,Low,Yes,31-40
EV06366,42,Female,66017.0,Urban,5.0,2,SUV,3,6,No,3,Yes,Low,No,41-50
EV06367,55,Male,117675.0,Suburban,9.5,1,Hatchback,6,3,Yes,3,Yes,Low,No,51-60
EV06368,43,Female,74987.0,Urban,46.1,1,SUV,4,4,Yes,4,No,Low,No,41-50
EV06369,34,Female,147690.0,Urban,14.1,3,Hatchback,12,11,No,3,No,Low,No,31-40
EV06370,33,Male,82584.0,Suburban,59.0,1,Sedan,2,4,Yes,2,Yes,Low,No,31-40
EV06371,41,Female,70829.0,Urban,35.8,2,SUV,8,16,No,3,No,Low,No,41-50
EV06372,61,Male,30194.0,Urban,33.2,1,Sedan,11,10,Yes,5,Yes,Low,Yes,61-70
EV06373,67,Female,30000.0,Suburban,40.2,1,Sedan,6,2,Yes,4,Yes,Low,No,61-70
EV06374,33,Male,83475.0,Suburban,5.0,2,SUV,4,7,Yes,5,Yes,Low,No,31-40
EV06375,38,Male,74369.0,Urban,69.6,2,Hatchback,7,13,No,4,Yes,Low,No,31-40
EV06376,30,Female,161783.0,Urban,59.5,2,SUV,3,16,Yes,5,No,Low,No,18-30
EV06377,33,Male,74002.0,Suburban,18.4,1,Sedan,5,6,Yes,3,No,Low,No,31-40
EV06378,60,Female,77729.0,Suburban,24.0,1,Sedan,4,6,Yes,3,Yes,Low,No,51-60
EV06379,27,Male,66728.0,Suburban,33.2,4,SUV,2,9,No,2,Yes,Medium,No,18-30
EV06380,55,Other,70174.0,Suburban,53.0,3,Sedan,5,7,Yes,1,Yes,Low,No,51-60
EV06381,44,Male,90205.0,Suburban,71.7,1,Truck,2,1,Yes,1,Yes,Low,No,41-50
EV06382,61,Other,58127.0,Urban,43.8,3,SUV,8,15,Yes,4,No,Low,No,61-70
EV06383,67,Male,30000.0,Suburban,47.8,1,Sedan,2,2,Yes,2,Yes,Low,No,61-70
EV06384,35,Male,145677.0,Suburban,60.5,4,Sedan,0,3,Yes,1,No,Low,No,31-40
EV06385,61,Male,57520.0,Suburban,97.1,1,Hatchback,5,4,Yes,5,Yes,Low,Yes,61-70
EV06386,42,Male,65151.0,Suburban,34.2,1,Hatchback,4,3,Yes,2,Yes,Low,No,41-50
EV06387,40,Female,101985.0,Suburban,40.2,2,SUV,4,6,Yes,1,No,Low,No,31-40
EV06388,36,Male,30000.0,Suburban,56.4,1,Sedan,5,1,Yes,3,No,Low,No,31-40
EV06389,32,Female,30000.0,Suburban,35.3,1,SUV,3,2,Yes,2,Yes,Low,No,31-40
EV06390,30,Male,74981.0,Urban,65.9,1,Truck,9,18,No,4,No,Medium,No,18-30
EV06391,48,Male,120813.0,Rural,35.7,3,Hatchback,1,3,Yes,1,No,Low,No,41-50
EV06392,44,Female,56602.0,Urban,56.3,2,Hatchback,9,6,Yes,1,No,Low,No,41-50
EV06393,28,Male,48892.0,Suburban,41.1,2,SUV,0,6,Yes,3,Yes,Low,No,18-30
EV06394,54,Female,93173.0,Urban,54.9,2,SUV,4,14,Yes,5,Yes,Low,No,51-60
EV06395,40,Male,114644.0,Suburban,64.8,1,Sedan,2,9,Yes,2,Yes,Low,No,31-40
EV06396,65,Female,48981.0,Urban,41.9,2,Hatchback,9,3,No,3,Yes,Low,No,61-70
EV06397,28,Female,62351.0,Suburban,29.5,2,Truck,2,2,Yes,4,No,Low,No,18-30
EV06398,30,Female,61000.0,Urban,22.3,2,Sedan,13,5,No,3,Yes,Low,Yes,18-30
EV06399,66,Male,106110.0,Urban,54.2,2,Truck,12,11,No,4,Yes,Medium,Yes,61-70
EV06400,33,Female,73701.0,Urban,31.9,1,Sedan,10,7,No,5,Yes,Low,Yes,31-40
EV06401,69,Female,82199.0,Suburban,10.0,1,Sedan,3,1,Yes,2,No,Low,No,61-70
EV06402,50,Male,91283.0,Urban,43.9,4,Hatchback,4,4,Yes,3,No,Low,No,41-50
EV06403,32,Male,118034.0,Suburban,57.9,1,SUV,3,3,Yes,1,Yes,Low,No,31-40
EV06404,68,Male,54191.0,Rural,5.0,2,Hatchback,0,3,Yes,1,No,Low,No,61-70
EV06405,54,Male,107609.0,Rural,18.9,1,Truck,0,3,Yes,2,Yes,Low,No,51-60
EV06406,37,Male,40444.0,Rural,23.9,2,Sedan,0,1,Yes,1,Yes,Low,No,31-40
EV06407,46,Male,82790.0,Urban,27.8,1,Sedan,13,4,No,5,Yes,Low,Yes,41-50
EV06408,31,Female,44044.0,Suburban,46.9,3,Truck,6,3,Yes,4,Yes,Low,No,31-40
EV06409,32,Male,86649.0,Urban,91.8,2,Sedan,7,10,No,5,No,Medium,Yes,31-40
EV06410,58,Other,109578.0,Urban,78.1,3,Sedan,3,4,No,5,No,Medium,No,51-60
EV06411,45,Male,121635.0,Urban,66.8,2,Truck,14,17,No,4,Yes,Low,Yes,41-50
EV06412,63,Female,76879.0,Rural,45.4,1,SUV,0,1,Yes,1,Yes,Low,No,61-70
EV06413,49,Female,123419.0,Suburban,79.1,1,SUV,4,8,Yes,4,No,Low,No,41-50
EV06414,68,Female,136276.0,Urban,49.9,4,SUV,3,17,Yes,4,Yes,Low,Yes,61-70
EV06415,54,Female,72342.0,Rural,68.6,2,SUV,1,3,Yes,2,No,Low,No,51-60
EV06416,54,Male,103951.0,Rural,55.2,2,Sedan,1,0,Yes,2,Yes,Low,No,51-60
EV06417,67,Male,40319.0,Suburban,28.0,3,Hatchback,5,7,No,1,Yes,Low,No,61-70
EV06418,27,Male,61732.0,Urban,57.3,2,Sedan,14,13,Yes,1,Yes,Low,No,18-30
EV06419,31,Male,190163.0,Urban,28.6,1,Sedan,14,14,Yes,5,Yes,Low,Yes,31-40
EV06420,32,Female,81452.0,Suburban,56.0,2,Hatchback,3,7,Yes,3,No,Low,No,31-40
EV06421,67,Male,67290.0,Suburban,59.1,1,Sedan,0,7,Yes,4,Yes,Low,No,61-70
EV06422,68,Female,33394.0,Suburban,55.3,1,SUV,7,1,No,2,No,Medium,No,61-70
EV06423,38,Female,89592.0,Urban,11.4,2,Truck,11,3,Yes,5,No,Low,No,31-40
EV06424,61,Female,30000.0,Urban,20.1,2,Sedan,14,14,No,1,Yes,Low,No,61-70
EV06425,48,Female,91824.0,Suburban,43.5,2,SUV,1,9,Yes,4,Yes,Low,Yes,41-50
EV06426,39,Male,86701.0,Urban,41.9,2,SUV,12,15,Yes,2,Yes,Low,No,31-40
EV06427,55,Female,66573.0,Urban,42.7,2,Hatchback,8,7,No,2,No,Low,No,51-60
EV06428,28,Male,81979.0,Suburban,63.4,1,Sedan,7,4,Yes,4,No,Low,No,18-30
EV06429,61,Male,93556.0,Suburban,32.4,1,SUV,4,3,Yes,5,No,Low,No,61-70
EV06430,55,Female,50646.0,Suburban,87.2,1,Hatchback,6,8,Yes,3,Yes,Low,Yes,51-60
EV06431,26,Male,42841.0,Suburban,45.5,3,Truck,1,4,Yes,3,Yes,Low,No,18-30
EV06432,52,Male,83166.0,Suburban,56.4,1,SUV,6,5,Yes,5,No,Low,No,51-60
EV06433,49,Male,30000.0,Urban,5.0,1,SUV,9,13,No,1,Yes,Medium,No,41-50
EV06434,34,Male,102653.0,Urban,60.1,1,Sedan,11,16,Yes,3,Yes,Low,No,31-40
EV06435,59,Male,68552.0,Urban,5.0,2,SUV,3,12,No,5,Yes,Low,Yes,51-60
EV06436,61,Male,192788.0,Rural,12.2,3,Sedan,0,3,Yes,5,Yes,Low,Yes,61-70
EV06437,25,Male,79104.0,Urban,64.9,1,Hatchback,9,7,Yes,2,No,Low,No,18-30
EV06438,45,Male,128062.0,Suburban,91.3,3,Sedan,3,9,Yes,2,Yes,Low,No,41-50
EV06439,67,Female,115026.0,Urban,46.2,1,SUV,6,18,No,5,Yes,Low,Yes,61-70
EV06440,64,Male,113801.0,Urban,14.9,1,Hatchback,14,7,Yes,2,Yes,Low,No,61-70
EV06441,29,Female,114768.0,Urban,61.6,3,Hatchback,5,7,Yes,3,Yes,Low,Yes,18-30
EV06442,62,Female,49588.0,Suburban,52.4,2,SUV,6,1,Yes,3,Yes,Low,No,61-70
EV06443,31,Female,62723.0,Urban,51.0,2,Sedan,2,4,No,4,No,Medium,No,31-40
EV06444,26,Male,58734.0,Rural,47.5,1,Hatchback,1,1,Yes,1,No,Low,No,18-30
EV06445,29,Female,30000.0,Suburban,51.4,3,Sedan,5,9,Yes,5,Yes,Low,Yes,18-30
EV06446,42,Male,147903.0,Suburban,64.5,1,SUV,0,9,Yes,5,Yes,Low,No,41-50
EV06447,59,Male,76233.0,Urban,58.2,2,Sedan,3,4,Yes,4,Yes,Low,No,51-60
EV06448,51,Female,112032.0,Rural,36.3,3,SUV,0,1,No,3,No,Medium,No,51-60
EV06449,48,Male,110411.0,Urban,31.9,2,Sedan,9,7,No,1,No,Low,No,41-50
EV06450,60,Female,79130.0,Urban,76.4,3,SUV,10,16,No,5,Yes,Low,Yes,51-60
EV06451,58,Male,62393.0,Suburban,16.0,2,Sedan,6,9,No,1,Yes,Low,No,51-60
EV06452,41,Male,61726.0,Suburban,57.5,3,SUV,6,9,Yes,3,Yes,Low,No,41-50
EV06453,47,Female,71578.0,Suburban,34.5,4,SUV,2,1,Yes,3,Yes,Low,No,41-50
EV06454,43,Female,138077.0,Urban,40.2,1,Sedan,14,5,No,3,Yes,Medium,No,41-50
EV06455,32,Male,101714.0,Suburban,5.0,2,SUV,6,9,No,5,Yes,Low,No,31-40
EV06456,31,Female,30000.0,Urban,30.8,4,Hatchback,14,18,No,3,Yes,Low,No,31-40
EV06457,55,Male,102331.0,Urban,34.8,2,Sedan,8,5,Yes,3,Yes,Low,No,51-60
EV06458,67,Female,106895.0,Rural,16.0,1,Sedan,1,3,Yes,5,No,Low,No,61-70
EV06459,51,Female,90888.0,Urban,60.2,1,Truck,12,3,No,4,No,Low,No,51-60
EV06460,60,Female,133583.0,Urban,15.6,1,Sedan,2,9,No,1,Yes,Medium,No,51-60
EV06461,56,Female,58772.0,Urban,30.4,2,Truck,2,14,No,4,No,Medium,No,51-60
EV06462,43,Male,82668.0,Urban,44.0,2,Hatchback,10,11,No,4,No,Medium,No,41-50
EV06463,63,Male,80042.0,Rural,68.2,2,Truck,1,1,Yes,2,Yes,Low,No,61-70
EV06464,40,Male,92566.0,Suburban,40.2,1,Sedan,5,9,Yes,3,No,Low,No,31-40
EV06465,65,Male,70990.0,Suburban,79.5,2,Sedan,1,9,Yes,4,Yes,Low,No,61-70
EV06466,26,Male,98415.0,Rural,38.8,2,Sedan,0,1,Yes,5,No,Low,No,18-30
EV06467,47,Male,72263.0,Urban,5.0,1,Truck,11,17,No,4,No,Low,No,41-50
EV06468,49,Female,61055.0,Rural,51.7,2,SUV,0,3,Yes,2,Yes,Low,No,41-50
EV06469,68,Male,131996.0,Suburban,70.0,4,Sedan,1,9,Yes,3,No,Low,No,61-70
EV06470,60,Female,83314.0,Urban,42.3,1,SUV,4,12,No,5,Yes,Low,Yes,51-60
EV06471,32,Female,103532.0,Urban,38.7,1,Sedan,10,8,Yes,1,Yes,Low,No,31-40
EV06472,52,Female,84725.0,Urban,61.4,2,SUV,10,18,No,4,No,Medium,No,51-60
EV06473,41,Female,107464.0,Urban,9.2,1,Sedan,10,17,No,4,Yes,Low,No,41-50
EV06474,63,Male,42829.0,Suburban,47.6,2,SUV,1,8,No,1,Yes,Low,No,61-70
EV06475,54,Male,46234.0,Urban,49.6,2,Hatchback,2,12,No,1,Yes,Medium,No,51-60
EV06476,44,Male,52859.0,Urban,71.5,1,Hatchback,3,15,No,3,Yes,Medium,No,41-50
EV06477,61,Male,73458.0,Rural,116.4,1,SUV,0,3,Yes,3,Yes,Medium,No,61-70
EV06478,38,Male,75912.0,Suburban,42.4,1,SUV,4,8,No,1,No,Low,No,31-40
EV06479,60,Other,135420.0,Suburban,74.8,1,Sedan,7,2,No,1,Yes,High,No,51-60
EV06480,44,Female,46824.0,Suburban,19.4,2,SUV,1,6,No,1,No,Medium,No,41-50
EV06481,54,Female,81648.0,Urban,13.9,1,Sedan,9,18,No,4,No,Low,No,51-60
EV06482,52,Female,71357.0,Suburban,60.0,2,SUV,5,6,Yes,2,No,Low,No,51-60
EV06483,35,Female,80362.0,Rural,33.0,1,SUV,1,0,Yes,1,Yes,Low,No,31-40
EV06484,27,Male,100533.0,Suburban,22.0,2,Sedan,7,5,Yes,5,Yes,Low,Yes,18-30
EV06485,65,Male,84708.0,Suburban,33.3,2,SUV,1,8,Yes,4,No,Low,No,61-70
EV06486,42,Male,85667.0,Rural,74.5,2,Truck,1,2,Yes,3,No,Low,No,41-50
EV06487,35,Female,153628.0,Urban,36.1,3,Hatchback,10,14,No,2,No,Low,No,31-40
EV06488,63,Male,130101.0,Urban,57.3,2,Sedan,6,13,Yes,1,Yes,Low,Yes,61-70
EV06489,44,Female,76086.0,Urban,48.1,3,Truck,11,5,Yes,5,No,Low,No,41-50
EV06490,53,Male,117125.0,Rural,62.5,3,SUV,1,3,Yes,3,Yes,Low,Yes,51-60
EV06491,30,Male,65881.0,Rural,43.1,1,Truck,2,1,Yes,1,Yes,Low,No,18-30
EV06492,50,Female,66321.0,Urban,31.4,3,Sedan,11,3,Yes,2,Yes,Low,No,41-50
EV06493,34,Male,59763.0,Suburban,24.3,1,Truck,6,9,No,1,Yes,Medium,No,31-40
EV06494,48,Male,53321.0,Urban,65.0,1,Truck,3,11,No,1,Yes,Low,No,41-50
EV06495,46,Female,89216.0,Suburban,33.0,1,Truck,2,2,Yes,3,Yes,Medium,No,41-50
EV06496,27,Male,30000.0,Suburban,12.8,2,Sedan,4,3,Yes,1,Yes,Low,No,18-30
EV06497,65,Female,100442.0,Urban,7.9,1,SUV,9,5,Yes,4,Yes,Low,No,61-70
EV06498,58,Male,120448.0,Rural,5.0,3,Sedan,1,0,Yes,2,No,Low,No,51-60
EV06499,53,Female,111111.0,Rural,54.3,2,SUV,2,1,Yes,4,Yes,Low,Yes,51-60
EV06500,68,Male,120903.0,Suburban,66.8,1,SUV,7,7,Yes,1,Yes,Low,No,61-70
EV06501,64,Male,96481.0,Suburban,32.9,1,SUV,4,3,Yes,3,No,Low,No,61-70
EV06502,34,Female,88663.0,Suburban,38.4,1,Sedan,5,1,No,2,Yes,Medium,No,31-40
EV06503,35,Male,31190.0,Suburban,46.2,2,Sedan,4,4,No,1,No,Medium,No,31-40
EV06504,42,Female,30000.0,Urban,15.1,2,Truck,8,10,Yes,4,Yes,Low,Yes,41-50
EV06505,44,Female,85405.0,Urban,82.4,3,Hatchback,13,9,No,4,Yes,Medium,No,41-50
EV06506,42,Male,92494.0,Suburban,8.8,2,SUV,7,3,Yes,5,Yes,Low,Yes,41-50
EV06507,61,Female,158030.0,Urban,58.7,3,SUV,10,10,No,2,Yes,Medium,No,61-70
EV06508,56,Female,132812.0,Urban,15.2,2,Sedan,7,18,Yes,3,Yes,Low,No,51-60
EV06509,33,Male,86595.0,Suburban,18.6,2,Truck,3,8,Yes,1,Yes,Low,No,31-40
EV06510,34,Female,55512.0,Urban,33.3,3,Hatchback,2,19,No,3,Yes,Low,No,31-40
EV06511,54,Male,30000.0,Suburban,47.6,2,Truck,7,9,Yes,5,No,Low,No,51-60
EV06512,67,Female,109594.0,Urban,40.2,3,Sedan,2,18,No,1,Yes,Low,No,61-70
EV06513,65,Female,109194.0,Rural,9.9,2,Sedan,2,1,Yes,4,Yes,Low,Yes,61-70
EV06514,28,Female,90198.0,Rural,40.2,2,Sedan,0,2,Yes,2,No,Low,No,18-30
EV06515,44,Female,138068.0,Suburban,40.2,2,SUV,0,2,Yes,5,No,Low,No,41-50
EV06516,63,Male,30000.0,Suburban,36.5,3,Sedan,4,6,Yes,1,Yes,Low,No,61-70
EV06517,60,Female,31022.0,Urban,31.9,2,SUV,8,3,Yes,3,Yes,Low,No,51-60
EV06518,58,Male,81916.0,Urban,82.9,1,Sedan,3,17,Yes,4,Yes,Low,Yes,51-60
EV06519,25,Female,48589.0,Urban,60.3,2,SUV,5,4,No,4,Yes,Medium,No,18-30
EV06520,67,Male,48836.0,Urban,21.6,1,SUV,14,19,Yes,4,No,Low,No,61-70
EV06521,38,Male,39544.0,Suburban,92.2,1,Hatchback,5,3,Yes,1,Yes,Low,No,31-40
EV06522,38,Male,30000.0,Urban,52.0,2,SUV,11,18,No,5,Yes,Medium,No,31-40
EV06523,46,Male,71119.0,Suburban,43.0,1,Sedan,4,5,Yes,5,No,Low,No,41-50
EV06524,31,Male,48621.0,Urban,39.3,3,SUV,5,13,No,5,Yes,Low,No,31-40
EV06525,38,Male,70485.0,Suburban,89.0,2,Sedan,3,6,No,5,No,Medium,No,31-40
EV06526,52,Female,129898.0,Urban,88.9,2,Sedan,12,15,Yes,4,Yes,Low,No,51-60
EV06527,50,Female,115880.0,Suburban,22.4,1,Sedan,5,1,Yes,1,No,Low,No,41-50
EV06528,59,Female,44046.0,Urban,8.9,3,Hatchback,11,18,No,1,Yes,Low,No,51-60
EV06529,56,Male,30103.0,Urban,22.4,2,Truck,12,13,Yes,3,No,Low,No,51-60
EV06530,65,Male,100468.0,Suburban,63.1,1,SUV,6,9,Yes,4,No,Low,No,61-70
EV06531,60,Female,106419.0,Rural,43.2,2,Sedan,1,0,Yes,2,No,Low,No,51-60
EV06532,27,Male,100974.0,Rural,26.9,2,SUV,0,0,Yes,5,Yes,Low,Yes,18-30
EV06533,33,Female,43954.0,Urban,57.4,4,SUV,2,17,No,1,No,Low,No,31-40
EV06534,51,Male,58607.0,Urban,21.3,2,SUV,14,8,No,1,Yes,Low,No,51-60
EV06535,63,Female,30000.0,Urban,11.8,1,SUV,10,8,Yes,2,Yes,Low,No,61-70
EV06536,67,Male,66605.0,Suburban,53.3,1,SUV,5,6,Yes,3,Yes,Low,No,61-70
EV06537,33,Male,141983.0,Urban,24.8,1,Hatchback,2,7,Yes,5,No,Low,No,31-40
EV06538,34,Male,30000.0,Rural,76.4,1,Sedan,2,2,Yes,2,Yes,Low,No,31-40
EV06539,68,Male,30000.0,Suburban,30.1,1,Sedan,1,8,Yes,2,No,Low,No,61-70
EV06540,66,Male,93723.0,Urban,25.3,1,Sedan,6,10,No,4,No,Low,No,61-70
EV06541,40,Female,102251.0,Urban,40.3,1,Sedan,2,12,No,2,No,Low,No,31-40
EV06542,48,Male,54891.0,Urban,37.4,1,Sedan,9,12,No,2,Yes,Low,No,41-50
EV06543,56,Other,68466.0,Urban,5.0,2,Sedan,12,6,No,4,Yes,Low,Yes,51-60
EV06544,69,Male,111266.0,Urban,12.0,2,Sedan,9,16,Yes,2,Yes,Low,No,61-70
EV06545,32,Male,58658.0,Suburban,45.8,2,Sedan,3,6,Yes,1,Yes,Low,No,31-40
EV06546,45,Male,97831.0,Urban,42.3,2,Sedan,13,18,No,4,Yes,Low,No,41-50
EV06547,40,Female,99103.0,Suburban,5.1,1,Hatchback,0,4,No,4,Yes,Medium,Yes,31-40
EV06548,25,Female,30000.0,Urban,49.7,2,Sedan,2,9,No,3,Yes,Medium,No,18-30
EV06549,51,Male,80820.0,Rural,20.2,2,Sedan,0,0,Yes,2,Yes,Low,No,51-60
EV06550,62,Female,142020.0,Suburban,24.4,2,Hatchback,6,4,No,5,No,Low,No,61-70
EV06551,35,Male,42895.0,Rural,64.1,1,SUV,2,2,Yes,4,Yes,Low,No,31-40
EV06552,47,Female,71027.0,Rural,74.3,1,SUV,1,3,Yes,1,No,Low,No,41-50
EV06553,66,Female,60855.0,Suburban,84.8,1,Sedan,6,9,Yes,2,No,Low,No,61-70
EV06554,43,Male,159120.0,Urban,61.8,2,Sedan,14,13,No,3,Yes,Low,No,41-50
EV06555,35,Female,96749.0,Suburban,21.0,3,Sedan,6,8,Yes,4,Yes,Low,No,31-40
EV06556,25,Male,62712.0,Urban,36.8,3,Sedan,12,14,Yes,1,No,Low,No,18-30
EV06557,38,Male,84708.0,Urban,27.3,3,Sedan,10,14,Yes,5,Yes,Low,Yes,31-40
EV06558,56,Male,120451.0,Suburban,19.9,3,SUV,5,1,Yes,5,No,Low,No,51-60
EV06559,29,Male,134307.0,Urban,40.8,1,Sedan,9,3,No,4,No,Medium,No,18-30
EV06560,31,Male,30000.0,Suburban,23.7,2,SUV,5,3,No,2,No,Medium,No,31-40
EV06561,52,Male,190138.0,Suburban,35.8,1,Sedan,2,6,Yes,5,Yes,Low,Yes,51-60
EV06562,55,Male,93341.0,Urban,55.6,4,Truck,7,5,No,4,Yes,Medium,Yes,51-60
EV06563,32,Male,135660.0,Rural,28.0,2,Sedan,1,1,Yes,3,No,Low,No,31-40
EV06564,52,Male,135431.0,Suburban,57.3,1,SUV,4,8,Yes,1,Yes,Low,Yes,51-60
EV06565,56,Male,131391.0,Urban,39.5,2,SUV,12,19,No,3,Yes,Medium,No,51-60
EV06566,45,Male,77549.0,Urban,41.2,2,SUV,8,17,Yes,2,Yes,Low,No,41-50
EV06567,39,Male,87699.0,Urban,12.2,2,Sedan,11,3,No,3,Yes,Low,No,31-40
EV06568,42,Male,95997.0,Suburban,32.2,4,Sedan,0,2,No,2,Yes,Low,No,41-50
EV06569,55,Female,108457.0,Suburban,6.2,1,SUV,0,8,No,1,No,Medium,No,51-60
EV06570,50,Female,108370.0,Suburban,22.5,1,Sedan,0,6,Yes,2,No,Low,No,41-50
EV06571,62,Female,89666.0,Suburban,18.6,1,Sedan,7,3,Yes,5,Yes,Low,Yes,61-70
EV06572,35,Male,92051.0,Urban,56.8,2,Sedan,14,5,Yes,4,Yes,Low,No,31-40
EV06573,61,Male,117441.0,Urban,57.1,2,Sedan,7,10,No,4,Yes,Medium,Yes,61-70
EV06574,57,Male,125744.0,Urban,21.2,1,SUV,11,12,No,2,Yes,Low,No,51-60
EV06575,44,Male,74087.0,Suburban,81.9,3,Sedan,6,8,No,3,No,Medium,No,41-50
EV06576,43,Male,60555.0,Urban,17.1,3,Sedan,4,10,Yes,3,No,Low,No,41-50
EV06577,54,Male,66971.0,Suburban,15.4,2,Hatchback,1,8,Yes,1,Yes,Low,No,51-60
EV06578,61,Female,144610.0,Rural,70.6,2,Hatchback,1,1,Yes,5,No,Low,Yes,61-70
EV06579,30,Female,75367.0,Suburban,5.0,1,Truck,1,9,Yes,2,No,Low,No,18-30
EV06580,60,Male,91712.0,Suburban,21.3,1,Hatchback,6,2,No,4,Yes,Medium,No,51-60
EV06581,42,Male,104589.0,Suburban,26.5,1,Sedan,3,6,Yes,4,Yes,Low,Yes,41-50
EV06582,44,Female,84789.0,Suburban,65.4,1,Sedan,4,1,Yes,4,Yes,Low,Yes,41-50
EV06583,54,Female,101735.0,Rural,24.4,3,SUV,1,3,Yes,4,Yes,Low,No,51-60
EV06584,63,Male,85321.0,Urban,5.0,2,Hatchback,9,17,Yes,1,Yes,Low,No,61-70
EV06585,45,Other,40127.0,Urban,33.0,3,SUV,3,9,Yes,1,Yes,Low,No,41-50
EV06586,53,Male,92436.0,Suburban,53.7,2,Sedan,5,3,Yes,5,No,Low,No,51-60
EV06587,65,Female,136801.0,Urban,69.4,2,Sedan,14,10,No,3,Yes,Low,Yes,61-70
EV06588,65,Male,81418.0,Suburban,67.6,1,Sedan,5,3,Yes,1,No,Low,No,61-70
EV06589,66,Male,84578.0,Rural,54.4,3,Truck,1,0,Yes,4,No,Low,No,61-70
EV06590,25,Male,43148.0,Urban,46.8,2,Hatchback,2,11,Yes,3,Yes,Low,No,18-30
EV06591,59,Female,74529.0,Suburban,47.0,2,Hatchback,5,6,Yes,3,No,Low,No,51-60
EV06592,61,Female,59080.0,Suburban,50.8,4,Sedan,1,8,No,5,Yes,Medium,No,61-70
EV06593,65,Male,130303.0,Suburban,32.6,4,Sedan,6,1,No,1,Yes,High,No,61-70
EV06594,44,Female,89325.0,Urban,5.0,3,Truck,12,18,No,5,Yes,Low,No,41-50
EV06595,42,Other,102455.0,Suburban,74.2,1,Sedan,6,2,Yes,1,Yes,Low,No,41-50
EV06596,48,Female,59986.0,Suburban,54.5,2,SUV,0,4,No,5,Yes,Medium,No,41-50
EV06597,68,Male,157522.0,Urban,60.4,2,Truck,3,14,No,3,Yes,Medium,No,61-70
EV06598,66,Female,55415.0,Suburban,48.7,2,SUV,0,8,Yes,5,Yes,Low,No,61-70
EV06599,56,Female,83622.0,Urban,36.0,3,Sedan,6,9,Yes,3,No,Low,No,51-60
EV06600,63,Male,95950.0,Urban,34.3,1,SUV,12,8,No,1,No,Low,No,61-70
EV06601,61,Female,63536.0,Urban,23.6,4,Sedan,11,6,Yes,4,No,Low,No,61-70
EV06602,40,Male,52860.0,Urban,78.4,2,Sedan,12,3,Yes,1,No,Low,No,31-40
EV06603,38,Male,66224.0,Suburban,5.0,1,Sedan,3,6,Yes,1,No,Low,No,31-40
EV06604,64,Female,88201.0,Urban,32.5,1,Sedan,2,17,Yes,3,Yes,Low,No,61-70
EV06605,52,Male,77963.0,Suburban,5.0,3,Sedan,1,8,Yes,2,No,Low,No,51-60
EV06606,27,Female,91235.0,Urban,26.7,2,SUV,10,5,No,4,No,High,No,18-30
EV06607,30,Female,69964.0,Suburban,32.7,2,Sedan,0,2,No,4,Yes,High,No,18-30
EV06608,26,Female,78059.0,Urban,31.8,2,SUV,6,12,Yes,3,No,Low,No,18-30
EV06609,60,Male,55192.0,Urban,39.2,2,Hatchback,13,19,No,1,Yes,Low,No,51-60
EV06610,25,Female,67158.0,Urban,52.2,1,SUV,7,17,No,5,No,Low,No,18-30
EV06611,68,Female,93321.0,Urban,62.5,1,SUV,3,17,No,3,No,Low,No,61-70
EV06612,64,Female,30000.0,Urban,67.9,3,Truck,6,12,No,3,Yes,Low,No,61-70
EV06613,26,Male,70759.0,Rural,57.6,2,SUV,0,1,Yes,4,Yes,Low,No,18-30
EV06614,29,Male,62943.0,Urban,29.0,1,Sedan,4,15,No,3,Yes,Low,No,18-30
EV06615,34,Male,50288.0,Urban,12.3,2,SUV,2,7,No,5,Yes,Medium,No,31-40
EV06616,68,Female,141769.0,Urban,19.3,1,Truck,9,19,No,5,Yes,Low,Yes,61-70
EV06617,59,Other,77215.0,Suburban,12.4,2,Sedan,0,1,Yes,2,Yes,Low,No,51-60
EV06618,35,Female,115096.0,Suburban,28.6,2,Sedan,0,8,Yes,3,No,Low,No,31-40
EV06619,52,Male,135703.0,Suburban,28.3,3,SUV,4,3,No,2,No,Medium,No,51-60
EV06620,44,Male,99453.0,Urban,57.4,1,Sedan,7,15,Yes,4,Yes,Low,No,41-50
EV06621,32,Female,90506.0,Urban,5.0,1,SUV,9,3,No,1,Yes,Low,No,31-40
EV06622,34,Female,102779.0,Urban,21.6,2,Truck,5,6,No,5,Yes,Low,Yes,31-40
EV06623,31,Male,88132.0,Urban,20.6,2,Sedan,9,14,No,5,No,Low,No,31-40
EV06624,52,Female,132161.0,Suburban,54.9,2,Hatchback,2,7,Yes,5,No,Low,No,51-60
EV06625,35,Female,70905.0,Suburban,89.8,1,SUV,0,1,Yes,5,Yes,Low,No,31-40
EV06626,41,Female,66496.0,Rural,35.4,3,Sedan,2,3,Yes,4,Yes,Low,No,41-50
EV06627,37,Male,56914.0,Urban,27.2,1,Sedan,5,4,No,3,Yes,Low,Yes,31-40
EV06628,26,Other,131945.0,Urban,41.2,2,Sedan,2,3,No,1,No,High,No,18-30
EV06629,53,Male,168878.0,Urban,5.0,2,Truck,7,3,Yes,3,Yes,Low,Yes,51-60
EV06630,26,Female,75448.0,Urban,104.1,1,Sedan,12,8,No,5,No,Low,No,18-30
EV06631,69,Male,106272.0,Urban,23.1,1,Sedan,7,12,No,3,No,Medium,No,61-70
EV06632,26,Female,130540.0,Urban,26.8,3,Sedan,4,13,Yes,5,No,Low,No,18-30
EV06633,68,Female,119981.0,Urban,46.7,2,Sedan,5,11,Yes,1,Yes,Low,No,61-70
EV06634,69,Male,46087.0,Rural,61.9,1,Hatchback,1,0,Yes,4,No,Low,No,61-70
EV06635,69,Female,121789.0,Urban,51.2,1,Sedan,8,6,Yes,2,No,Low,No,61-70
EV06636,63,Female,31559.0,Urban,23.1,2,Truck,12,6,No,3,No,Low,No,61-70
EV06637,28,Male,111282.0,Urban,67.9,2,Hatchback,14,6,No,5,Yes,Medium,No,18-30
EV06638,58,Female,82725.0,Urban,5.0,1,Hatchback,6,17,No,1,No,Low,No,51-60
EV06639,50,Male,84708.0,Urban,5.0,3,SUV,12,12,Yes,5,No,Low,No,41-50
EV06640,65,Male,87606.0,Urban,46.5,3,Sedan,3,16,No,2,Yes,Low,No,61-70
EV06641,69,Female,42515.0,Rural,60.9,3,Sedan,2,3,Yes,5,No,Low,No,61-70
EV06642,62,Female,58683.0,Suburban,29.1,1,Hatchback,6,2,Yes,1,Yes,Low,No,61-70
EV06643,63,Male,139945.0,Rural,24.5,1,Sedan,2,2,Yes,4,No,Low,No,61-70
EV06644,34,Male,30000.0,Rural,11.2,1,SUV,1,0,Yes,3,No,Low,No,31-40
EV06645,57,Male,56825.0,Urban,40.2,2,Sedan,14,15,Yes,1,Yes,Low,No,51-60
EV06646,60,Male,60417.0,Urban,40.4,2,Sedan,5,6,No,4,Yes,Medium,No,51-60
EV06647,62,Male,69910.0,Urban,76.2,1,Sedan,8,12,No,5,No,Low,No,61-70
EV06648,39,Female,146966.0,Suburban,64.9,3,Hatchback,3,3,No,3,Yes,Medium,Yes,31-40
EV06649,56,Male,45087.0,Urban,64.8,1,SUV,13,18,No,3,No,Low,No,51-60
EV06650,66,Male,92880.0,Urban,17.1,1,SUV,2,19,No,3,Yes,Low,Yes,61-70
EV06651,57,Male,84510.0,Urban,68.9,2,SUV,7,3,No,5,Yes,Low,No,51-60
EV06652,57,Female,156980.0,Rural,21.0,1,Hatchback,1,2,Yes,2,Yes,Low,No,51-60
EV06653,55,Male,113141.0,Urban,81.8,2,Truck,11,12,No,4,No,Medium,No,51-60
EV06654,39,Male,111714.0,Suburban,54.4,2,Sedan,5,7,No,5,No,Medium,No,31-40
EV06655,36,Male,149673.0,Rural,8.8,2,Sedan,2,2,Yes,5,No,Low,No,31-40
EV06656,48,Male,77269.0,Urban,53.7,1,Sedan,5,9,No,3,No,Medium,No,41-50
EV06657,26,Male,60604.0,Suburban,38.0,2,Sedan,3,4,Yes,4,No,Low,No,18-30
EV06658,43,Male,83066.0,Urban,51.4,1,SUV,11,15,Yes,4,No,Low,No,41-50
EV06659,37,Male,123397.0,Urban,72.9,1,SUV,7,18,Yes,3,Yes,Low,No,31-40
EV06660,63,Male,91189.0,Suburban,12.7,1,SUV,1,5,Yes,2,Yes,Low,No,61-70
EV06661,34,Male,122473.0,Rural,46.2,2,SUV,0,2,Yes,2,No,Low,No,31-40
EV06662,54,Male,146935.0,Suburban,32.4,2,Sedan,6,8,Yes,3,Yes,Low,No,51-60
EV06663,41,Female,88995.0,Urban,30.3,4,Sedan,12,15,Yes,3,No,Low,No,41-50
EV06664,64,Female,120748.0,Urban,34.0,3,Hatchback,2,7,Yes,3,Yes,Low,Yes,61-70
EV06665,25,Female,104573.0,Suburban,10.5,1,Sedan,3,5,Yes,3,No,Low,No,18-30
EV06666,64,Female,102678.0,Urban,5.0,2,Sedan,12,12,Yes,3,No,Low,No,61-70
EV06667,46,Female,101981.0,Urban,68.5,4,SUV,2,18,Yes,2,Yes,Low,No,41-50
EV06668,26,Male,101130.0,Urban,17.7,2,Sedan,2,8,Yes,3,Yes,Low,No,18-30
EV06669,43,Male,55109.0,Suburban,76.8,1,SUV,3,3,Yes,5,Yes,Low,No,41-50
EV06670,64,Male,117350.0,Urban,44.4,2,Sedan,11,4,No,4,Yes,Medium,Yes,61-70
EV06671,35,Female,84962.0,Suburban,36.9,1,SUV,1,6,Yes,4,Yes,Low,No,31-40
EV06672,52,Male,149841.0,Rural,74.0,2,Truck,2,3,Yes,4,No,Low,No,51-60
EV06673,64,Male,41477.0,Urban,17.6,1,Hatchback,11,3,Yes,1,No,Low,No,61-70
EV06674,60,Female,75790.0,Urban,53.3,2,Truck,6,7,No,2,Yes,Low,No,51-60
EV06675,40,Male,123035.0,Urban,37.6,1,SUV,5,4,No,3,Yes,Medium,Yes,31-40
EV06676,65,Male,116025.0,Suburban,20.1,2,Sedan,3,9,Yes,2,No,Low,No,61-70
EV06677,44,Male,30000.0,Urban,33.2,1,SUV,8,15,No,5,Yes,Medium,No,41-50
EV06678,51,Male,67598.0,Suburban,36.3,1,SUV,1,8,Yes,5,Yes,Low,No,51-60
EV06679,31,Male,84708.0,Suburban,56.7,2,Sedan,1,5,Yes,1,No,Low,No,31-40
EV06680,34,Female,40963.0,Rural,37.1,4,Hatchback,1,2,Yes,5,Yes,Low,Yes,31-40
EV06681,38,Male,30000.0,Urban,49.2,3,Sedan,11,9,Yes,1,No,Low,No,31-40
EV06682,38,Female,58810.0,Suburban,21.9,2,SUV,5,6,Yes,4,Yes,Low,No,31-40
EV06683,38,Female,149716.0,Urban,44.6,2,Truck,11,18,No,3,Yes,Low,Yes,31-40
EV06684,60,Male,53114.0,Suburban,15.8,1,Sedan,1,8,No,4,Yes,Low,No,51-60
EV06685,56,Other,128626.0,Urban,82.1,1,Hatchback,5,16,Yes,1,No,Low,No,51-60
EV06686,29,Female,93478.0,Suburban,40.2,1,SUV,7,7,Yes,1,Yes,Low,No,18-30
EV06687,60,Male,73577.0,Suburban,45.9,1,SUV,5,7,Yes,3,No,Low,No,51-60
EV06688,60,Female,67470.0,Urban,58.5,2,Sedan,10,16,Yes,4,Yes,Low,No,51-60
EV06689,43,Female,72454.0,Suburban,67.7,1,Hatchback,1,4,Yes,1,Yes,Low,No,41-50
EV06690,27,Female,150632.0,Rural,16.6,1,SUV,1,3,Yes,4,No,Low,No,18-30
EV06691,39,Female,120863.0,Suburban,82.9,1,SUV,1,1,Yes,3,Yes,Low,Yes,31-40
EV06692,25,Male,95523.0,Suburban,9.2,2,Sedan,0,6,Yes,5,Yes,Low,No,18-30
EV06693,50,Male,130275.0,Suburban,81.2,2,Sedan,5,4,No,3,No,Medium,No,41-50
EV06694,34,Male,65331.0,Urban,63.3,2,SUV,9,11,No,1,Yes,Low,No,31-40
EV06695,59,Female,30000.0,Urban,35.8,1,Sedan,13,8,No,4,No,Medium,No,51-60
EV06696,50,Male,94363.0,Urban,62.6,1,Sedan,6,9,No,3,No,Low,No,41-50
EV06697,34,Female,116204.0,Suburban,26.2,2,Hatchback,6,6,Yes,5,No,Low,Yes,31-40
EV06698,59,Male,30000.0,Urban,72.1,2,Hatchback,5,3,Yes,2,Yes,Low,No,51-60
EV06699,63,Other,126983.0,Rural,5.2,2,SUV,0,2,Yes,5,Yes,Low,Yes,61-70
EV06700,50,Female,113668.0,Urban,15.1,1,Sedan,4,15,Yes,4,No,Low,No,41-50
EV06701,35,Male,140855.0,Rural,32.1,2,Sedan,0,1,Yes,1,Yes,Low,No,31-40
EV06702,61,Female,67111.0,Rural,35.1,2,Sedan,2,2,Yes,5,Yes,Low,Yes,61-70
EV06703,50,Female,138950.0,Urban,54.1,1,Sedan,2,8,No,1,No,Medium,No,41-50
EV06704,36,Female,81382.0,Rural,40.2,2,Truck,2,0,Yes,3,Yes,Low,No,31-40
EV06705,47,Male,152552.0,Rural,5.0,1,Sedan,1,1,Yes,1,No,Low,No,41-50
EV06706,54,Male,72147.0,Urban,45.0,2,SUV,5,14,No,3,No,Low,No,51-60
EV06707,51,Female,81007.0,Urban,74.0,3,Hatchback,7,7,Yes,1,Yes,Low,No,51-60
EV06708,61,Female,30000.0,Suburban,82.3,1,Sedan,0,3,Yes,1,Yes,Low,No,61-70
EV06709,27,Male,83175.0,Urban,20.2,1,SUV,8,8,Yes,3,No,Low,No,18-30
EV06710,58,Male,84949.0,Suburban,5.0,1,SUV,4,5,Yes,4,No,Low,No,51-60
EV06711,52,Other,94888.0,Suburban,23.9,1,Truck,4,1,Yes,4,No,Low,No,51-60
EV06712,45,Female,95917.0,Suburban,29.1,1,Sedan,2,1,Yes,3,Yes,Low,No,41-50
EV06713,26,Female,37445.0,Urban,53.0,4,Sedan,9,17,No,4,Yes,Low,No,18-30
EV06714,59,Female,77781.0,Suburban,58.2,1,Sedan,5,2,Yes,2,Yes,Low,No,51-60
EV06715,44,Male,103724.0,Urban,7.0,1,Sedan,2,9,No,3,No,Low,No,41-50
EV06716,33,Male,119534.0,Urban,36.3,2,SUV,13,8,Yes,3,Yes,Low,Yes,31-40
EV06717,36,Female,30000.0,Urban,37.5,2,Sedan,4,16,No,5,Yes,Low,Yes,31-40
EV06718,41,Female,86836.0,Suburban,36.5,1,Sedan,6,5,Yes,5,No,Low,No,41-50
EV06719,60,Male,47412.0,Suburban,25.4,2,Sedan,4,9,Yes,2,Yes,Low,No,51-60
EV06720,46,Male,105580.0,Suburban,40.2,3,Sedan,0,3,Yes,1,No,Low,No,41-50
EV06721,36,Female,108462.0,Suburban,54.1,2,SUV,5,3,Yes,4,Yes,Low,No,31-40
EV06722,25,Male,59461.0,Suburban,87.5,1,SUV,0,3,Yes,5,Yes,Low,Yes,18-30
EV06723,38,Female,66535.0,Suburban,8.8,3,Sedan,2,4,No,1,Yes,Medium,No,31-40
EV06724,30,Male,51655.0,Urban,30.1,2,Sedan,10,10,No,2,No,Low,No,18-30
EV06725,43,Male,107384.0,Rural,29.0,3,Sedan,2,2,Yes,4,No,Low,No,41-50
EV06726,67,Female,114031.0,Urban,32.5,1,Sedan,6,16,No,3,Yes,Low,Yes,61-70
EV06727,36,Female,88644.0,Urban,5.0,1,Sedan,10,4,No,4,Yes,Low,No,31-40
EV06728,56,Female,77379.0,Suburban,41.2,2,SUV,1,5,No,4,No,Medium,No,51-60
EV06729,68,Male,148894.0,Suburban,104.8,3,SUV,6,3,Yes,4,Yes,Low,No,61-70
EV06730,31,Female,112725.0,Urban,47.3,1,Sedan,9,18,Yes,2,Yes,Low,No,31-40
EV06731,63,Female,106933.0,Suburban,52.2,1,Hatchback,4,4,Yes,5,No,Low,No,61-70
EV06732,46,Female,86153.0,Rural,5.0,1,Sedan,0,2,Yes,1,Yes,Low,No,41-50
EV06733,33,Male,110473.0,Suburban,53.7,1,Sedan,6,1,Yes,3,Yes,Low,Yes,31-40
EV06734,45,Female,35176.0,Urban,47.0,2,Sedan,4,10,No,3,No,Low,No,41-50
EV06735,53,Male,89564.0,Urban,8.5,1,Sedan,7,17,No,1,Yes,Low,No,51-60
EV06736,29,Female,65800.0,Suburban,66.9,3,Sedan,7,7,No,2,Yes,Medium,No,18-30
EV06737,57,Female,120156.0,Suburban,48.1,3,Sedan,7,1,Yes,2,Yes,Low,No,51-60
EV06738,61,Male,54247.0,Suburban,28.6,2,Sedan,0,8,Yes,1,No,Low,No,61-70
EV06739,38,Male,101369.0,Suburban,57.2,1,Sedan,2,1,Yes,1,Yes,Low,No,31-40
EV06740,46,Female,30000.0,Rural,23.4,1,Hatchback,2,2,Yes,5,Yes,Low,No,41-50
EV06741,55,Male,62769.0,Urban,5.0,1,SUV,5,18,Yes,4,No,Low,No,51-60
EV06742,50,Female,93303.0,Rural,116.7,1,SUV,0,1,No,2,Yes,High,No,41-50
EV06743,45,Female,43153.0,Suburban,58.7,1,Hatchback,7,6,Yes,3,No,Low,No,41-50
EV06744,52,Female,123303.0,Rural,41.7,3,Truck,1,1,Yes,4,No,Low,Yes,51-60
EV06745,36,Male,103161.0,Urban,71.3,3,Hatchback,7,16,No,2,Yes,Medium,No,31-40
EV06746,60,Female,99032.0,Rural,67.7,3,Sedan,2,2,Yes,2,Yes,Low,No,51-60
EV06747,60,Female,70897.0,Suburban,37.4,2,SUV,5,2,Yes,2,Yes,Low,No,51-60
EV06748,51,Female,94670.0,Urban,14.4,2,Truck,2,6,Yes,5,No,Low,No,51-60
EV06749,33,Female,30000.0,Rural,5.0,1,Hatchback,1,0,Yes,1,No,Low,No,31-40
EV06750,40,Female,120446.0,Urban,87.4,2,Sedan,12,10,No,2,Yes,Low,No,31-40
EV06751,50,Male,79736.0,Suburban,43.4,2,Truck,1,3,No,5,No,Medium,No,41-50
EV06752,39,Female,99297.0,Urban,53.0,4,Sedan,3,10,Yes,2,No,Low,No,31-40
EV06753,35,Female,140698.0,Urban,5.4,2,Sedan,13,16,No,2,Yes,Low,No,31-40
EV06754,48,Female,60984.0,Urban,56.6,3,SUV,8,15,No,3,No,Low,No,41-50
EV06755,29,Other,106516.0,Suburban,39.7,3,Sedan,0,4,No,3,Yes,Medium,No,18-30
EV06756,30,Male,138598.0,Urban,23.1,2,Sedan,13,13,No,5,No,Low,No,18-30
EV06757,41,Male,48214.0,Urban,20.6,1,Truck,4,12,Yes,3,No,Low,No,41-50
EV06758,55,Male,80042.0,Suburban,7.2,2,Sedan,0,1,No,1,Yes,High,No,51-60
EV06759,56,Male,32273.0,Suburban,55.7,1,Sedan,2,5,Yes,5,Yes,Low,Yes,51-60
EV06760,34,Female,146184.0,Urban,84.1,1,SUV,9,18,Yes,2,Yes,Low,No,31-40
EV06761,59,Female,94338.0,Urban,47.9,2,Sedan,3,16,No,3,No,Low,No,51-60
EV06762,60,Male,79868.0,Urban,65.5,2,Truck,7,9,Yes,1,No,Low,No,51-60
EV06763,47,Female,121802.0,Rural,25.3,3,Sedan,0,2,Yes,4,No,Low,Yes,41-50
EV06764,60,Female,90173.0,Suburban,53.5,1,Hatchback,1,8,Yes,3,Yes,Low,No,51-60
EV06765,28,Female,79472.0,Suburban,56.0,1,Sedan,5,9,Yes,4,Yes,Low,Yes,18-30
EV06766,64,Male,78998.0,Rural,38.0,2,SUV,1,1,Yes,3,Yes,Low,Yes,61-70
EV06767,55,Female,92259.0,Rural,29.8,1,SUV,1,1,No,2,Yes,Medium,No,51-60
EV06768,47,Female,90912.0,Urban,20.7,2,Hatchback,5,14,No,3,Yes,Low,No,41-50
EV06769,63,Male,109001.0,Urban,31.4,1,Hatchback,4,8,Yes,1,Yes,Low,No,61-70
EV06770,34,Male,37082.0,Urban,38.8,1,Sedan,6,19,Yes,3,No,Low,No,31-40
EV06771,27,Male,105917.0,Suburban,30.0,3,Hatchback,7,6,Yes,4,Yes,Low,No,18-30
EV06772,40,Male,43739.0,Suburban,50.2,1,SUV,6,4,Yes,1,Yes,Low,No,31-40
EV06773,33,Male,131655.0,Rural,52.8,1,SUV,2,3,Yes,5,Yes,Low,Yes,31-40
EV06774,67,Female,77147.0,Urban,71.3,2,Sedan,12,6,No,2,Yes,Low,No,61-70
EV06775,39,Female,50626.0,Suburban,55.9,1,SUV,4,6,Yes,2,Yes,Low,No,31-40
EV06776,62,Female,114166.0,Suburban,74.3,3,Sedan,3,7,Yes,3,Yes,Low,No,61-70
EV06777,26,Female,136151.0,Urban,41.5,2,Sedan,13,6,No,5,No,Low,No,18-30
EV06778,68,Female,112979.0,Suburban,16.9,1,SUV,6,6,Yes,3,No,Low,No,61-70
EV06779,69,Male,116449.0,Urban,5.0,1,Sedan,11,13,No,2,No,Low,No,61-70
EV06780,42,Male,84225.0,Urban,21.2,1,Hatchback,6,17,Yes,5,No,Low,No,41-50
EV06781,67,Other,69401.0,Suburban,37.0,1,Truck,0,2,Yes,3,Yes,Low,No,61-70
EV06782,46,Female,58767.0,Urban,39.7,2,Truck,3,4,No,2,No,Medium,No,41-50
EV06783,46,Female,99283.0,Rural,49.4,2,Truck,2,1,Yes,5,Yes,Low,No,41-50
EV06784,53,Female,93598.0,Urban,69.8,1,Truck,7,14,No,3,Yes,Medium,No,51-60
EV06785,31,Male,113219.0,Urban,30.7,1,Sedan,11,18,Yes,3,Yes,Low,No,31-40
EV06786,45,Female,101844.0,Rural,67.3,1,SUV,1,2,Yes,2,No,Low,No,41-50
EV06787,69,Female,45268.0,Urban,42.2,2,Sedan,6,17,No,1,Yes,Low,No,61-70
EV06788,25,Male,74234.0,Urban,20.0,3,SUV,2,9,No,2,Yes,Low,No,18-30
EV06789,45,Male,116370.0,Suburban,23.3,1,Sedan,0,1,Yes,3,Yes,Low,No,41-50
EV06790,61,Male,105032.0,Urban,16.9,1,Sedan,13,17,No,4,No,Low,No,61-70
EV06791,44,Male,83485.0,Urban,76.4,1,Sedan,12,12,No,5,Yes,Medium,No,41-50
EV06792,47,Female,87722.0,Urban,5.0,1,Truck,5,6,Yes,3,Yes,Low,No,41-50
EV06793,46,Male,85514.0,Suburban,81.1,1,SUV,6,7,Yes,2,Yes,Low,No,41-50
EV06794,25,Female,103694.0,Suburban,59.9,2,Sedan,6,1,Yes,3,No,Low,No,18-30
EV06795,29,Female,129157.0,Urban,67.0,2,Truck,3,3,No,4,No,Medium,No,18-30
EV06796,54,Female,126575.0,Urban,31.5,1,Sedan,4,5,Yes,4,Yes,Low,Yes,51-60
EV06797,41,Male,124357.0,Urban,28.9,2,Hatchback,8,8,Yes,2,Yes,Low,No,41-50
EV06798,32,Male,56881.0,Rural,34.4,2,Sedan,1,2,Yes,4,No,Low,No,31-40
EV06799,34,Female,117488.0,Suburban,34.9,1,Sedan,3,3,Yes,4,No,Low,No,31-40
EV06800,66,Male,92384.0,Suburban,72.7,1,SUV,7,6,Yes,5,No,Low,No,61-70
EV06801,69,Male,40122.0,Rural,37.8,2,Hatchback,0,1,Yes,1,No,Low,No,61-70
EV06802,42,Female,84708.0,Rural,34.3,2,Sedan,2,2,Yes,1,Yes,Low,No,41-50
EV06803,57,Female,89327.0,Urban,50.5,2,Hatchback,11,18,No,3,Yes,Low,No,51-60
EV06804,45,Female,39678.0,Urban,66.0,4,Sedan,12,11,No,1,No,Medium,No,41-50
EV06805,29,Male,34315.0,Suburban,79.5,2,Sedan,0,9,Yes,3,Yes,Low,No,18-30
EV06806,27,Other,30000.0,Urban,24.9,1,SUV,12,9,No,3,Yes,Low,Yes,18-30
EV06807,25,Male,64187.0,Urban,36.8,2,Sedan,11,14,No,3,Yes,Low,No,18-30
EV06808,44,Male,87682.0,Urban,27.4,1,Hatchback,4,9,Yes,3,Yes,Low,No,41-50
EV06809,62,Female,88278.0,Urban,16.2,2,SUV,6,14,No,4,Yes,Low,Yes,61-70
EV06810,56,Male,60389.0,Urban,30.1,1,Sedan,12,15,Yes,1,No,Low,No,51-60
EV06811,52,Male,65080.0,Urban,30.8,2,SUV,9,14,Yes,3,No,Low,No,51-60
EV06812,66,Male,179279.0,Rural,98.3,3,SUV,0,2,No,4,Yes,High,No,61-70
EV06813,37,Male,149878.0,Suburban,39.4,2,Sedan,5,7,Yes,5,No,Low,No,31-40
EV06814,61,Female,101392.0,Suburban,32.4,1,Sedan,3,1,Yes,1,Yes,Low,No,61-70
EV06815,53,Male,30000.0,Urban,50.5,1,Sedan,10,5,No,5,Yes,Medium,No,51-60
EV06816,53,Male,76347.0,Urban,40.8,4,Truck,2,3,No,2,No,Low,No,51-60
EV06817,40,Male,53837.0,Suburban,47.0,2,Sedan,5,3,No,3,No,Medium,No,31-40
EV06818,27,Male,61716.0,Rural,38.4,2,Hatchback,1,2,Yes,5,No,Low,No,18-30
EV06819,65,Male,149075.0,Urban,83.9,2,SUV,7,12,No,3,Yes,Low,No,61-70
EV06820,61,Female,95938.0,Urban,66.3,1,Sedan,7,17,No,2,Yes,Low,No,61-70
EV06821,57,Male,33662.0,Suburban,67.6,2,Sedan,2,6,No,1,Yes,High,No,51-60
EV06822,63,Male,77575.0,Urban,35.4,2,Sedan,13,13,Yes,5,Yes,Low,Yes,61-70
EV06823,41,Female,114071.0,Urban,59.2,2,Truck,9,17,No,2,Yes,Low,No,41-50
EV06824,25,Male,84708.0,Urban,45.1,3,SUV,14,13,Yes,5,Yes,Low,Yes,18-30
EV06825,32,Male,96544.0,Suburban,57.8,2,Sedan,4,5,Yes,5,Yes,Low,Yes,31-40
EV06826,33,Female,95918.0,Urban,69.0,3,SUV,6,12,No,5,Yes,Medium,No,31-40
EV06827,62,Male,61989.0,Rural,8.1,3,Sedan,1,1,Yes,4,No,Low,No,61-70
EV06828,52,Male,117246.0,Urban,33.9,1,SUV,14,17,No,2,Yes,Low,No,51-60
EV06829,41,Male,88364.0,Urban,46.9,1,SUV,6,13,Yes,2,No,Low,No,41-50
EV06830,60,Female,147298.0,Rural,60.1,2,Hatchback,0,2,Yes,3,Yes,Low,No,51-60
EV06831,58,Female,108500.0,Suburban,49.5,4,Sedan,4,9,Yes,4,Yes,Low,No,51-60
EV06832,36,Male,77795.0,Suburban,41.3,1,SUV,6,5,Yes,3,Yes,Low,No,31-40
EV06833,55,Male,67597.0,Urban,74.9,2,Sedan,9,3,No,1,Yes,Medium,No,51-60
EV06834,32,Male,113842.0,Suburban,66.1,1,Truck,3,7,Yes,1,Yes,Low,No,31-40
EV06835,53,Female,74891.0,Suburban,73.5,1,SUV,3,7,Yes,5,No,Low,No,51-60
EV06836,48,Male,88071.0,Urban,27.0,2,SUV,13,11,No,3,No,Low,No,41-50
EV06837,63,Female,54068.0,Suburban,57.9,2,Sedan,5,3,Yes,4,Yes,Low,No,61-70
EV06838,27,Male,122105.0,Suburban,41.2,4,Truck,3,1,Yes,1,Yes,Low,No,18-30
EV06839,62,Female,30000.0,Suburban,80.7,3,SUV,1,8,Yes,3,No,Low,No,61-70
EV06840,37,Male,67966.0,Rural,30.1,1,SUV,0,1,Yes,5,Yes,Low,No,31-40
EV06841,64,Female,30000.0,Suburban,12.3,3,Sedan,3,6,Yes,2,Yes,Low,No,61-70
EV06842,26,Female,172928.0,Suburban,5.0,3,Truck,3,4,Yes,3,Yes,Low,No,18-30
EV06843,36,Female,30000.0,Suburban,10.9,1,Sedan,7,5,Yes,4,Yes,Low,No,31-40
EV06844,25,Male,102773.0,Urban,47.5,1,SUV,14,7,No,1,No,Low,No,18-30
EV06845,34,Male,80477.0,Urban,5.0,4,Sedan,12,11,No,1,Yes,Low,No,31-40
EV06846,43,Male,110494.0,Suburban,32.0,2,Hatchback,5,1,Yes,1,No,Low,No,41-50
EV06847,53,Male,73168.0,Suburban,46.6,2,Hatchback,6,8,Yes,3,No,Low,No,51-60
EV06848,66,Male,112725.0,Suburban,13.9,2,Truck,5,1,Yes,3,Yes,Low,Yes,61-70
EV06849,25,Male,62402.0,Rural,28.7,1,SUV,2,0,Yes,3,Yes,Low,No,18-30
EV06850,35,Female,59025.0,Rural,60.7,1,SUV,0,1,Yes,2,No,Low,No,31-40
EV06851,66,Female,30000.0,Suburban,36.1,2,Sedan,2,3,Yes,3,Yes,Low,No,61-70
EV06852,39,Male,80294.0,Rural,93.6,1,SUV,0,3,Yes,3,Yes,Low,No,31-40
EV06853,35,Other,96167.0,Urban,32.3,2,Sedan,10,10,No,3,Yes,Low,No,31-40
EV06854,46,Male,47352.0,Urban,39.7,2,SUV,6,3,No,3,No,Low,No,41-50
EV06855,55,Female,67276.0,Rural,44.0,1,Sedan,1,3,Yes,2,Yes,Low,Yes,51-60
EV06856,30,Female,86153.0,Urban,57.0,2,Truck,4,7,No,2,Yes,Low,No,18-30
EV06857,58,Male,125619.0,Suburban,8.5,1,SUV,6,9,No,2,No,Low,No,51-60
EV06858,32,Male,55408.0,Suburban,50.3,1,Truck,6,4,Yes,3,Yes,Low,No,31-40
EV06859,26,Male,68471.0,Urban,5.0,3,Sedan,10,6,No,5,Yes,Low,Yes,18-30
EV06860,66,Male,54475.0,Suburban,77.4,2,SUV,4,5,Yes,2,Yes,Low,No,61-70
EV06861,52,Female,30000.0,Rural,46.8,2,SUV,0,3,Yes,3,Yes,Low,No,51-60
EV06862,41,Male,143737.0,Urban,85.7,1,SUV,6,19,Yes,2,No,Low,No,41-50
EV06863,68,Female,114972.0,Suburban,52.1,1,Sedan,0,3,Yes,5,No,Low,No,61-70
EV06864,32,Female,66709.0,Suburban,46.6,1,Hatchback,0,6,Yes,2,No,Low,No,31-40
EV06865,28,Female,67541.0,Urban,26.2,3,Sedan,9,17,No,4,Yes,Low,Yes,18-30
EV06866,57,Male,45754.0,Suburban,54.4,1,Hatchback,0,2,Yes,2,No,Low,No,51-60
EV06867,44,Female,46004.0,Urban,64.8,4,Sedan,8,9,No,1,Yes,Low,No,41-50
EV06868,65,Female,76193.0,Rural,41.0,1,Sedan,1,0,Yes,4,No,Medium,No,61-70
EV06869,68,Male,58878.0,Suburban,37.7,2,SUV,4,8,No,4,Yes,Medium,No,61-70
EV06870,33,Male,30000.0,Suburban,48.8,1,SUV,4,2,Yes,5,No,Low,No,31-40
EV06871,30,Female,90617.0,Suburban,46.7,1,SUV,4,5,Yes,2,No,Low,No,18-30
EV06872,65,Female,63044.0,Urban,16.7,3,Truck,7,12,No,2,Yes,Medium,No,61-70
EV06873,62,Male,75797.0,Suburban,56.6,1,Hatchback,1,3,Yes,2,No,Medium,No,61-70
EV06874,32,Male,79401.0,Urban,15.8,2,Sedan,12,4,Yes,1,No,Low,No,31-40
EV06875,28,Male,79660.0,Rural,18.9,1,SUV,2,3,Yes,3,Yes,Low,No,18-30
EV06876,44,Other,63443.0,Urban,52.2,2,SUV,7,13,Yes,5,Yes,Low,No,41-50
EV06877,34,Female,82106.0,Urban,5.0,2,SUV,12,19,Yes,4,Yes,Low,No,31-40
EV06878,41,Female,57641.0,Suburban,24.1,4,SUV,6,2,Yes,4,No,Low,No,41-50
EV06879,45,Male,30287.0,Urban,50.9,3,SUV,3,16,Yes,2,Yes,Low,No,41-50
EV06880,42,Male,68207.0,Rural,27.7,2,Sedan,0,0,Yes,4,No,Low,No,41-50
EV06881,61,Male,37392.0,Urban,58.9,1,SUV,4,12,Yes,3,Yes,Low,No,61-70
EV06882,45,Male,89148.0,Urban,50.7,1,Sedan,8,12,No,5,Yes,Low,No,41-50
EV06883,61,Female,70332.0,Suburban,39.1,2,Hatchback,1,6,Yes,2,No,Low,No,61-70
EV06884,50,Male,30000.0,Urban,52.5,3,SUV,4,19,No,4,No,Low,No,41-50
EV06885,66,Male,30000.0,Urban,85.6,1,Hatchback,10,18,No,2,No,High,No,61-70
EV06886,31,Male,106643.0,Suburban,47.5,4,Sedan,4,5,Yes,1,Yes,Low,No,31-40
EV06887,25,Male,76013.0,Suburban,69.0,2,SUV,6,8,Yes,2,Yes,Low,No,18-30
EV06888,41,Male,52905.0,Urban,43.8,2,Sedan,10,6,No,2,No,Medium,No,41-50
EV06889,63,Male,60440.0,Urban,16.5,2,Sedan,6,5,No,3,Yes,Low,No,61-70
EV06890,44,Female,35425.0,Rural,17.4,3,SUV,1,1,Yes,5,No,Low,No,41-50
EV06891,47,Male,59330.0,Urban,64.6,3,Hatchback,13,6,No,1,No,Medium,No,41-50
EV06892,42,Male,77044.0,Rural,13.4,1,Truck,1,1,Yes,4,No,Low,No,41-50
EV06893,30,Female,111630.0,Rural,29.1,4,Hatchback,1,3,Yes,4,No,Low,No,18-30
EV06894,26,Female,77181.0,Urban,50.9,3,SUV,4,11,Yes,1,No,Low,No,18-30
EV06895,38,Female,97655.0,Rural,13.5,2,SUV,0,1,Yes,2,Yes,Low,No,31-40
EV06896,29,Male,30000.0,Urban,64.4,1,SUV,14,13,Yes,3,Yes,Low,No,18-30
EV06897,50,Male,102330.0,Suburban,76.6,1,Sedan,4,2,Yes,4,No,Low,No,41-50
EV06898,68,Male,82806.0,Urban,40.3,1,Sedan,12,19,No,1,Yes,Low,No,61-70
EV06899,35,Other,87377.0,Urban,50.3,3,Sedan,5,4,No,1,No,Low,No,31-40
EV06900,36,Male,66170.0,Urban,57.2,3,Hatchback,5,16,No,3,No,Low,No,31-40
EV06901,50,Male,85041.0,Rural,30.1,3,Sedan,2,1,Yes,4,Yes,Low,Yes,41-50
EV06902,40,Male,70170.0,Urban,65.4,3,SUV,11,12,No,4,No,Low,No,31-40
EV06903,50,Female,63241.0,Urban,5.0,1,Sedan,12,16,No,2,Yes,Low,No,41-50
EV06904,41,Male,134239.0,Rural,63.2,2,Sedan,2,2,Yes,2,Yes,Low,No,41-50
EV06905,68,Other,110403.0,Rural,64.3,1,Sedan,1,2,Yes,2,Yes,Low,No,61-70
EV06906,56,Female,59468.0,Rural,46.3,3,Sedan,0,0,Yes,3,No,Low,No,51-60
EV06907,48,Male,30000.0,Rural,55.6,1,SUV,2,3,Yes,4,Yes,Low,No,41-50
EV06908,63,Male,59412.0,Suburban,24.6,1,Truck,5,7,Yes,4,No,Low,No,61-70
EV06909,32,Female,121024.0,Urban,55.8,1,Sedan,13,15,Yes,2,Yes,Low,No,31-40
EV06910,63,Male,111564.0,Urban,47.1,1,Truck,7,15,No,2,No,Low,No,61-70
EV06911,56,Male,109318.0,Urban,35.1,1,Hatchback,13,16,No,2,No,Low,No,51-60
EV06912,45,Female,30000.0,Urban,65.1,1,Sedan,11,16,No,4,No,Low,No,41-50
EV06913,64,Female,109557.0,Urban,5.1,3,SUV,10,14,No,5,Yes,Low,Yes,61-70
EV06914,33,Male,81483.0,Urban,5.0,1,Sedan,10,18,No,5,Yes,Low,Yes,31-40
EV06915,36,Male,91631.0,Urban,44.1,4,SUV,9,18,No,4,No,Low,No,31-40
EV06916,41,Female,118831.0,Urban,40.2,1,Hatchback,13,13,No,2,Yes,Low,No,41-50
EV06917,35,Female,30000.0,Suburban,54.9,1,SUV,3,7,Yes,2,Yes,Low,No,31-40
EV06918,43,Female,30000.0,Urban,21.1,1,SUV,8,15,Yes,4,No,Low,No,41-50
EV06919,40,Other,139605.0,Suburban,16.2,1,SUV,4,8,Yes,2,No,Low,No,31-40
EV06920,31,Other,98141.0,Suburban,16.4,1,SUV,7,7,Yes,4,No,Low,Yes,31-40
EV06921,27,Male,58135.0,Suburban,55.9,2,Sedan,1,6,Yes,4,No,Low,No,18-30
EV06922,56,Female,90471.0,Urban,42.3,3,Sedan,11,11,No,5,Yes,Low,Yes,51-60
EV06923,32,Male,115181.0,Urban,38.4,1,Truck,6,9,No,3,No,Low,No,31-40
EV06924,28,Female,85616.0,Rural,40.4,1,SUV,0,2,Yes,4,No,Low,No,18-30
EV06925,56,Female,67327.0,Rural,8.4,2,Hatchback,2,0,Yes,4,Yes,Low,No,51-60
EV06926,46,Female,57581.0,Suburban,78.9,3,Hatchback,4,1,No,1,Yes,Medium,No,41-50
EV06927,35,Male,84046.0,Urban,28.1,2,Sedan,2,12,No,2,Yes,Medium,No,31-40
EV06928,58,Male,78507.0,Suburban,24.5,1,SUV,1,7,Yes,5,Yes,Low,No,51-60
EV06929,43,Female,70647.0,Urban,62.3,2,SUV,11,7,Yes,3,No,Low,No,41-50
EV06930,47,Female,57187.0,Urban,9.7,4,Truck,11,16,Yes,1,No,Low,No,41-50
EV06931,38,Female,83225.0,Urban,40.9,2,Hatchback,8,3,Yes,4,No,Low,No,31-40
EV06932,48,Female,73500.0,Urban,39.0,2,SUV,11,6,No,2,No,Low,No,41-50
EV06933,58,Female,109963.0,Suburban,40.2,2,Sedan,0,6,Yes,5,No,Low,No,51-60
EV06934,50,Male,84421.0,Urban,61.8,1,SUV,8,7,No,1,Yes,Low,No,41-50
EV06935,54,Male,157750.0,Rural,97.8,2,Sedan,1,0,Yes,4,No,Low,Yes,51-60
EV06936,36,Female,84463.0,Urban,54.8,1,SUV,13,16,No,1,Yes,Low,No,31-40
EV06937,35,Female,119321.0,Suburban,53.5,2,Hatchback,7,9,Yes,2,No,Low,No,31-40
EV06938,52,Female,30000.0,Suburban,77.7,2,Sedan,1,6,Yes,4,No,Low,No,51-60
EV06939,44,Male,195324.0,Suburban,49.3,2,Sedan,1,9,Yes,1,Yes,Low,No,41-50
EV06940,55,Female,114120.0,Urban,17.9,3,SUV,11,17,Yes,4,Yes,Low,Yes,51-60
EV06941,62,Female,113542.0,Suburban,17.5,4,Hatchback,5,1,Yes,4,Yes,Low,Yes,61-70
EV06942,58,Female,110361.0,Suburban,38.7,2,SUV,5,5,Yes,4,Yes,Low,Yes,51-60
EV06943,42,Male,107494.0,Suburban,26.0,4,Sedan,0,2,Yes,5,Yes,Low,No,41-50
EV06944,48,Male,91799.0,Suburban,22.6,1,Hatchback,3,7,Yes,3,Yes,Low,No,41-50
EV06945,52,Female,124755.0,Rural,22.0,1,Sedan,2,1,Yes,3,Yes,Low,Yes,51-60
EV06946,42,Male,121100.0,Urban,25.2,2,Sedan,10,17,No,3,Yes,Low,No,41-50
EV06947,37,Female,30000.0,Urban,15.6,1,Sedan,5,7,No,2,Yes,Medium,No,31-40
EV06948,46,Male,40843.0,Rural,45.1,2,Sedan,2,1,Yes,2,Yes,Low,No,41-50
EV06949,35,Female,101927.0,Urban,40.4,2,Sedan,13,16,Yes,5,No,Low,No,31-40
EV06950,25,Female,96537.0,Suburban,64.7,2,Truck,1,8,Yes,2,No,Low,No,18-30
EV06951,42,Female,56375.0,Urban,45.1,2,Truck,11,5,Yes,3,No,Low,No,41-50
EV06952,37,Female,52285.0,Suburban,18.0,3,SUV,2,8,No,5,Yes,Medium,No,31-40
EV06953,59,Female,115537.0,Urban,61.2,4,SUV,6,3,No,1,Yes,Medium,No,51-60
EV06954,30,Other,42949.0,Urban,40.2,1,SUV,13,19,No,2,No,Low,No,18-30
EV06955,33,Male,160441.0,Urban,15.1,2,Sedan,8,7,No,2,Yes,Low,No,31-40
EV06956,52,Female,110375.0,Urban,22.3,1,Hatchback,10,15,Yes,3,No,Low,No,51-60
EV06957,69,Male,107469.0,Suburban,55.1,1,Sedan,3,1,Yes,2,Yes,Low,No,61-70
EV06958,52,Male,102695.0,Urban,37.3,1,SUV,13,17,Yes,3,No,Low,No,51-60
EV06959,69,Female,92864.0,Rural,53.4,2,SUV,1,1,Yes,4,No,Low,No,61-70
EV06960,63,Female,79551.0,Urban,19.0,1,Truck,9,5,No,3,Yes,Medium,No,61-70
EV06961,61,Female,125102.0,Urban,58.4,1,SUV,7,15,Yes,3,Yes,Low,No,61-70
EV06962,33,Male,137076.0,Urban,13.5,2,SUV,13,5,No,4,Yes,Low,No,31-40
EV06963,29,Male,90031.0,Urban,64.7,1,Sedan,13,19,No,4,Yes,Low,Yes,18-30
EV06964,65,Male,98224.0,Urban,37.7,1,SUV,12,11,Yes,3,No,Low,No,61-70
EV06965,57,Male,123593.0,Rural,74.9,3,Hatchback,1,3,Yes,5,Yes,Low,Yes,51-60
EV06966,38,Female,52798.0,Suburban,30.7,1,Sedan,0,1,Yes,1,Yes,Low,No,31-40
EV06967,62,Male,70536.0,Suburban,55.1,2,SUV,2,2,Yes,2,No,Low,No,61-70
EV06968,29,Female,70867.0,Urban,78.1,1,Hatchback,12,6,Yes,5,Yes,Low,No,18-30
EV06969,63,Male,71841.0,Suburban,49.7,1,Sedan,2,7,Yes,1,No,Low,No,61-70
EV06970,57,Female,176549.0,Urban,35.7,2,Sedan,10,18,No,5,Yes,Low,Yes,51-60
EV06971,27,Male,94611.0,Urban,54.4,3,Truck,6,15,No,3,Yes,Medium,No,18-30
EV06972,42,Male,47787.0,Urban,19.1,1,Sedan,7,3,Yes,1,Yes,Low,No,41-50
EV06973,62,Female,102998.0,Rural,44.1,1,SUV,2,0,Yes,5,No,Low,No,61-70
EV06974,63,Female,128146.0,Urban,5.8,2,Sedan,3,12,Yes,5,Yes,Low,Yes,61-70
EV06975,56,Male,49115.0,Urban,58.1,2,Hatchback,7,14,Yes,3,Yes,Low,No,51-60
EV06976,59,Male,100779.0,Urban,52.6,4,SUV,4,6,No,2,No,Medium,No,51-60
EV06977,62,Male,76372.0,Urban,33.1,1,Sedan,13,4,Yes,2,No,Low,No,61-70
EV06978,52,Male,181315.0,Urban,18.2,2,Sedan,11,9,No,4,No,Low,No,51-60
EV06979,58,Female,110350.0,Suburban,16.9,1,Sedan,0,9,Yes,5,No,Low,No,51-60
EV06980,46,Female,81050.0,Suburban,78.0,2,Sedan,7,5,Yes,1,Yes,Low,No,41-50
EV06981,55,Female,64984.0,Urban,47.1,1,SUV,7,17,Yes,1,Yes,Low,No,51-60
EV06982,56,Female,84934.0,Suburban,40.2,2,SUV,1,8,No,4,Yes,Low,Yes,51-60
EV06983,36,Male,110156.0,Urban,24.8,1,Sedan,7,12,No,5,No,Low,No,31-40
EV06984,49,Female,124256.0,Urban,36.8,1,Truck,13,15,No,5,Yes,Low,Yes,41-50
EV06985,56,Female,68384.0,Rural,40.1,1,Hatchback,1,2,Yes,1,No,Low,No,51-60
EV06986,35,Male,84708.0,Suburban,73.8,1,Sedan,0,4,Yes,2,Yes,Low,No,31-40
EV06987,67,Male,50578.0,Urban,92.0,1,SUV,13,4,Yes,3,No,Low,No,61-70
EV06988,38,Male,98710.0,Suburban,37.2,2,Sedan,3,4,Yes,1,No,Low,No,31-40
EV06989,54,Female,68435.0,Urban,54.7,1,SUV,8,18,No,4,No,Low,No,51-60
EV06990,52,Female,125649.0,Suburban,5.0,3,SUV,3,7,Yes,4,No,Low,No,51-60
EV06991,44,Male,77242.0,Suburban,49.9,2,SUV,2,7,Yes,1,Yes,Low,No,41-50
EV06992,32,Female,90633.0,Urban,45.1,3,Sedan,7,3,Yes,5,No,Low,No,31-40
EV06993,34,Male,81439.0,Urban,27.1,3,Truck,5,5,No,3,No,Low,No,31-40
EV06994,41,Male,94082.0,Urban,65.1,1,Hatchback,9,15,No,5,Yes,Low,Yes,41-50
EV06995,54,Female,84708.0,Urban,21.9,2,Hatchback,7,10,No,4,Yes,Low,No,51-60
EV06996,67,Male,65298.0,Urban,40.2,2,Truck,5,15,No,2,Yes,Low,No,61-70
EV06997,37,Female,43381.0,Urban,91.7,2,SUV,6,3,No,3,No,Medium,No,31-40
EV06998,50,Male,97366.0,Rural,54.1,3,SUV,0,0,Yes,4,No,Medium,No,41-50
EV06999,25,Male,130667.0,Urban,56.6,4,Hatchback,4,12,No,2,Yes,Medium,No,18-30
EV07000,25,Female,60499.0,Urban,43.5,2,Hatchback,8,6,Yes,2,No,Low,No,18-30
EV07001,68,Male,99139.0,Rural,17.4,2,SUV,1,1,Yes,2,No,Low,No,61-70
EV07002,29,Male,72466.0,Suburban,28.3,4,Hatchback,6,2,Yes,5,No,Low,No,18-30
EV07003,34,Male,96709.0,Suburban,28.8,2,Sedan,7,5,Yes,1,Yes,Low,No,31-40
EV07004,31,Female,87357.0,Urban,43.7,3,Hatchback,10,19,Yes,2,Yes,Low,No,31-40
EV07005,26,Male,57740.0,Urban,28.6,2,SUV,5,4,No,2,No,Medium,No,18-30
EV07006,66,Female,108709.0,Rural,71.2,4,Sedan,1,3,No,2,Yes,Medium,No,61-70
EV07007,64,Female,57701.0,Urban,40.8,2,SUV,9,12,Yes,5,No,Low,No,61-70
EV07008,33,Male,55079.0,Urban,32.5,1,Sedan,8,6,Yes,1,Yes,Low,No,31-40
EV07009,68,Female,124405.0,Suburban,43.3,3,Hatchback,7,8,No,2,Yes,Low,No,61-70
EV07010,43,Male,123366.0,Suburban,46.9,2,Sedan,5,3,Yes,4,No,Low,No,41-50
EV07011,54,Other,39185.0,Urban,36.9,3,Sedan,13,12,Yes,4,No,Low,No,51-60
EV07012,41,Male,88212.0,Suburban,30.2,2,SUV,4,3,Yes,2,Yes,Low,No,41-50
EV07013,40,Female,126391.0,Urban,56.1,1,SUV,11,4,No,1,Yes,Low,No,31-40
EV07014,47,Female,121860.0,Urban,98.5,3,SUV,14,13,Yes,3,No,Low,No,41-50
EV07015,65,Female,138353.0,Suburban,5.0,2,Sedan,5,4,Yes,4,Yes,Low,No,61-70
EV07016,38,Female,133981.0,Urban,87.0,2,SUV,9,9,Yes,5,Yes,Low,Yes,31-40
EV07017,69,Male,72919.0,Urban,5.0,1,Sedan,7,9,No,5,No,Low,No,61-70
EV07018,67,Female,30000.0,Urban,5.0,1,Sedan,7,18,Yes,5,Yes,Low,Yes,61-70
EV07019,63,Male,56459.0,Rural,79.0,1,Hatchback,1,1,Yes,3,Yes,Low,No,61-70
EV07020,29,Female,73397.0,Urban,37.3,2,SUV,8,14,No,4,Yes,Low,Yes,18-30
EV07021,28,Female,59607.0,Suburban,78.6,1,Truck,5,8,Yes,4,Yes,Low,No,18-30
EV07022,32,Male,30000.0,Rural,67.6,4,Sedan,2,2,Yes,4,Yes,Low,No,31-40
EV07023,60,Male,100584.0,Urban,25.6,2,Sedan,10,9,No,2,Yes,Low,Yes,51-60
EV07024,39,Other,78677.0,Urban,18.8,3,SUV,10,6,No,4,Yes,Low,Yes,31-40
EV07025,36,Male,91993.0,Urban,12.1,1,Truck,8,19,Yes,5,Yes,Low,Yes,31-40
EV07026,35,Female,67330.0,Urban,19.7,3,SUV,14,10,No,5,No,Medium,No,31-40
EV07027,36,Female,78581.0,Suburban,40.9,1,SUV,0,1,Yes,1,Yes,Low,No,31-40
EV07028,63,Male,114825.0,Suburban,8.6,2,Truck,1,9,Yes,4,No,Low,No,61-70
EV07029,53,Female,113380.0,Rural,84.1,2,Sedan,0,1,Yes,5,No,Low,No,51-60
EV07030,65,Female,57112.0,Suburban,45.4,4,Sedan,2,8,No,1,No,Medium,No,61-70
EV07031,67,Female,76959.0,Suburban,5.0,2,SUV,5,9,Yes,4,Yes,Low,No,61-70
EV07032,30,Female,122374.0,Suburban,32.3,1,Sedan,6,3,Yes,4,Yes,Low,No,18-30
EV07033,37,Female,70180.0,Urban,34.1,2,Sedan,3,10,No,3,Yes,Low,No,31-40
EV07034,62,Female,42589.0,Suburban,50.1,1,Sedan,2,6,Yes,2,No,Low,No,61-70
EV07035,69,Male,57632.0,Rural,48.2,2,SUV,1,2,Yes,1,No,Low,No,61-70
EV07036,29,Female,77360.0,Urban,70.6,1,Truck,11,12,No,2,Yes,Medium,No,18-30
EV07037,62,Female,121797.0,Rural,90.8,3,SUV,0,0,Yes,1,No,Low,No,61-70
EV07038,38,Female,122748.0,Suburban,43.2,1,Hatchback,5,9,Yes,5,Yes,Low,Yes,31-40
EV07039,44,Female,113290.0,Urban,9.4,2,Sedan,14,5,Yes,5,Yes,Low,Yes,41-50
EV07040,56,Male,68003.0,Urban,72.9,1,Sedan,3,8,Yes,2,No,Low,No,51-60
EV07041,32,Female,138473.0,Suburban,5.0,2,SUV,6,9,Yes,5,Yes,Low,No,31-40
EV07042,46,Male,86840.0,Urban,68.0,3,Sedan,14,7,Yes,4,Yes,Low,No,41-50
EV07043,44,Male,30000.0,Suburban,80.3,2,SUV,0,6,Yes,3,No,Low,No,41-50
EV07044,44,Male,96418.0,Urban,59.8,3,SUV,12,17,Yes,5,Yes,Low,No,41-50
EV07045,31,Female,63386.0,Urban,40.2,2,Truck,8,6,No,4,No,Low,No,31-40
EV07046,48,Female,125143.0,Urban,64.6,2,SUV,3,19,No,5,Yes,Low,Yes,41-50
EV07047,69,Female,153529.0,Rural,71.1,2,SUV,2,2,Yes,3,Yes,Low,Yes,61-70
EV07048,60,Male,76857.0,Urban,22.6,1,Sedan,4,13,Yes,4,No,Low,No,51-60
EV07049,36,Female,143920.0,Suburban,46.6,3,Hatchback,0,3,Yes,1,No,Low,No,31-40
EV07050,64,Male,94745.0,Urban,48.2,2,SUV,6,19,Yes,4,No,Low,No,61-70
EV07051,40,Male,86956.0,Suburban,44.5,1,Sedan,0,9,Yes,3,No,Low,No,31-40
EV07052,64,Male,181328.0,Urban,60.4,4,Hatchback,7,16,Yes,3,No,Low,No,61-70
EV07053,49,Male,73410.0,Suburban,29.2,2,SUV,6,8,Yes,2,Yes,Low,No,41-50
EV07054,54,Female,71795.0,Urban,5.0,2,Sedan,12,13,Yes,4,Yes,Low,No,51-60
EV07055,33,Male,30000.0,Suburban,34.0,1,Sedan,0,7,Yes,5,Yes,Low,No,31-40
EV07056,44,Female,64343.0,Suburban,81.4,2,SUV,1,7,Yes,1,Yes,Low,No,41-50
EV07057,46,Female,98578.0,Urban,25.4,3,Sedan,8,10,Yes,4,Yes,Low,Yes,41-50
EV07058,61,Male,107629.0,Urban,43.6,3,Sedan,3,9,No,1,No,Medium,No,61-70
EV07059,69,Female,48029.0,Urban,40.2,2,SUV,13,10,No,2,Yes,Low,Yes,61-70
EV07060,44,Female,72623.0,Suburban,27.3,1,SUV,4,9,No,5,Yes,Low,No,41-50
EV07061,48,Female,125621.0,Suburban,31.1,2,Sedan,1,4,Yes,4,No,Low,No,41-50
EV07062,58,Male,44501.0,Urban,5.0,2,SUV,7,13,Yes,3,No,Low,No,51-60
EV07063,66,Female,95813.0,Suburban,11.2,2,SUV,1,7,Yes,2,Yes,Low,No,61-70
EV07064,59,Male,124907.0,Urban,89.6,2,SUV,8,6,No,2,Yes,Medium,No,51-60
EV07065,45,Male,124896.0,Suburban,23.7,1,Sedan,2,3,Yes,3,No,Low,No,41-50
EV07066,30,Female,101304.0,Suburban,30.3,2,Sedan,7,4,No,3,Yes,Low,No,18-30
EV07067,62,Female,105696.0,Rural,50.4,1,Sedan,2,1,Yes,2,Yes,Low,No,61-70
EV07068,58,Male,90263.0,Suburban,44.9,1,SUV,7,1,Yes,2,No,Low,No,51-60
EV07069,54,Female,32826.0,Urban,7.6,2,SUV,9,7,No,1,Yes,Low,No,51-60
EV07070,65,Female,82191.0,Urban,7.8,1,Hatchback,7,9,No,1,No,Low,No,61-70
EV07071,55,Female,84708.0,Suburban,8.3,3,SUV,4,1,No,3,No,High,No,51-60
EV07072,41,Male,119293.0,Rural,66.2,2,Sedan,2,3,Yes,4,Yes,Low,No,41-50
EV07073,46,Male,75139.0,Urban,83.9,2,Sedan,5,12,No,5,Yes,Medium,No,41-50
EV07074,28,Male,83438.0,Urban,47.5,2,SUV,14,13,No,5,Yes,Low,No,18-30
EV07075,56,Other,71470.0,Suburban,5.0,1,SUV,3,5,Yes,3,No,Low,No,51-60
EV07076,35,Male,54573.0,Suburban,21.6,2,Hatchback,3,8,Yes,2,Yes,Low,No,31-40
EV07077,26,Male,71487.0,Urban,91.5,1,SUV,5,7,Yes,4,Yes,Low,No,18-30
EV07078,38,Female,80351.0,Suburban,54.7,2,Hatchback,0,6,No,1,No,Low,No,31-40
EV07079,56,Male,96310.0,Suburban,69.5,1,Truck,1,9,No,2,Yes,Medium,No,51-60
EV07080,44,Female,113343.0,Suburban,68.9,1,Hatchback,5,8,No,4,Yes,Low,No,41-50
EV07081,54,Female,99174.0,Suburban,21.4,2,Sedan,3,1,Yes,4,No,Low,No,51-60
EV07082,41,Female,87430.0,Suburban,68.0,1,Hatchback,5,9,No,3,Yes,Medium,No,41-50
EV07083,46,Female,96364.0,Rural,52.7,1,SUV,2,2,Yes,3,Yes,Low,No,41-50
EV07084,50,Male,92862.0,Urban,8.0,2,Sedan,8,9,No,3,No,Low,No,41-50
EV07085,69,Male,86920.0,Urban,29.3,3,Sedan,11,12,No,5,No,Low,No,61-70
EV07086,25,Female,113311.0,Urban,46.9,1,Truck,13,4,No,1,Yes,Low,No,18-30
EV07087,29,Male,76522.0,Urban,83.9,1,Sedan,6,11,No,1,Yes,Medium,No,18-30
EV07088,43,Female,125699.0,Suburban,49.5,1,Sedan,5,8,Yes,2,Yes,Low,Yes,41-50
EV07089,65,Female,109294.0,Urban,27.6,1,Sedan,13,14,No,3,Yes,Low,No,61-70
EV07090,46,Male,69274.0,Rural,40.2,2,Sedan,0,3,Yes,4,No,Low,No,41-50
EV07091,37,Male,107175.0,Suburban,16.3,1,Sedan,4,4,Yes,3,No,Low,No,31-40
EV07092,38,Male,30000.0,Suburban,23.2,1,SUV,1,7,No,5,Yes,Medium,No,31-40
EV07093,65,Male,115529.0,Urban,8.5,4,SUV,14,9,No,1,Yes,Low,No,61-70
EV07094,43,Male,30000.0,Rural,42.6,1,Sedan,1,2,Yes,4,Yes,Low,No,41-50
EV07095,38,Male,91415.0,Urban,5.0,2,Hatchback,13,9,Yes,4,Yes,Low,No,31-40
EV07096,63,Male,62014.0,Suburban,19.4,2,Sedan,2,8,Yes,3,Yes,Low,No,61-70
EV07097,38,Female,71832.0,Suburban,63.0,2,SUV,3,5,Yes,3,No,Low,No,31-40
EV07098,66,Male,82823.0,Urban,54.2,1,Truck,4,5,No,5,No,Medium,No,61-70
EV07099,64,Female,153475.0,Suburban,57.0,1,Hatchback,4,5,No,2,Yes,Medium,No,61-70
EV07100,49,Female,121480.0,Urban,30.3,2,Sedan,10,18,No,2,Yes,Low,No,41-50
EV07101,54,Male,55725.0,Suburban,5.0,1,Hatchback,4,2,Yes,4,Yes,Low,Yes,51-60
EV07102,62,Female,65002.0,Urban,54.3,2,Sedan,11,15,Yes,3,No,Low,No,61-70
EV07103,55,Male,84111.0,Rural,5.0,2,Sedan,1,0,Yes,5,Yes,Low,Yes,51-60
EV07104,54,Female,82017.0,Suburban,117.1,3,Sedan,7,8,No,1,Yes,High,No,51-60
EV07105,64,Male,120009.0,Suburban,30.5,2,SUV,5,9,No,2,No,Low,No,61-70
EV07106,36,Male,88904.0,Suburban,28.3,3,SUV,2,1,Yes,4,Yes,Low,Yes,31-40
EV07107,30,Female,121801.0,Urban,11.2,1,Sedan,3,15,No,5,Yes,Low,Yes,18-30
EV07108,42,Female,98006.0,Urban,22.5,2,Sedan,6,13,Yes,5,Yes,Low,Yes,41-50
EV07109,36,Male,124064.0,Urban,54.5,2,Truck,12,13,No,2,Yes,Low,No,31-40
EV07110,26,Female,110945.0,Suburban,33.6,1,SUV,2,6,Yes,4,No,Low,No,18-30
EV07111,59,Male,80968.0,Urban,41.6,1,SUV,3,10,Yes,1,No,Low,No,51-60
EV07112,62,Male,64845.0,Urban,45.0,4,Hatchback,4,9,No,1,No,Low,No,61-70
EV07113,59,Male,84788.0,Urban,69.5,2,SUV,10,13,Yes,5,Yes,Low,Yes,51-60
EV07114,41,Female,108398.0,Urban,77.6,2,Hatchback,6,10,Yes,3,Yes,Low,No,41-50
EV07115,64,Male,84287.0,Urban,41.3,2,Sedan,14,9,No,2,No,Low,No,61-70
EV07116,47,Female,82882.0,Urban,25.8,2,Sedan,10,12,No,1,Yes,Low,No,41-50
EV07117,41,Female,43327.0,Suburban,45.7,1,Sedan,2,4,No,3,Yes,Low,Yes,41-50
EV07118,27,Male,109886.0,Urban,26.5,3,SUV,10,14,Yes,4,Yes,Low,Yes,18-30
EV07119,27,Female,55876.0,Rural,30.2,3,SUV,2,3,Yes,1,Yes,Low,Yes,18-30
EV07120,35,Male,130075.0,Suburban,93.6,1,Truck,0,4,Yes,3,Yes,Low,No,31-40
EV07121,39,Male,60781.0,Suburban,5.0,2,SUV,5,8,No,1,Yes,Medium,No,31-40
EV07122,37,Female,117626.0,Urban,15.2,2,Sedan,9,10,Yes,5,Yes,Low,No,31-40
EV07123,28,Other,84708.0,Suburban,54.3,1,Truck,7,5,Yes,4,No,Low,No,18-30
EV07124,26,Male,110161.0,Urban,48.0,2,SUV,8,4,Yes,1,Yes,Low,No,18-30
EV07125,25,Male,107701.0,Rural,60.9,1,Sedan,0,0,Yes,2,Yes,Low,No,18-30
EV07126,59,Female,44706.0,Suburban,11.8,3,SUV,3,4,Yes,1,No,Low,No,51-60
EV07127,66,Female,122030.0,Urban,19.5,1,SUV,3,10,No,4,No,Low,No,61-70
EV07128,46,Male,44767.0,Rural,40.2,2,Sedan,0,2,Yes,5,No,Low,No,41-50
EV07129,37,Female,80745.0,Rural,80.2,2,SUV,1,1,Yes,4,Yes,Low,Yes,31-40
EV07130,51,Male,31147.0,Urban,54.7,3,Sedan,6,6,No,4,Yes,Low,No,51-60
EV07131,55,Male,140088.0,Urban,52.0,1,SUV,2,18,No,5,No,Low,No,51-60
EV07132,47,Male,57778.0,Urban,5.0,1,Sedan,8,5,No,4,No,Low,No,41-50
EV07133,33,Female,94943.0,Rural,21.7,3,Sedan,0,0,Yes,4,No,Low,No,31-40
EV07134,44,Male,84708.0,Urban,58.6,3,Truck,7,10,No,3,No,Low,No,41-50
EV07135,33,Male,30000.0,Suburban,50.3,2,SUV,3,4,Yes,4,Yes,Low,No,31-40
EV07136,33,Female,81001.0,Rural,64.8,3,Sedan,0,2,Yes,4,Yes,Low,No,31-40
EV07137,41,Male,48946.0,Suburban,35.6,2,SUV,2,9,Yes,1,Yes,Low,No,41-50
EV07138,31,Female,102231.0,Rural,81.5,1,Hatchback,2,2,Yes,1,No,Low,No,31-40
EV07139,52,Male,75517.0,Rural,11.7,1,Sedan,0,2,Yes,5,No,Low,No,51-60
EV07140,49,Male,106607.0,Suburban,18.5,1,Hatchback,6,5,No,1,Yes,Low,No,41-50
EV07141,58,Male,117960.0,Rural,37.7,1,SUV,1,0,Yes,3,No,Low,No,51-60
EV07142,62,Female,43944.0,Suburban,5.0,1,Sedan,0,2,Yes,3,Yes,Low,No,61-70
EV07143,57,Female,91917.0,Urban,85.4,3,Hatchback,9,10,No,1,No,Medium,No,51-60
EV07144,47,Male,82933.0,Urban,5.0,2,Sedan,7,6,No,1,Yes,Low,No,41-50
EV07145,31,Female,93290.0,Suburban,40.2,2,SUV,4,7,Yes,2,Yes,Low,No,31-40
EV07146,59,Male,133893.0,Urban,29.8,2,SUV,5,11,No,4,Yes,Medium,Yes,51-60
EV07147,67,Male,52351.0,Suburban,45.1,2,SUV,4,2,Yes,4,Yes,Low,No,61-70
EV07148,26,Male,94451.0,Suburban,23.3,2,SUV,0,5,Yes,5,No,Low,No,18-30
EV07149,68,Female,62335.0,Suburban,47.6,1,Sedan,2,9,Yes,1,Yes,Low,No,61-70
EV07150,58,Female,65853.0,Suburban,39.2,2,Sedan,0,5,Yes,3,No,Low,No,51-60
EV07151,27,Male,159698.0,Urban,36.9,2,Sedan,6,18,No,5,Yes,Low,Yes,18-30
EV07152,52,Male,100893.0,Urban,22.0,2,SUV,14,14,No,3,Yes,Low,Yes,51-60
EV07153,63,Male,76169.0,Urban,11.0,2,Sedan,3,6,No,3,No,Low,No,61-70
EV07154,26,Female,129312.0,Rural,34.4,2,Hatchback,0,1,Yes,5,No,Low,Yes,18-30
EV07155,69,Male,118042.0,Urban,45.9,2,Sedan,14,15,Yes,5,Yes,Low,Yes,61-70
EV07156,40,Male,30000.0,Urban,47.2,2,SUV,13,12,Yes,3,Yes,Low,No,31-40
EV07157,62,Female,88345.0,Suburban,30.7,2,Sedan,4,3,No,2,Yes,Low,No,61-70
EV07158,61,Male,102249.0,Urban,58.4,4,Sedan,12,9,Yes,3,Yes,Low,No,61-70
EV07159,25,Female,65931.0,Urban,78.5,2,Sedan,2,4,No,3,Yes,Low,No,18-30
EV07160,52,Male,77262.0,Suburban,15.0,2,SUV,3,5,No,1,No,Low,No,51-60
EV07161,48,Male,113287.0,Rural,75.1,2,Hatchback,2,2,Yes,1,Yes,Low,No,41-50
EV07162,54,Male,93300.0,Urban,66.6,3,SUV,5,19,No,1,Yes,Low,No,51-60
EV07163,28,Male,130725.0,Suburban,46.6,1,Hatchback,2,7,No,3,Yes,Medium,No,18-30
EV07164,47,Male,100394.0,Urban,44.4,2,Sedan,13,4,No,4,No,Low,No,41-50
EV07165,62,Female,109157.0,Rural,5.0,2,SUV,1,1,No,1,Yes,Medium,No,61-70
EV07166,65,Female,30000.0,Suburban,93.3,1,Hatchback,5,6,No,3,Yes,Medium,No,61-70
EV07167,49,Female,90198.0,Urban,12.0,4,SUV,13,19,No,1,No,Low,No,41-50
EV07168,67,Female,76371.0,Urban,21.3,1,Hatchback,11,7,No,4,Yes,Low,No,61-70
EV07169,68,Female,43108.0,Rural,27.9,1,Hatchback,1,3,Yes,1,Yes,Low,No,61-70
EV07170,53,Female,117246.0,Urban,41.1,3,Sedan,4,7,No,2,Yes,Medium,No,51-60
EV07171,41,Male,50801.0,Suburban,53.5,1,Sedan,3,9,Yes,2,No,Low,No,41-50
EV07172,64,Male,84708.0,Urban,33.9,3,Sedan,5,14,Yes,5,Yes,Low,No,61-70
EV07173,39,Male,37982.0,Suburban,36.2,1,Truck,5,6,No,2,Yes,Medium,No,31-40
EV07174,56,Male,101580.0,Rural,21.1,2,SUV,2,2,No,3,No,Low,No,51-60
EV07175,49,Male,72258.0,Urban,29.8,2,Truck,7,7,No,2,Yes,Medium,No,41-50
EV07176,43,Male,39260.0,Suburban,5.0,1,SUV,3,2,Yes,3,Yes,Low,Yes,41-50
EV07177,42,Male,71855.0,Suburban,84.0,3,Sedan,7,5,Yes,2,Yes,Low,No,41-50
EV07178,35,Male,104258.0,Rural,72.0,2,Sedan,0,1,Yes,5,No,Medium,No,31-40
EV07179,53,Male,104353.0,Suburban,12.2,2,SUV,5,4,No,4,No,Low,No,51-60
EV07180,64,Female,86344.0,Urban,5.0,2,Sedan,13,13,No,2,No,Low,No,61-70
EV07181,51,Female,52551.0,Urban,30.7,3,Sedan,6,18,Yes,4,Yes,Low,No,51-60
EV07182,51,Female,30000.0,Urban,29.4,2,SUV,7,13,Yes,3,Yes,Low,No,51-60
EV07183,57,Male,56074.0,Urban,9.8,2,SUV,11,10,No,5,No,Low,No,51-60
EV07184,25,Female,181454.0,Suburban,29.3,1,Sedan,5,6,No,5,Yes,Low,Yes,18-30
EV07185,29,Male,34858.0,Urban,36.1,3,Hatchback,2,15,Yes,1,Yes,Low,No,18-30
EV07186,42,Female,63939.0,Urban,20.4,2,Sedan,9,17,No,2,No,Low,No,41-50
EV07187,27,Other,123614.0,Suburban,60.3,3,SUV,2,5,Yes,5,No,Low,No,18-30
EV07188,53,Female,70412.0,Urban,48.8,1,Sedan,10,5,No,3,No,Low,No,51-60
EV07189,51,Male,71419.0,Urban,11.8,2,SUV,2,14,No,2,Yes,Low,No,51-60
EV07190,40,Female,98994.0,Urban,89.8,2,SUV,14,13,No,1,Yes,Low,No,31-40
EV07191,61,Male,39317.0,Rural,73.8,2,SUV,2,0,Yes,4,No,Low,No,61-70
EV07192,39,Male,44735.0,Suburban,43.7,2,SUV,7,6,Yes,4,No,Low,No,31-40
EV07193,48,Female,110150.0,Urban,32.7,1,SUV,10,5,No,5,Yes,Low,Yes,41-50
EV07194,36,Male,91158.0,Urban,5.0,2,Hatchback,13,8,Yes,1,No,Low,No,31-40
EV07195,25,Male,30000.0,Urban,12.6,2,Sedan,2,13,Yes,3,No,Low,No,18-30
EV07196,51,Female,105714.0,Suburban,9.3,2,Sedan,4,4,Yes,5,No,Low,No,51-60
EV07197,26,Male,142885.0,Suburban,87.4,1,Hatchback,7,5,Yes,4,Yes,Low,Yes,18-30
EV07198,25,Female,109350.0,Suburban,9.5,2,SUV,2,7,Yes,1,No,Low,No,18-30
EV07199,55,Female,64683.0,Suburban,26.0,2,Hatchback,7,4,No,3,Yes,Low,No,51-60
EV07200,40,Female,97083.0,Urban,5.0,1,SUV,2,9,Yes,5,No,Low,No,31-40
EV07201,47,Male,98987.0,Rural,57.7,2,Sedan,2,3,Yes,4,Yes,Low,Yes,41-50
EV07202,31,Male,156647.0,Suburban,41.4,3,SUV,4,1,Yes,1,No,Low,No,31-40
EV07203,26,Male,78656.0,Suburban,30.5,2,Sedan,4,6,Yes,5,No,Low,No,18-30
EV07204,67,Female,69770.0,Suburban,79.5,2,Sedan,2,8,Yes,3,Yes,Medium,No,61-70
EV07205,38,Female,52348.0,Rural,65.5,1,Hatchback,2,0,Yes,5,Yes,Low,Yes,31-40
EV07206,49,Female,55962.0,Suburban,7.0,1,Truck,3,2,Yes,4,No,Low,No,41-50
EV07207,55,Female,116327.0,Urban,35.2,1,SUV,6,16,No,4,Yes,Low,Yes,51-60
EV07208,66,Male,92144.0,Urban,5.0,1,SUV,5,13,Yes,5,Yes,Low,Yes,61-70
EV07209,26,Male,133231.0,Rural,40.2,2,Hatchback,2,3,Yes,5,Yes,Low,Yes,18-30
EV07210,57,Female,51090.0,Urban,10.4,1,SUV,7,13,No,2,Yes,Low,No,51-60
EV07211,30,Female,87146.0,Urban,36.0,2,Sedan,8,16,No,4,Yes,Low,Yes,18-30
EV07212,45,Female,97662.0,Rural,5.0,3,Sedan,1,1,Yes,3,No,Low,No,41-50
EV07213,56,Male,112794.0,Urban,44.3,2,SUV,5,8,Yes,2,Yes,Low,No,51-60
EV07214,59,Female,86524.0,Suburban,29.4,1,Sedan,7,8,No,5,No,Low,No,51-60
EV07215,48,Male,113931.0,Suburban,34.3,3,Sedan,0,6,Yes,3,Yes,Low,Yes,41-50
EV07216,57,Male,56660.0,Urban,44.5,3,Sedan,11,9,Yes,1,Yes,Low,No,51-60
EV07217,39,Female,80584.0,Suburban,19.2,2,SUV,1,4,Yes,3,No,Low,No,31-40
EV07218,40,Male,107985.0,Urban,36.3,1,Hatchback,14,5,Yes,3,Yes,Low,No,31-40
EV07219,36,Male,37560.0,Urban,24.2,1,Hatchback,2,12,Yes,2,Yes,Low,No,31-40
EV07220,63,Male,79164.0,Urban,34.0,2,SUV,9,18,No,4,Yes,Low,Yes,61-70
EV07221,69,Male,30000.0,Urban,20.8,3,Sedan,6,13,No,1,No,Low,No,61-70
EV07222,38,Male,66982.0,Rural,17.1,1,Hatchback,2,2,Yes,1,Yes,Low,No,31-40
EV07223,41,Other,93191.0,Rural,26.4,2,Hatchback,0,0,Yes,2,Yes,Low,No,41-50
EV07224,41,Male,82256.0,Suburban,45.1,1,SUV,3,5,Yes,4,Yes,Low,Yes,41-50
EV07225,43,Male,49375.0,Urban,13.9,3,Sedan,7,17,No,2,No,Medium,No,41-50
EV07226,56,Male,91997.0,Urban,32.5,1,SUV,11,10,No,1,Yes,Low,No,51-60
EV07227,37,Female,64414.0,Suburban,48.5,1,SUV,2,5,Yes,2,Yes,Low,No,31-40
EV07228,38,Male,30000.0,Rural,5.0,2,Sedan,0,1,Yes,4,No,Low,No,31-40
EV07229,39,Female,156337.0,Suburban,46.7,2,Sedan,2,7,Yes,4,No,Low,No,31-40
EV07230,54,Female,85880.0,Urban,82.5,1,Hatchback,2,15,No,1,No,Medium,No,51-60
EV07231,35,Other,55945.0,Urban,24.9,1,Sedan,7,8,No,1,Yes,Medium,No,31-40
EV07232,28,Female,131711.0,Suburban,5.0,2,Hatchback,4,3,Yes,4,Yes,Low,No,18-30
EV07233,42,Female,121813.0,Suburban,38.3,2,Truck,3,5,Yes,1,No,Low,No,41-50
EV07234,60,Male,32053.0,Suburban,23.2,1,Sedan,1,2,Yes,5,Yes,Low,Yes,51-60
EV07235,58,Male,95845.0,Urban,5.0,1,SUV,7,10,Yes,2,Yes,Low,No,51-60
EV07236,26,Female,91325.0,Suburban,43.0,4,Sedan,3,9,Yes,2,No,Low,No,18-30
EV07237,26,Male,110630.0,Urban,13.7,2,SUV,12,8,No,3,Yes,Low,Yes,18-30
EV07238,53,Male,80405.0,Suburban,56.6,2,Hatchback,4,1,Yes,5,No,Low,No,51-60
EV07239,41,Female,94560.0,Urban,30.1,2,SUV,6,3,No,4,No,Medium,No,41-50
EV07240,56,Other,132998.0,Suburban,49.6,2,Hatchback,5,5,No,3,Yes,Medium,No,51-60
EV07241,38,Female,121419.0,Rural,40.9,2,SUV,2,2,Yes,5,Yes,Low,Yes,31-40
EV07242,62,Female,48657.0,Suburban,36.2,2,SUV,6,7,Yes,2,Yes,Low,No,61-70
EV07243,68,Male,30000.0,Urban,31.5,3,Sedan,13,12,No,5,Yes,Low,No,61-70
EV07244,50,Male,53532.0,Suburban,17.5,3,Sedan,5,8,Yes,1,Yes,Low,No,41-50
EV07245,28,Male,81277.0,Rural,5.0,2,SUV,0,1,Yes,1,Yes,Low,No,18-30
EV07246,62,Female,78409.0,Suburban,37.6,1,Truck,0,8,Yes,1,Yes,Low,Yes,61-70
EV07247,40,Female,32292.0,Urban,54.7,2,SUV,12,16,No,1,Yes,Low,No,31-40
EV07248,58,Female,30000.0,Urban,5.0,1,Hatchback,12,4,No,5,No,Medium,No,51-60
EV07249,33,Female,91370.0,Suburban,5.0,2,Sedan,6,1,Yes,3,Yes,Low,Yes,31-40
EV07250,46,Female,110587.0,Suburban,27.9,2,Hatchback,4,8,Yes,3,Yes,Low,No,41-50
EV07251,49,Female,64980.0,Urban,53.5,2,Sedan,6,10,Yes,5,Yes,Low,Yes,41-50
EV07252,50,Female,111701.0,Suburban,63.7,1,Sedan,0,7,Yes,3,No,Low,No,41-50
EV07253,68,Female,89063.0,Suburban,59.6,2,Hatchback,7,5,Yes,1,Yes,Low,No,61-70
EV07254,60,Male,100287.0,Urban,111.7,3,SUV,12,7,No,4,Yes,Low,No,51-60
EV07255,67,Male,30000.0,Urban,32.8,1,Truck,2,10,No,2,Yes,High,No,61-70
EV07256,68,Female,64711.0,Suburban,46.1,1,Sedan,3,1,No,3,Yes,High,No,61-70
EV07257,29,Female,136009.0,Urban,9.1,3,SUV,12,14,No,4,No,Low,No,18-30
EV07258,62,Male,64318.0,Urban,76.0,2,Hatchback,11,7,Yes,3,Yes,Low,No,61-70
EV07259,54,Male,95591.0,Rural,68.6,1,Truck,1,3,Yes,3,No,Low,No,51-60
EV07260,65,Female,121160.0,Urban,33.4,3,Sedan,9,9,No,3,No,Low,No,61-70
EV07261,58,Female,84708.0,Urban,31.9,1,Sedan,2,5,No,4,Yes,Medium,No,51-60
EV07262,55,Female,81907.0,Suburban,5.0,1,Sedan,6,4,Yes,4,Yes,Low,No,51-60
EV07263,40,Male,77903.0,Urban,44.3,3,Sedan,11,9,No,3,No,Low,No,31-40
EV07264,51,Female,105764.0,Urban,38.2,1,SUV,10,13,No,3,Yes,Low,No,51-60
EV07265,53,Female,96767.0,Urban,32.8,1,Sedan,2,16,Yes,5,No,Low,No,51-60
EV07266,30,Female,119470.0,Suburban,5.0,1,Sedan,3,3,No,2,No,Medium,No,18-30
EV07267,61,Male,94033.0,Suburban,71.2,1,Hatchback,0,6,Yes,2,Yes,Low,No,61-70
EV07268,59,Male,111379.0,Urban,47.1,1,Hatchback,2,16,Yes,4,No,Low,No,51-60
EV07269,33,Male,30000.0,Suburban,18.7,1,Truck,7,2,Yes,2,No,Low,No,31-40
EV07270,66,Female,133098.0,Urban,96.7,2,Sedan,5,3,No,1,Yes,Medium,No,61-70
EV07271,46,Female,114028.0,Rural,23.3,1,Sedan,0,0,No,3,Yes,Medium,No,41-50
EV07272,45,Male,62063.0,Suburban,40.2,3,Sedan,5,9,Yes,1,No,Low,No,41-50
EV07273,45,Female,85045.0,Rural,51.8,1,Sedan,2,0,Yes,4,Yes,Low,No,41-50
EV07274,52,Male,63150.0,Rural,31.9,3,SUV,0,1,Yes,4,Yes,Low,No,51-60
EV07275,67,Female,92276.0,Suburban,5.0,3,Sedan,2,3,Yes,4,No,Low,No,61-70
EV07276,47,Other,73775.0,Suburban,51.4,2,Sedan,4,8,Yes,4,Yes,Low,No,41-50
EV07277,46,Female,61199.0,Urban,28.6,2,SUV,11,11,No,1,Yes,Low,No,41-50
EV07278,55,Male,68061.0,Urban,52.8,3,SUV,2,18,Yes,1,Yes,Low,No,51-60
EV07279,68,Male,89110.0,Urban,40.2,2,Hatchback,7,17,Yes,5,No,Low,No,61-70
EV07280,43,Male,34139.0,Rural,56.1,3,SUV,1,0,Yes,2,Yes,Low,No,41-50
EV07281,35,Female,76082.0,Suburban,9.5,1,Sedan,1,3,Yes,5,Yes,Low,Yes,31-40
EV07282,28,Male,82241.0,Rural,24.6,2,SUV,1,0,Yes,4,No,Low,No,18-30
EV07283,45,Female,93766.0,Urban,57.4,1,Sedan,13,4,No,1,Yes,Medium,No,41-50
EV07284,30,Female,63410.0,Urban,56.8,2,Hatchback,4,19,Yes,4,Yes,Low,No,18-30
EV07285,60,Female,33106.0,Suburban,51.9,1,SUV,1,3,Yes,5,Yes,Low,Yes,51-60
EV07286,38,Female,46500.0,Urban,26.0,1,SUV,6,3,No,5,No,Low,No,31-40
EV07287,49,Male,122993.0,Suburban,40.2,1,SUV,6,2,No,4,Yes,High,No,41-50
EV07288,64,Female,74368.0,Urban,20.0,2,SUV,12,11,No,1,No,Low,No,61-70
EV07289,28,Female,31266.0,Urban,71.2,1,SUV,4,12,No,2,Yes,High,No,18-30
EV07290,46,Female,46919.0,Urban,5.0,2,Sedan,8,13,No,3,Yes,Medium,No,41-50
EV07291,53,Male,87643.0,Suburban,34.2,1,Sedan,1,3,Yes,2,No,Low,No,51-60
EV07292,54,Female,101011.0,Rural,51.5,4,Sedan,0,2,Yes,3,Yes,Low,Yes,51-60
EV07293,31,Male,141330.0,Suburban,63.4,3,SUV,7,9,Yes,1,Yes,Low,No,31-40
EV07294,39,Female,153469.0,Suburban,5.0,3,SUV,7,2,Yes,3,No,Low,No,31-40
EV07295,30,Male,110265.0,Rural,74.3,3,Sedan,1,2,Yes,4,Yes,Low,Yes,18-30
EV07296,57,Female,116050.0,Urban,62.7,3,Truck,13,15,No,3,Yes,Medium,No,51-60
EV07297,35,Female,116187.0,Suburban,24.6,1,Truck,1,5,Yes,2,No,Low,No,31-40
EV07298,58,Male,150222.0,Urban,37.3,3,SUV,5,6,No,5,No,Low,No,51-60
EV07299,62,Male,104176.0,Suburban,109.0,2,Truck,7,1,Yes,2,Yes,Low,Yes,61-70
EV07300,36,Female,74305.0,Urban,102.0,3,Sedan,7,17,No,3,No,Low,No,31-40
EV07301,51,Male,75636.0,Suburban,25.8,2,SUV,6,6,Yes,4,Yes,Low,No,51-60
EV07302,37,Male,121113.0,Rural,14.8,2,SUV,0,3,No,2,No,Medium,No,31-40
EV07303,46,Male,72916.0,Suburban,64.2,2,Sedan,3,5,Yes,4,Yes,Low,No,41-50
EV07304,42,Female,121378.0,Rural,34.5,2,Hatchback,1,3,Yes,4,Yes,Low,No,41-50
EV07305,33,Female,81686.0,Urban,5.0,1,SUV,11,9,No,4,Yes,Low,Yes,31-40
EV07306,43,Female,96742.0,Suburban,5.0,2,Hatchback,0,5,Yes,2,Yes,Low,No,41-50
EV07307,55,Male,116707.0,Urban,85.2,1,Sedan,4,8,Yes,4,Yes,Low,Yes,51-60
EV07308,49,Female,79804.0,Urban,88.3,1,Hatchback,11,6,No,3,Yes,Medium,No,41-50
EV07309,68,Other,129089.0,Urban,29.8,1,Hatchback,7,15,No,4,No,Medium,No,61-70
EV07310,61,Male,81294.0,Urban,67.6,1,SUV,13,18,No,3,No,Low,No,61-70
EV07311,33,Female,52174.0,Urban,38.8,3,SUV,11,8,No,5,Yes,Low,Yes,31-40
EV07312,36,Female,78182.0,Urban,45.3,2,Truck,8,14,No,3,Yes,Low,No,31-40
EV07313,48,Male,56900.0,Suburban,49.6,2,SUV,4,6,Yes,4,Yes,Low,No,41-50
EV07314,38,Female,30000.0,Urban,51.9,2,SUV,5,9,No,4,Yes,Low,No,31-40
EV07315,66,Male,100107.0,Rural,61.2,2,SUV,1,2,Yes,3,Yes,Low,No,61-70
EV07316,53,Female,36207.0,Urban,29.8,1,Hatchback,4,17,Yes,1,Yes,Low,No,51-60
EV07317,55,Female,45266.0,Urban,50.7,2,Hatchback,13,8,No,4,No,Low,No,51-60
EV07318,25,Male,88112.0,Urban,15.8,3,SUV,6,14,No,2,Yes,Low,No,18-30
EV07319,58,Female,112270.0,Urban,5.0,3,Sedan,13,16,No,3,Yes,Low,No,51-60
EV07320,49,Female,116863.0,Urban,40.5,1,Hatchback,3,13,No,4,No,Medium,No,41-50
EV07321,55,Male,77924.0,Urban,22.4,2,Truck,10,12,Yes,3,Yes,Low,Yes,51-60
EV07322,32,Female,30000.0,Urban,44.2,3,Sedan,13,6,No,5,Yes,Medium,No,31-40
EV07323,31,Female,84708.0,Urban,40.7,1,SUV,11,7,No,4,No,Low,No,31-40
EV07324,54,Male,74398.0,Rural,56.9,1,Sedan,1,0,Yes,2,Yes,Low,Yes,51-60
EV07325,54,Female,79617.0,Urban,32.2,2,SUV,5,13,No,4,No,Low,No,51-60
EV07326,50,Male,102541.0,Urban,51.7,4,Sedan,11,6,Yes,2,Yes,Low,No,41-50
EV07327,69,Female,52460.0,Rural,40.2,2,Sedan,0,0,Yes,3,Yes,Low,No,61-70
EV07328,36,Female,51460.0,Suburban,33.4,1,Sedan,0,8,Yes,1,Yes,Low,No,31-40
EV07329,59,Male,95515.0,Urban,30.7,4,Hatchback,6,7,No,2,Yes,Low,No,51-60
EV07330,37,Female,119640.0,Urban,43.9,1,SUV,8,19,Yes,3,No,Low,No,31-40
EV07331,32,Male,30000.0,Suburban,12.7,1,Sedan,1,9,No,3,Yes,Medium,No,31-40
EV07332,44,Male,83646.0,Urban,7.4,2,Truck,3,11,No,2,Yes,Medium,No,41-50
EV07333,49,Female,48045.0,Suburban,67.9,3,Sedan,1,8,Yes,4,Yes,Low,No,41-50
EV07334,53,Male,93035.0,Suburban,5.0,4,Hatchback,3,7,Yes,4,Yes,Low,Yes,51-60
EV07335,51,Female,41384.0,Rural,36.8,2,SUV,0,3,Yes,1,No,Low,No,51-60
EV07336,63,Male,65181.0,Urban,75.1,2,Hatchback,11,16,No,2,No,Low,No,61-70
EV07337,29,Female,117892.0,Urban,14.3,2,Sedan,7,17,No,3,Yes,Low,No,18-30
EV07338,59,Male,113610.0,Rural,9.2,2,Hatchback,0,1,Yes,5,Yes,Low,Yes,51-60
EV07339,61,Female,78481.0,Suburban,59.0,2,Truck,7,1,Yes,5,Yes,Low,Yes,61-70
EV07340,65,Female,122966.0,Urban,25.3,3,Sedan,4,11,Yes,4,Yes,Low,Yes,61-70
EV07341,40,Male,76945.0,Rural,95.6,2,Sedan,1,0,Yes,3,No,Low,No,31-40
EV07342,34,Female,48537.0,Urban,5.0,2,SUV,6,7,No,4,Yes,Low,No,31-40
EV07343,65,Male,62967.0,Suburban,44.3,2,Sedan,5,3,Yes,1,No,Low,No,61-70
EV07344,47,Male,60430.0,Urban,58.5,1,Hatchback,4,13,Yes,1,No,Low,No,41-50
EV07345,48,Female,73136.0,Urban,33.5,1,Hatchback,6,12,No,3,Yes,Medium,No,41-50
EV07346,50,Female,85905.0,Urban,40.2,2,Sedan,14,17,No,1,Yes,Low,No,41-50
EV07347,57,Male,41446.0,Urban,74.4,1,Sedan,11,18,Yes,4,No,Low,No,51-60
EV07348,53,Female,77115.0,Suburban,68.1,1,SUV,4,1,Yes,4,Yes,Medium,No,51-60
EV07349,42,Female,62737.0,Urban,36.8,2,Sedan,14,19,Yes,4,No,Low,No,41-50
EV07350,49,Male,179145.0,Urban,40.2,2,Hatchback,10,11,Yes,1,No,Low,No,41-50
EV07351,29,Female,50453.0,Urban,55.0,2,Truck,12,18,Yes,1,Yes,Low,No,18-30
EV07352,55,Female,87340.0,Urban,83.2,1,SUV,12,11,No,5,Yes,Low,Yes,51-60
EV07353,68,Female,63750.0,Urban,5.5,1,SUV,12,4,No,4,Yes,Medium,No,61-70
EV07354,25,Male,95939.0,Suburban,76.7,2,Sedan,6,3,No,3,Yes,Medium,No,18-30
EV07355,49,Male,30000.0,Urban,57.4,1,Sedan,13,7,Yes,2,Yes,Low,No,41-50
EV07356,58,Female,117410.0,Urban,51.7,1,SUV,10,18,Yes,1,Yes,Low,No,51-60
EV07357,60,Male,92283.0,Rural,21.9,2,SUV,2,2,Yes,3,No,Low,No,51-60
EV07358,63,Female,106710.0,Suburban,26.9,2,Truck,1,7,Yes,4,Yes,Low,Yes,61-70
EV07359,42,Male,69446.0,Urban,71.0,1,Sedan,6,10,Yes,3,No,Low,No,41-50
EV07360,42,Male,117173.0,Urban,5.0,4,SUV,12,13,Yes,3,Yes,Low,No,41-50
EV07361,40,Male,110576.0,Urban,88.6,3,SUV,13,13,No,1,No,High,No,31-40
EV07362,43,Female,113623.0,Suburban,24.5,1,Sedan,0,9,Yes,3,Yes,Low,Yes,41-50
EV07363,43,Male,63362.0,Urban,56.9,2,Sedan,9,16,Yes,4,Yes,Low,No,41-50
EV07364,36,Male,126159.0,Urban,58.3,3,SUV,9,4,No,5,No,High,No,31-40
EV07365,54,Male,70082.0,Urban,5.0,2,Truck,12,18,No,3,Yes,Low,Yes,51-60
EV07366,36,Male,101318.0,Urban,25.5,1,SUV,13,17,Yes,2,No,Low,No,31-40
EV07367,32,Male,132087.0,Urban,33.7,1,Sedan,14,16,Yes,2,No,Low,No,31-40
EV07368,36,Female,106911.0,Urban,29.0,1,SUV,7,13,No,3,Yes,Medium,No,31-40
EV07369,61,Male,30000.0,Urban,26.4,2,Sedan,11,8,Yes,3,No,Low,No,61-70
EV07370,50,Female,114353.0,Rural,48.9,3,SUV,1,2,Yes,1,Yes,Low,No,41-50
EV07371,69,Male,118337.0,Suburban,37.7,2,Truck,5,9,Yes,3,No,Low,No,61-70
EV07372,53,Female,142890.0,Urban,31.6,3,Sedan,5,19,No,5,Yes,Low,Yes,51-60
EV07373,60,Female,63369.0,Urban,62.2,4,Sedan,4,8,No,2,No,Low,No,51-60
EV07374,55,Male,69768.0,Urban,30.4,1,Hatchback,10,14,Yes,4,Yes,Low,Yes,51-60
EV07375,34,Male,136217.0,Rural,22.4,1,Sedan,2,1,Yes,1,Yes,Low,No,31-40
EV07376,63,Male,95002.0,Urban,40.2,2,SUV,8,14,Yes,4,No,Low,No,61-70
EV07377,51,Male,152781.0,Urban,44.1,2,SUV,10,9,No,5,No,Low,Yes,51-60
EV07378,34,Female,85573.0,Suburban,47.1,2,Sedan,7,7,Yes,1,No,Low,No,31-40
EV07379,46,Female,69158.0,Urban,39.8,2,Truck,7,5,No,5,Yes,Low,Yes,41-50
EV07380,57,Male,88074.0,Suburban,13.2,2,Sedan,7,4,Yes,4,Yes,Low,Yes,51-60
EV07381,40,Male,86680.0,Urban,59.1,3,Sedan,10,9,No,3,Yes,Medium,No,31-40
EV07382,27,Male,156086.0,Urban,5.0,1,Truck,5,15,Yes,3,Yes,Low,No,18-30
EV07383,40,Other,84708.0,Suburban,36.4,1,SUV,5,3,No,3,No,Medium,No,31-40
EV07384,65,Female,101159.0,Urban,40.2,3,Sedan,10,18,No,1,No,Low,No,61-70
EV07385,49,Female,30000.0,Urban,64.8,1,Hatchback,2,13,No,3,Yes,Low,No,41-50
EV07386,26,Female,126807.0,Rural,5.0,2,Sedan,1,0,Yes,2,Yes,Low,Yes,18-30
EV07387,47,Female,116287.0,Suburban,53.3,2,SUV,7,1,Yes,3,Yes,Low,No,41-50
EV07388,40,Female,160791.0,Urban,5.0,1,SUV,3,17,No,1,No,Low,No,31-40
EV07389,26,Female,104434.0,Urban,40.8,3,SUV,8,17,No,1,No,Low,No,18-30
EV07390,43,Male,161571.0,Urban,60.2,1,Hatchback,4,17,Yes,2,Yes,Low,Yes,41-50
EV07391,65,Male,61870.0,Rural,54.0,2,Hatchback,1,1,Yes,1,No,Low,No,61-70
EV07392,58,Female,60710.0,Urban,47.7,3,Sedan,6,14,No,2,Yes,Low,No,51-60
EV07393,56,Female,45482.0,Urban,40.2,1,Sedan,12,6,No,1,No,Medium,No,51-60
EV07394,61,Male,84708.0,Suburban,7.6,3,Sedan,6,8,No,5,No,Low,No,61-70
EV07395,66,Male,104832.0,Rural,50.9,2,SUV,0,1,Yes,1,Yes,Low,Yes,61-70
EV07396,32,Male,107311.0,Urban,37.5,1,Sedan,9,4,No,5,No,Medium,No,31-40
EV07397,26,Other,126376.0,Suburban,42.1,3,Sedan,6,4,Yes,4,Yes,Low,No,18-30
EV07398,55,Male,84730.0,Rural,5.0,4,SUV,0,2,Yes,4,Yes,Low,No,51-60
EV07399,59,Female,73361.0,Suburban,69.8,2,SUV,0,6,Yes,1,Yes,Low,No,51-60
EV07400,60,Male,67052.0,Urban,5.0,1,Sedan,14,19,No,4,No,Low,No,51-60
EV07401,63,Female,101182.0,Rural,24.2,4,SUV,1,0,Yes,1,Yes,Low,No,61-70
EV07402,32,Male,87679.0,Rural,75.7,2,Hatchback,2,3,Yes,1,Yes,Low,No,31-40
EV07403,33,Female,61731.0,Urban,45.9,1,Sedan,8,5,No,5,Yes,Medium,No,31-40
EV07404,36,Female,105805.0,Suburban,56.9,1,Sedan,0,7,Yes,1,Yes,Low,Yes,31-40
EV07405,67,Female,150096.0,Rural,56.7,2,SUV,1,3,Yes,1,No,Low,No,61-70
EV07406,37,Male,94581.0,Suburban,5.0,3,Truck,5,1,Yes,1,No,Low,No,31-40
EV07407,33,Female,141032.0,Suburban,61.7,1,Sedan,2,2,Yes,4,No,Low,No,31-40
EV07408,26,Male,98972.0,Urban,50.3,2,Sedan,4,15,No,3,No,Low,No,18-30
EV07409,60,Female,50117.0,Suburban,31.1,3,Hatchback,6,4,No,2,No,Low,No,51-60
EV07410,47,Male,87877.0,Urban,68.2,1,Sedan,11,3,Yes,2,Yes,Low,No,41-50
EV07411,40,Male,61055.0,Rural,80.4,2,SUV,1,0,Yes,2,Yes,Low,No,31-40
EV07412,45,Female,87500.0,Urban,77.2,3,Hatchback,8,10,No,1,No,Low,No,41-50
EV07413,36,Female,107861.0,Urban,69.2,2,Hatchback,2,8,Yes,3,No,Low,No,31-40
EV07414,46,Female,78600.0,Suburban,88.4,3,Sedan,5,6,Yes,1,Yes,Low,No,41-50
EV07415,68,Female,104416.0,Urban,30.4,3,Hatchback,12,13,No,1,No,Low,No,61-70
EV07416,43,Male,115220.0,Urban,62.8,2,SUV,4,13,No,5,No,Low,No,41-50
EV07417,49,Male,62226.0,Urban,24.2,2,SUV,4,17,No,1,Yes,Low,No,41-50
EV07418,55,Male,30000.0,Urban,75.7,1,Sedan,10,5,No,1,Yes,Low,No,51-60
EV07419,69,Female,110173.0,Suburban,50.6,1,Sedan,4,5,No,5,Yes,Low,Yes,61-70
EV07420,28,Male,84505.0,Suburban,30.6,3,Truck,1,3,Yes,3,No,Low,No,18-30
EV07421,62,Female,84270.0,Urban,49.8,2,Sedan,13,3,Yes,2,Yes,Low,No,61-70
EV07422,54,Female,30000.0,Urban,38.2,2,Sedan,13,8,Yes,2,Yes,Low,No,51-60
EV07423,55,Female,49066.0,Urban,52.6,2,Sedan,12,14,No,3,Yes,Low,No,51-60
EV07424,32,Female,60660.0,Rural,51.3,1,Sedan,1,0,Yes,4,Yes,Low,No,31-40
EV07425,52,Male,67874.0,Suburban,41.9,4,SUV,6,9,Yes,4,Yes,Low,Yes,51-60
EV07426,68,Female,122578.0,Rural,60.3,2,Sedan,2,2,Yes,1,Yes,Low,No,61-70
EV07427,27,Male,148633.0,Suburban,47.3,1,Hatchback,1,4,Yes,3,No,Low,No,18-30
EV07428,40,Female,33055.0,Urban,28.1,2,SUV,5,10,No,2,Yes,Low,No,31-40
EV07429,31,Female,113767.0,Suburban,59.4,2,Hatchback,4,7,Yes,2,Yes,Low,No,31-40
EV07430,41,Male,75931.0,Rural,21.3,3,Sedan,0,0,Yes,5,Yes,Low,Yes,41-50
EV07431,44,Male,100498.0,Urban,52.6,2,SUV,13,16,No,2,No,Low,No,41-50
EV07432,27,Female,122771.0,Suburban,29.1,1,Truck,6,3,Yes,5,Yes,Low,Yes,18-30
EV07433,25,Female,94121.0,Suburban,20.1,1,Hatchback,4,6,Yes,3,Yes,Low,No,18-30
EV07434,60,Male,30000.0,Suburban,33.4,2,Truck,5,3,Yes,4,Yes,Low,No,51-60
EV07435,26,Female,107592.0,Urban,42.2,1,Sedan,14,8,No,3,No,Low,No,18-30
EV07436,55,Male,30000.0,Rural,47.8,1,Truck,0,1,Yes,1,Yes,Low,No,51-60
EV07437,27,Male,43656.0,Urban,55.2,2,Hatchback,14,3,No,3,No,Low,No,18-30
EV07438,45,Male,125381.0,Suburban,24.9,1,SUV,5,9,Yes,1,Yes,Low,No,41-50
EV07439,69,Female,33410.0,Suburban,17.6,1,Sedan,6,5,No,2,Yes,Low,No,61-70
EV07440,30,Male,66175.0,Suburban,62.4,3,Hatchback,6,5,Yes,5,Yes,Low,Yes,18-30
EV07441,50,Female,54884.0,Suburban,44.9,2,Hatchback,3,5,Yes,1,Yes,Low,No,41-50
EV07442,30,Male,114936.0,Suburban,40.2,2,Sedan,1,4,Yes,3,No,Low,No,18-30
EV07443,33,Male,114273.0,Rural,23.3,2,Sedan,0,2,Yes,1,No,Low,No,31-40
EV07444,42,Male,67498.0,Suburban,16.6,1,Sedan,0,8,Yes,3,No,Low,No,41-50
EV07445,36,Male,44408.0,Urban,17.7,2,SUV,10,6,No,1,No,Low,No,31-40
EV07446,44,Male,130853.0,Suburban,13.0,2,Truck,3,9,Yes,3,Yes,Low,No,41-50
EV07447,44,Male,86160.0,Urban,40.2,4,Sedan,8,13,Yes,3,Yes,Low,No,41-50
EV07448,30,Male,59227.0,Urban,82.2,2,SUV,9,7,No,1,No,Medium,No,18-30
EV07449,48,Male,30000.0,Urban,45.6,2,SUV,6,5,No,5,Yes,Medium,No,41-50
EV07450,49,Male,42934.0,Rural,25.2,2,Truck,2,3,Yes,2,Yes,Low,No,41-50
EV07451,53,Male,58220.0,Suburban,49.7,3,Sedan,1,7,Yes,4,Yes,Medium,Yes,51-60
EV07452,46,Male,65178.0,Urban,33.3,1,Hatchback,2,12,No,1,No,Medium,No,41-50
EV07453,65,Female,76807.0,Rural,42.4,1,Sedan,1,3,Yes,5,No,Low,Yes,61-70
EV07454,64,Male,69170.0,Suburban,35.4,1,SUV,6,1,Yes,2,Yes,Low,No,61-70
EV07455,54,Female,34259.0,Suburban,33.9,1,SUV,4,5,Yes,5,Yes,Low,Yes,51-60
EV07456,51,Male,154485.0,Rural,15.7,2,Hatchback,1,1,Yes,4,No,Low,No,51-60
EV07457,44,Female,97623.0,Suburban,5.0,2,SUV,7,2,Yes,3,No,Low,No,41-50
EV07458,66,Other,78212.0,Urban,64.4,1,SUV,11,16,No,1,Yes,Low,No,61-70
EV07459,31,Male,83059.0,Urban,5.0,3,SUV,5,8,Yes,4,Yes,Low,No,31-40
EV07460,69,Female,94545.0,Suburban,9.5,1,Sedan,1,6,Yes,3,No,Low,No,61-70
EV07461,63,Female,81692.0,Suburban,5.0,1,Sedan,4,9,Yes,2,No,Low,No,61-70
EV07462,69,Male,81954.0,Urban,89.9,2,Hatchback,9,17,No,2,Yes,Medium,No,61-70
EV07463,69,Female,88350.0,Rural,30.8,1,Sedan,2,1,Yes,2,No,Low,No,61-70
EV07464,34,Male,63034.0,Urban,53.3,2,Sedan,13,4,No,1,Yes,Medium,No,31-40
EV07465,67,Male,35689.0,Urban,39.5,2,Hatchback,9,11,No,2,Yes,Medium,No,61-70
EV07466,48,Female,122555.0,Urban,37.5,3,Truck,7,4,No,2,No,Low,No,41-50
EV07467,60,Female,68675.0,Urban,60.5,1,SUV,13,9,Yes,5,Yes,Low,No,51-60
EV07468,26,Male,96457.0,Urban,67.9,1,Hatchback,14,18,No,2,Yes,Low,No,18-30
EV07469,65,Female,140087.0,Urban,37.4,1,SUV,6,10,Yes,1,Yes,Low,Yes,61-70
EV07470,69,Male,96491.0,Suburban,32.6,3,SUV,1,4,Yes,4,Yes,Low,Yes,61-70
EV07471,57,Male,92819.0,Suburban,56.7,4,Sedan,2,1,No,3,No,Medium,No,51-60
EV07472,50,Male,30000.0,Suburban,40.2,3,Hatchback,7,1,Yes,4,Yes,Low,No,41-50
EV07473,32,Male,97511.0,Urban,38.3,4,SUV,4,17,No,1,Yes,Medium,No,31-40
EV07474,66,Female,117611.0,Suburban,41.2,2,Hatchback,0,1,Yes,3,No,Low,No,61-70
EV07475,37,Male,68967.0,Suburban,68.5,2,Sedan,2,2,Yes,4,Yes,Low,Yes,31-40
EV07476,40,Male,52717.0,Urban,63.8,2,SUV,2,18,No,1,No,Low,No,31-40
EV07477,40,Male,106533.0,Urban,70.7,2,SUV,5,13,No,2,Yes,Low,No,31-40
EV07478,35,Female,67099.0,Suburban,44.2,1,Truck,3,1,Yes,4,Yes,Low,Yes,31-40
EV07479,37,Male,47745.0,Suburban,14.5,1,Sedan,4,1,Yes,4,No,Medium,No,31-40
EV07480,50,Male,84210.0,Urban,13.1,3,SUV,6,4,Yes,4,No,Low,No,41-50
EV07481,45,Female,41763.0,Suburban,38.1,1,Sedan,7,1,No,3,No,Medium,No,41-50
EV07482,37,Female,30000.0,Urban,54.9,2,SUV,5,12,Yes,2,No,Low,No,31-40
EV07483,57,Other,103511.0,Urban,13.1,2,Hatchback,7,16,No,3,Yes,Medium,No,51-60
EV07484,51,Male,69607.0,Suburban,55.6,1,Hatchback,2,3,Yes,5,Yes,Low,No,51-60
EV07485,28,Female,30000.0,Urban,44.1,1,SUV,13,13,No,1,No,Low,No,18-30
EV07486,47,Male,70159.0,Rural,44.0,1,SUV,2,1,Yes,1,No,Low,No,41-50
EV07487,55,Female,63371.0,Suburban,54.5,1,Truck,0,9,Yes,2,Yes,Low,No,51-60
EV07488,59,Male,66087.0,Suburban,30.6,1,SUV,4,1,Yes,5,Yes,Low,No,51-60
EV07489,39,Female,97624.0,Urban,17.6,3,Sedan,7,7,No,4,Yes,Low,No,31-40
EV07490,28,Other,116852.0,Suburban,45.9,2,Sedan,6,4,Yes,1,Yes,Low,No,18-30
EV07491,50,Male,114870.0,Urban,106.3,4,Hatchback,4,10,No,2,Yes,Medium,No,41-50
EV07492,38,Female,97759.0,Urban,32.2,1,SUV,6,8,Yes,1,Yes,Low,No,31-40
EV07493,43,Female,112110.0,Suburban,51.6,1,SUV,1,4,Yes,1,Yes,Low,No,41-50
EV07494,54,Male,126457.0,Suburban,11.9,4,Hatchback,0,1,No,1,Yes,Medium,No,51-60
EV07495,60,Male,106168.0,Urban,11.6,3,Hatchback,8,9,No,1,No,Low,No,51-60
EV07496,66,Female,45748.0,Suburban,61.4,2,Sedan,3,8,Yes,1,Yes,Low,No,61-70
EV07497,30,Male,30000.0,Suburban,19.7,1,Sedan,3,8,No,1,No,Low,No,18-30
EV07498,34,Female,129729.0,Urban,46.3,2,Hatchback,8,19,No,2,Yes,Low,No,31-40
EV07499,63,Male,121795.0,Urban,71.0,2,Sedan,6,9,Yes,5,Yes,Low,Yes,61-70
EV07500,63,Male,87903.0,Suburban,18.5,2,Truck,3,3,Yes,4,No,Low,No,61-70
EV07501,55,Male,65881.0,Urban,38.3,1,SUV,8,16,Yes,4,No,Low,No,51-60
EV07502,27,Female,124325.0,Rural,15.5,3,Hatchback,1,3,Yes,3,Yes,Low,Yes,18-30
EV07503,29,Female,68315.0,Urban,89.3,2,Sedan,13,16,No,3,No,Low,No,18-30
EV07504,48,Male,123466.0,Suburban,20.1,2,SUV,4,5,Yes,3,Yes,Low,Yes,41-50
EV07505,36,Male,86561.0,Urban,32.7,1,SUV,11,14,No,3,No,Low,No,31-40
EV07506,37,Female,103573.0,Rural,30.0,2,Hatchback,1,3,Yes,4,No,Low,No,31-40
EV07507,27,Male,112506.0,Suburban,40.6,2,SUV,5,6,Yes,4,Yes,Low,Yes,18-30
EV07508,34,Female,69686.0,Urban,32.4,1,Hatchback,2,8,No,3,Yes,Low,No,31-40
EV07509,38,Female,70394.0,Rural,23.2,2,Hatchback,2,0,Yes,1,No,Low,No,31-40
EV07510,61,Female,30000.0,Suburban,12.2,2,Sedan,6,9,Yes,1,No,Low,No,61-70
EV07511,37,Male,84047.0,Suburban,53.6,2,Sedan,0,3,Yes,2,Yes,Low,No,31-40
EV07512,30,Other,55119.0,Urban,43.1,1,Hatchback,7,8,Yes,1,No,Low,No,18-30
EV07513,40,Female,107220.0,Suburban,49.4,2,Sedan,7,7,Yes,5,No,Low,No,31-40
EV07514,41,Other,87432.0,Rural,67.4,2,Sedan,0,1,Yes,3,Yes,Low,No,41-50
EV07515,61,Female,30000.0,Urban,27.0,3,Sedan,6,6,Yes,5,Yes,Low,No,61-70
EV07516,47,Male,96108.0,Urban,17.2,1,Hatchback,6,19,No,3,No,Medium,No,41-50
EV07517,36,Female,34551.0,Suburban,13.1,2,SUV,3,1,Yes,4,Yes,Low,No,31-40
EV07518,68,Male,61612.0,Urban,76.1,3,Sedan,8,7,No,2,Yes,Low,No,61-70
EV07519,55,Female,51850.0,Suburban,5.0,1,Sedan,7,3,No,2,No,Low,No,51-60
EV07520,26,Female,93785.0,Urban,27.4,1,Sedan,8,16,No,1,No,Low,No,18-30
EV07521,59,Female,97973.0,Urban,14.2,1,Sedan,12,10,Yes,3,Yes,Low,No,51-60
EV07522,42,Other,95537.0,Rural,20.1,3,SUV,0,1,No,3,No,Low,No,41-50
EV07523,61,Female,117715.0,Suburban,40.7,3,Sedan,1,4,Yes,1,No,Low,No,61-70
EV07524,28,Male,111217.0,Suburban,29.4,1,Hatchback,1,2,Yes,3,No,Low,No,18-30
EV07525,46,Female,123422.0,Urban,55.7,1,SUV,5,5,Yes,5,No,Low,No,41-50
EV07526,64,Female,106464.0,Urban,5.0,1,Truck,11,5,No,1,Yes,Low,No,61-70
EV07527,25,Male,83586.0,Urban,23.2,2,SUV,14,7,No,3,Yes,Low,No,18-30
EV07528,45,Male,100714.0,Suburban,65.4,1,Sedan,0,1,Yes,3,Yes,Low,No,41-50
EV07529,34,Female,101210.0,Urban,75.1,2,Hatchback,12,10,Yes,5,No,Low,No,31-40
EV07530,38,Female,64204.0,Suburban,18.1,3,Hatchback,2,2,Yes,2,Yes,Low,No,31-40
EV07531,62,Male,30000.0,Urban,5.0,2,Sedan,2,5,Yes,2,Yes,Low,No,61-70
EV07532,31,Female,93225.0,Urban,68.1,3,Sedan,12,4,No,5,No,Medium,No,31-40
EV07533,44,Male,74743.0,Urban,88.9,2,Sedan,4,13,Yes,1,Yes,Low,No,41-50
EV07534,62,Female,52711.0,Suburban,71.5,3,Sedan,3,7,No,1,Yes,Medium,No,61-70
EV07535,37,Female,100925.0,Suburban,95.2,1,Sedan,1,8,Yes,4,No,Low,No,31-40
EV07536,35,Female,40397.0,Suburban,33.5,3,SUV,5,4,Yes,4,Yes,Low,No,31-40
EV07537,27,Male,115513.0,Urban,44.9,3,Sedan,11,18,No,1,Yes,Low,No,18-30
EV07538,25,Female,100761.0,Urban,47.1,4,Sedan,12,18,No,2,No,Low,No,18-30
EV07539,27,Female,121692.0,Suburban,49.2,1,Sedan,2,6,Yes,2,Yes,Low,Yes,18-30
EV07540,51,Female,137762.0,Urban,5.0,2,Sedan,11,9,Yes,2,No,Low,No,51-60
EV07541,38,Male,84708.0,Suburban,30.1,4,Hatchback,3,4,Yes,1,Yes,Low,No,31-40
EV07542,49,Male,112985.0,Suburban,49.6,2,Truck,7,4,Yes,4,Yes,Low,Yes,41-50
EV07543,58,Male,51080.0,Suburban,69.6,2,Sedan,4,1,No,3,Yes,Medium,No,51-60
EV07544,26,Male,69891.0,Urban,11.5,1,Sedan,6,8,No,2,No,Medium,No,18-30
EV07545,51,Male,96623.0,Rural,37.1,1,Sedan,1,1,Yes,1,No,Low,No,51-60
EV07546,35,Male,86376.0,Urban,60.9,1,Sedan,11,18,Yes,1,Yes,Low,No,31-40
EV07547,60,Male,132852.0,Suburban,17.9,2,Truck,6,9,Yes,2,Yes,Low,No,51-60
EV07548,50,Female,150019.0,Suburban,69.0,2,Sedan,4,5,Yes,5,Yes,Low,Yes,41-50
EV07549,50,Male,126729.0,Urban,73.2,2,Hatchback,11,19,Yes,1,No,Low,No,41-50
EV07550,46,Female,61623.0,Suburban,23.6,1,Hatchback,0,8,Yes,4,No,Low,No,41-50
EV07551,52,Male,41923.0,Urban,40.2,1,Hatchback,13,10,No,1,No,Low,No,51-60
EV07552,50,Male,90978.0,Urban,48.2,1,Hatchback,13,14,No,5,Yes,Low,Yes,41-50
EV07553,55,Female,103111.0,Urban,28.2,4,Sedan,11,13,Yes,4,No,Low,No,51-60
EV07554,63,Female,39242.0,Suburban,47.2,2,Sedan,7,6,No,5,No,Medium,No,61-70
EV07555,58,Female,59838.0,Urban,77.2,1,Hatchback,4,18,No,3,Yes,Low,No,51-60
EV07556,42,Male,32718.0,Suburban,47.9,3,SUV,4,3,Yes,5,Yes,Low,Yes,41-50
EV07557,48,Male,76239.0,Suburban,44.2,2,Sedan,3,3,No,2,No,Medium,No,41-50
EV07558,51,Male,124848.0,Suburban,11.4,1,Sedan,0,1,Yes,4,Yes,Low,No,51-60
EV07559,69,Male,97302.0,Rural,37.7,2,Truck,1,3,Yes,4,Yes,Low,No,61-70
EV07560,53,Male,52131.0,Rural,26.3,1,Sedan,0,1,Yes,4,Yes,Low,No,51-60
EV07561,62,Male,76553.0,Rural,51.7,4,Sedan,1,1,Yes,1,No,Low,No,61-70
EV07562,62,Male,38999.0,Urban,77.9,2,Truck,6,18,Yes,2,No,Low,No,61-70
EV07563,57,Male,105576.0,Rural,24.8,2,Sedan,0,3,Yes,5,Yes,Low,Yes,51-60
EV07564,64,Male,144127.0,Urban,46.1,1,Sedan,9,4,No,1,Yes,Medium,No,61-70
EV07565,58,Male,130538.0,Urban,102.4,2,SUV,4,9,No,5,No,Medium,No,51-60
EV07566,33,Female,104761.0,Rural,25.8,1,SUV,1,1,Yes,1,Yes,Low,No,31-40
EV07567,32,Female,67954.0,Urban,13.6,2,Hatchback,4,16,No,2,Yes,Low,No,31-40
EV07568,40,Female,30000.0,Suburban,44.4,3,Hatchback,7,3,Yes,2,Yes,Low,No,31-40
EV07569,44,Female,76425.0,Urban,65.8,3,Hatchback,7,17,Yes,2,Yes,Low,No,41-50
EV07570,36,Female,57799.0,Suburban,24.4,2,SUV,3,9,Yes,2,Yes,Low,No,31-40
EV07571,50,Female,94333.0,Urban,56.5,2,Truck,13,4,Yes,5,Yes,Low,Yes,41-50
EV07572,66,Female,110971.0,Rural,54.2,1,Hatchback,1,1,No,5,No,Medium,No,61-70
EV07573,63,Female,68066.0,Suburban,53.1,2,Truck,5,3,No,2,No,High,No,61-70
EV07574,61,Male,76269.0,Suburban,81.8,2,Sedan,1,6,Yes,3,No,Low,No,61-70
EV07575,27,Male,81844.0,Urban,47.5,2,SUV,14,11,Yes,1,No,Low,No,18-30
EV07576,55,Male,30000.0,Suburban,31.9,2,Sedan,3,3,Yes,2,Yes,Low,No,51-60
EV07577,29,Male,30856.0,Urban,22.2,3,SUV,11,5,No,2,Yes,Low,No,18-30
EV07578,27,Female,57297.0,Rural,22.4,4,SUV,1,1,Yes,4,No,Low,No,18-30
EV07579,43,Female,58547.0,Rural,61.9,1,SUV,1,0,Yes,2,No,Low,No,41-50
EV07580,68,Female,33469.0,Urban,57.3,1,Sedan,8,5,No,3,Yes,Medium,No,61-70
EV07581,63,Female,30000.0,Suburban,24.8,1,SUV,3,3,Yes,5,No,Low,No,61-70
EV07582,44,Male,67190.0,Urban,66.9,2,Hatchback,14,16,Yes,3,No,Low,No,41-50
EV07583,30,Female,101043.0,Urban,5.0,1,Sedan,3,12,Yes,1,Yes,Low,No,18-30
EV07584,47,Male,55036.0,Suburban,29.8,2,SUV,3,2,Yes,5,No,Low,No,41-50
EV07585,30,Male,30000.0,Urban,71.5,2,Hatchback,9,19,No,3,No,Medium,No,18-30
EV07586,57,Male,122217.0,Rural,26.0,4,Sedan,2,0,Yes,5,No,Low,No,51-60
EV07587,56,Female,123413.0,Urban,5.0,2,Sedan,10,18,No,5,Yes,Low,Yes,51-60
EV07588,44,Female,51468.0,Suburban,35.8,2,Hatchback,2,9,Yes,3,Yes,Low,Yes,41-50
EV07589,40,Male,42761.0,Urban,61.9,2,SUV,7,6,No,2,Yes,Medium,No,31-40
EV07590,31,Female,112988.0,Suburban,42.1,1,Hatchback,6,3,No,3,No,Medium,No,31-40
EV07591,50,Male,136316.0,Suburban,38.6,2,Truck,5,3,Yes,4,Yes,Low,No,41-50
EV07592,39,Other,99179.0,Urban,32.5,3,Sedan,4,10,Yes,5,Yes,Low,Yes,31-40
EV07593,63,Female,119668.0,Rural,8.0,1,SUV,1,1,Yes,2,Yes,Low,No,61-70
EV07594,46,Male,73280.0,Urban,75.5,2,Sedan,3,16,Yes,1,No,Low,No,41-50
EV07595,69,Male,81830.0,Urban,87.1,1,SUV,8,15,No,4,Yes,Medium,No,61-70
EV07596,30,Male,151406.0,Suburban,56.7,2,SUV,0,9,No,1,No,Low,No,18-30
EV07597,60,Male,107039.0,Urban,36.1,2,Sedan,4,13,No,5,No,Low,No,51-60
EV07598,42,Female,120700.0,Suburban,38.6,1,SUV,3,5,Yes,1,Yes,Low,No,41-50
EV07599,42,Male,121954.0,Urban,80.3,2,Sedan,2,11,No,3,No,High,No,41-50
EV07600,49,Male,97111.0,Urban,5.0,2,Sedan,14,7,Yes,4,Yes,Low,No,41-50
EV07601,56,Female,81844.0,Urban,65.9,2,Sedan,9,13,No,4,Yes,Medium,No,51-60
EV07602,39,Male,84942.0,Suburban,48.6,1,Sedan,1,7,Yes,2,No,Low,No,31-40
EV07603,64,Male,32264.0,Urban,64.4,2,SUV,2,13,Yes,3,No,Low,No,61-70
EV07604,44,Male,107798.0,Rural,35.8,2,SUV,0,1,Yes,4,Yes,Low,No,41-50
EV07605,39,Female,30000.0,Rural,40.2,1,Sedan,1,2,Yes,5,No,Low,No,31-40
EV07606,29,Male,100796.0,Suburban,11.9,1,Sedan,6,4,Yes,5,Yes,Low,Yes,18-30
EV07607,57,Female,100016.0,Suburban,71.2,1,SUV,2,1,Yes,5,Yes,Low,Yes,51-60
EV07608,56,Female,30000.0,Urban,57.3,1,SUV,11,5,No,2,No,Medium,No,51-60
EV07609,64,Female,107823.0,Urban,64.9,3,SUV,12,3,No,2,No,Medium,No,61-70
EV07610,59,Female,30000.0,Rural,27.4,1,Sedan,2,1,Yes,5,Yes,Low,No,51-60
EV07611,59,Male,89950.0,Urban,25.6,3,Sedan,13,17,No,4,No,Low,No,51-60
EV07612,41,Female,79123.0,Urban,33.6,2,Hatchback,13,4,Yes,3,Yes,Low,No,41-50
EV07613,69,Female,80141.0,Urban,104.6,1,Hatchback,11,5,No,3,Yes,Medium,No,61-70
EV07614,65,Male,70363.0,Suburban,25.2,1,SUV,3,6,No,3,No,Low,No,61-70
EV07615,54,Male,146706.0,Suburban,37.1,2,SUV,3,1,Yes,1,Yes,Low,Yes,51-60
EV07616,37,Female,133037.0,Suburban,48.5,2,SUV,0,1,Yes,1,No,Low,No,31-40
EV07617,61,Male,127841.0,Urban,13.4,3,SUV,3,7,Yes,1,Yes,Low,No,61-70
EV07618,55,Female,103264.0,Suburban,60.0,1,Sedan,3,9,Yes,3,Yes,Low,No,51-60
EV07619,35,Female,73017.0,Rural,5.0,1,SUV,0,3,Yes,3,Yes,Low,No,31-40
EV07620,32,Female,58625.0,Suburban,5.0,1,Sedan,5,6,No,5,Yes,Low,Yes,31-40
EV07621,68,Male,30000.0,Suburban,48.5,2,SUV,4,5,Yes,1,No,Low,No,61-70
EV07622,47,Female,49667.0,Urban,52.5,2,Sedan,13,9,No,4,Yes,Low,Yes,41-50
EV07623,68,Male,65801.0,Suburban,12.7,2,SUV,0,8,Yes,4,Yes,Low,No,61-70
EV07624,33,Male,121255.0,Urban,68.6,4,Sedan,7,11,No,1,No,Low,No,31-40
EV07625,31,Female,125050.0,Urban,48.9,3,Sedan,4,14,Yes,4,No,Low,No,31-40
EV07626,39,Female,35198.0,Urban,26.0,3,SUV,11,6,Yes,5,No,Low,No,31-40
EV07627,30,Female,30000.0,Urban,45.0,4,Sedan,13,11,Yes,5,No,Low,No,18-30
EV07628,55,Male,115679.0,Suburban,27.7,2,Truck,7,3,Yes,3,No,Low,No,51-60
EV07629,36,Male,30000.0,Urban,40.7,1,Sedan,13,5,No,3,Yes,Low,No,31-40
EV07630,39,Male,64839.0,Suburban,18.5,3,Sedan,0,3,No,3,No,Medium,No,31-40
EV07631,47,Male,30000.0,Suburban,44.5,1,Sedan,0,5,No,1,Yes,Medium,No,41-50
EV07632,56,Male,140078.0,Suburban,16.4,1,SUV,7,4,Yes,3,No,Low,No,51-60
EV07633,42,Female,88765.0,Suburban,54.2,2,SUV,3,1,Yes,4,Yes,Low,No,41-50
EV07634,33,Male,84708.0,Suburban,12.2,1,Sedan,6,9,Yes,1,Yes,Low,No,31-40
EV07635,36,Male,74555.0,Suburban,39.5,1,SUV,4,2,No,3,No,Medium,No,31-40
EV07636,47,Male,143725.0,Urban,53.4,1,SUV,8,8,No,4,No,Medium,No,41-50
EV07637,45,Male,30000.0,Suburban,46.2,2,Sedan,1,2,Yes,3,Yes,Low,No,41-50
EV07638,56,Male,68980.0,Urban,63.3,1,Sedan,9,18,Yes,2,Yes,Low,No,51-60
EV07639,48,Female,96030.0,Suburban,5.0,2,Sedan,2,7,Yes,1,Yes,Low,No,41-50
EV07640,43,Male,89203.0,Urban,65.1,2,Hatchback,5,14,No,4,No,Low,No,41-50
EV07641,52,Male,30000.0,Suburban,49.6,3,Truck,1,1,Yes,3,Yes,Low,No,51-60
EV07642,46,Female,82095.0,Rural,111.0,2,SUV,2,2,Yes,5,Yes,Low,No,41-50
EV07643,58,Female,42442.0,Urban,44.8,2,Hatchback,4,5,No,4,Yes,Medium,No,51-60
EV07644,47,Male,66175.0,Urban,41.8,3,SUV,4,10,No,1,No,Medium,No,41-50
EV07645,46,Female,30000.0,Suburban,28.8,1,Sedan,2,2,Yes,5,Yes,Low,Yes,41-50
EV07646,29,Male,115756.0,Suburban,42.9,2,SUV,3,8,Yes,3,No,Low,No,18-30
EV07647,58,Female,73320.0,Rural,41.4,2,Sedan,2,1,Yes,1,No,Low,No,51-60
EV07648,29,Male,67470.0,Rural,50.3,2,Sedan,2,2,Yes,3,No,Low,No,18-30
EV07649,46,Female,80596.0,Rural,29.0,1,SUV,2,1,Yes,2,Yes,Low,No,41-50
EV07650,29,Female,61616.0,Urban,33.3,2,Sedan,14,9,Yes,1,No,Low,No,18-30
EV07651,67,Male,77010.0,Suburban,43.1,1,Sedan,5,9,Yes,2,No,Low,No,61-70
EV07652,60,Male,102310.0,Rural,5.0,3,Truck,0,0,Yes,5,Yes,Low,Yes,51-60
EV07653,60,Female,48465.0,Urban,59.8,2,SUV,12,3,No,4,Yes,Medium,No,51-60
EV07654,33,Female,119349.0,Urban,73.0,3,Hatchback,6,19,No,5,No,Low,No,31-40
EV07655,61,Male,56888.0,Urban,69.1,2,Sedan,5,11,Yes,2,No,Low,No,61-70
EV07656,38,Female,102189.0,Suburban,6.0,1,Sedan,2,8,Yes,5,No,Low,No,31-40
EV07657,65,Female,44233.0,Urban,22.4,1,Sedan,7,19,No,4,No,Medium,No,61-70
EV07658,36,Male,59713.0,Rural,76.5,2,Sedan,1,2,Yes,4,Yes,Low,No,31-40
EV07659,62,Female,130126.0,Urban,5.0,2,Sedan,7,5,Yes,4,No,Low,No,61-70
EV07660,47,Female,53172.0,Urban,19.6,1,Truck,10,9,No,5,Yes,Medium,No,41-50
EV07661,56,Female,31281.0,Urban,42.8,1,Hatchback,2,16,No,5,Yes,Low,No,51-60
EV07662,63,Female,62127.0,Urban,51.9,2,Truck,4,13,No,5,Yes,Low,No,61-70
EV07663,43,Female,30000.0,Rural,7.5,3,Truck,2,3,Yes,2,No,Low,No,41-50
EV07664,42,Other,117149.0,Rural,55.7,1,SUV,0,1,Yes,1,Yes,Low,No,41-50
EV07665,45,Male,58311.0,Urban,64.8,2,Hatchback,9,4,No,2,Yes,Medium,No,41-50
EV07666,33,Other,56046.0,Suburban,45.9,2,Sedan,6,6,No,4,Yes,Medium,No,31-40
EV07667,37,Male,107306.0,Suburban,74.2,1,Truck,4,9,Yes,3,No,Low,No,31-40
EV07668,36,Female,99319.0,Rural,82.1,1,Sedan,1,1,Yes,2,No,Low,No,31-40
EV07669,34,Female,108979.0,Urban,30.4,1,Hatchback,5,15,No,2,No,Low,No,31-40
EV07670,47,Female,72638.0,Urban,5.0,2,Sedan,2,11,No,4,Yes,Low,No,41-50
EV07671,31,Female,76983.0,Urban,43.9,4,Sedan,3,10,Yes,4,Yes,Low,No,31-40
EV07672,51,Male,112216.0,Rural,31.6,2,Truck,2,3,Yes,1,Yes,Low,No,51-60
EV07673,46,Female,111097.0,Urban,25.3,1,Sedan,13,14,Yes,3,No,Low,No,41-50
EV07674,61,Male,112446.0,Rural,20.0,1,Sedan,1,1,Yes,4,Yes,Low,Yes,61-70
EV07675,45,Other,47756.0,Urban,31.1,1,Hatchback,9,13,No,4,No,Medium,No,41-50
EV07676,35,Female,95059.0,Urban,63.2,3,SUV,3,4,Yes,2,Yes,Low,No,31-40
EV07677,29,Female,30000.0,Suburban,34.6,2,Truck,6,6,No,4,Yes,Medium,Yes,18-30
EV07678,34,Female,152848.0,Rural,43.2,2,SUV,2,3,Yes,3,No,Low,No,31-40
EV07679,65,Male,33178.0,Rural,34.8,2,SUV,2,3,Yes,2,No,Low,No,61-70
EV07680,55,Male,30000.0,Urban,66.8,3,Truck,10,15,No,2,Yes,Medium,No,51-60
EV07681,39,Male,175295.0,Rural,5.0,1,Sedan,0,1,Yes,4,Yes,Low,Yes,31-40
EV07682,41,Male,110625.0,Rural,22.3,2,SUV,1,0,Yes,1,Yes,Low,No,41-50
EV07683,41,Male,45264.0,Suburban,46.0,1,Hatchback,1,4,No,5,Yes,Low,No,41-50
EV07684,41,Male,82903.0,Rural,49.0,2,SUV,2,1,Yes,3,Yes,Low,No,41-50
EV07685,33,Male,84578.0,Urban,15.5,2,Sedan,7,14,Yes,5,Yes,Low,Yes,31-40
EV07686,48,Male,63930.0,Urban,113.5,2,Sedan,8,16,No,3,No,Low,No,41-50
EV07687,61,Male,30000.0,Suburban,27.7,1,Sedan,5,1,No,4,Yes,Medium,No,61-70
EV07688,58,Male,92085.0,Suburban,5.0,3,Sedan,7,4,No,3,Yes,Low,Yes,51-60
EV07689,67,Other,116092.0,Urban,5.0,3,SUV,6,5,No,5,No,Low,No,61-70
EV07690,54,Male,104267.0,Suburban,61.3,1,Hatchback,0,6,Yes,2,No,Low,No,51-60
EV07691,30,Female,34824.0,Rural,9.7,1,SUV,1,3,Yes,1,Yes,Low,No,18-30
EV07692,57,Female,85156.0,Suburban,80.7,1,SUV,4,5,Yes,1,Yes,Low,No,51-60
EV07693,69,Male,101938.0,Suburban,40.2,1,Sedan,7,3,Yes,4,No,Low,No,61-70
EV07694,36,Male,104792.0,Suburban,50.9,3,Sedan,7,8,Yes,3,No,Low,No,31-40
EV07695,47,Male,70864.0,Urban,41.9,1,SUV,12,9,No,1,Yes,Low,No,41-50
EV07696,37,Male,136410.0,Urban,41.1,1,SUV,11,5,No,5,Yes,Low,Yes,31-40
EV07697,39,Female,84708.0,Urban,54.4,2,Sedan,12,14,Yes,4,Yes,Low,Yes,31-40
EV07698,46,Female,64927.0,Rural,22.7,1,Sedan,1,3,Yes,5,No,Low,Yes,41-50
EV07699,64,Male,49989.0,Urban,86.6,1,SUV,2,10,No,4,Yes,Medium,Yes,61-70
EV07700,35,Female,74195.0,Suburban,59.6,2,Sedan,6,3,Yes,5,No,Low,No,31-40
EV07701,53,Male,104642.0,Urban,42.5,2,Sedan,8,19,No,5,Yes,Low,Yes,51-60
EV07702,44,Female,73913.0,Urban,38.1,2,Hatchback,11,16,No,4,Yes,Medium,No,41-50
EV07703,54,Male,124992.0,Suburban,63.4,3,SUV,4,4,No,5,Yes,High,No,51-60
EV07704,46,Male,64018.0,Suburban,68.6,2,Hatchback,5,9,No,1,No,Medium,No,41-50
EV07705,48,Male,73513.0,Suburban,39.1,1,SUV,2,3,Yes,2,No,Low,No,41-50
EV07706,45,Female,68835.0,Urban,57.4,2,Sedan,10,15,No,5,No,Low,No,41-50
EV07707,36,Male,133585.0,Urban,64.2,2,SUV,6,19,No,2,Yes,Low,No,31-40
EV07708,51,Female,83506.0,Urban,31.2,3,Sedan,4,12,Yes,1,No,Low,No,51-60
EV07709,30,Male,66325.0,Suburban,31.1,2,Truck,4,3,Yes,5,No,Low,Yes,18-30
EV07710,56,Male,56267.0,Urban,84.1,2,Sedan,5,10,No,5,No,Medium,No,51-60
EV07711,48,Male,95467.0,Urban,5.0,2,SUV,7,17,No,2,Yes,Low,No,41-50
EV07712,59,Female,117742.0,Rural,5.0,1,Sedan,0,0,Yes,4,Yes,Low,No,51-60
EV07713,48,Female,65790.0,Urban,80.8,1,SUV,3,16,Yes,4,Yes,Low,No,41-50
EV07714,66,Female,46805.0,Suburban,40.2,1,SUV,3,4,No,1,No,Low,No,61-70
EV07715,27,Male,94000.0,Urban,89.5,1,Sedan,4,6,Yes,5,Yes,Low,No,18-30
EV07716,65,Male,43514.0,Rural,55.4,3,Sedan,1,3,Yes,4,Yes,Low,Yes,61-70
EV07717,44,Male,97265.0,Urban,53.9,1,Hatchback,9,14,Yes,4,Yes,Low,Yes,41-50
EV07718,41,Female,95452.0,Urban,52.2,2,SUV,4,8,Yes,2,No,Low,No,41-50
EV07719,52,Female,55333.0,Suburban,5.0,1,Sedan,6,7,Yes,2,No,Low,No,51-60
EV07720,26,Female,68480.0,Urban,34.2,2,Truck,12,4,Yes,3,Yes,Low,Yes,18-30
EV07721,49,Male,49710.0,Urban,47.5,1,SUV,14,4,No,4,Yes,Medium,No,41-50
EV07722,58,Male,47109.0,Urban,46.6,3,Sedan,10,14,Yes,1,Yes,Low,No,51-60
EV07723,44,Female,95945.0,Suburban,79.7,1,Truck,3,6,No,3,No,Medium,No,41-50
EV07724,26,Female,68493.0,Suburban,34.7,3,SUV,7,2,Yes,3,No,Low,No,18-30
EV07725,31,Male,84708.0,Urban,27.6,2,SUV,4,3,No,4,No,Medium,No,31-40
EV07726,43,Female,133945.0,Urban,18.9,2,Sedan,8,7,No,5,Yes,Low,Yes,41-50
EV07727,55,Male,91489.0,Urban,46.1,2,Sedan,6,17,No,4,No,Low,No,51-60
EV07728,55,Female,99433.0,Urban,36.8,1,SUV,2,14,Yes,1,Yes,Low,No,51-60
EV07729,61,Male,84708.0,Urban,45.6,3,SUV,10,10,No,4,Yes,Low,No,61-70
EV07730,39,Other,112538.0,Urban,5.0,2,SUV,13,14,No,3,Yes,Low,No,31-40
EV07731,50,Other,56605.0,Suburban,11.6,1,SUV,2,9,Yes,4,Yes,Low,No,41-50
EV07732,36,Female,66703.0,Urban,89.6,2,Truck,5,8,Yes,5,No,Low,No,31-40
EV07733,33,Male,83210.0,Urban,42.0,3,SUV,9,17,No,2,Yes,Low,No,31-40
EV07734,41,Female,141817.0,Urban,5.0,2,Sedan,12,5,No,2,Yes,Low,No,41-50
EV07735,36,Male,54550.0,Rural,64.3,3,SUV,1,3,Yes,4,Yes,Medium,No,31-40
EV07736,26,Female,111348.0,Urban,10.4,1,Truck,2,12,No,4,Yes,Medium,No,18-30
EV07737,55,Female,84853.0,Suburban,50.3,2,Sedan,5,8,Yes,4,Yes,Low,Yes,51-60
EV07738,38,Male,112229.0,Rural,16.1,3,Truck,2,1,No,4,Yes,Medium,Yes,31-40
EV07739,35,Female,122675.0,Urban,10.2,2,Sedan,5,7,Yes,3,Yes,Low,No,31-40
EV07740,61,Male,108032.0,Urban,47.1,2,Truck,11,4,No,2,Yes,Medium,No,61-70
EV07741,33,Male,52331.0,Suburban,41.7,1,SUV,1,7,Yes,5,Yes,Low,Yes,31-40
EV07742,34,Female,65113.0,Urban,43.5,2,Hatchback,2,11,Yes,5,No,Low,No,31-40
EV07743,59,Male,34315.0,Urban,39.8,2,Sedan,14,5,No,4,Yes,Low,No,51-60
EV07744,67,Male,99501.0,Suburban,21.7,1,SUV,4,2,Yes,5,No,Low,No,61-70
EV07745,51,Other,73469.0,Suburban,49.2,1,Truck,3,6,Yes,3,No,Low,No,51-60
EV07746,25,Other,86018.0,Rural,66.6,1,SUV,2,0,Yes,4,Yes,Low,No,18-30
EV07747,43,Female,101075.0,Urban,11.4,2,Sedan,10,12,No,5,No,Low,No,41-50
EV07748,37,Male,63532.0,Urban,36.0,2,SUV,8,16,No,2,Yes,Low,No,31-40
EV07749,69,Female,115480.0,Suburban,5.5,3,Sedan,1,7,Yes,5,Yes,Low,Yes,61-70
EV07750,32,Female,73365.0,Urban,68.2,2,Hatchback,5,7,No,1,No,Low,No,31-40
EV07751,54,Female,122347.0,Suburban,52.4,2,SUV,7,9,No,1,Yes,Low,No,51-60
EV07752,45,Female,45137.0,Urban,75.6,2,Sedan,6,12,No,2,No,Medium,No,41-50
EV07753,65,Female,116090.0,Suburban,38.8,1,Hatchback,0,1,Yes,3,No,Low,No,61-70
EV07754,35,Other,75102.0,Rural,77.2,2,Sedan,1,2,Yes,3,No,Low,No,31-40
EV07755,54,Male,112483.0,Urban,66.7,1,Truck,12,19,No,2,Yes,Low,No,51-60
EV07756,53,Female,94564.0,Rural,42.0,3,SUV,2,2,Yes,3,No,Low,No,51-60
EV07757,52,Male,113688.0,Rural,16.8,3,Sedan,0,0,Yes,5,Yes,Low,Yes,51-60
EV07758,30,Female,89144.0,Rural,62.4,1,Hatchback,1,1,Yes,1,Yes,Low,No,18-30
EV07759,68,Male,78476.0,Suburban,19.8,3,SUV,5,2,No,4,Yes,Medium,No,61-70
EV07760,46,Male,118203.0,Urban,12.6,1,Sedan,6,8,Yes,3,Yes,Low,Yes,41-50
EV07761,45,Male,96437.0,Suburban,58.2,3,Sedan,7,9,Yes,1,No,Low,No,41-50
EV07762,62,Female,120122.0,Suburban,45.4,2,SUV,5,2,Yes,3,No,Low,No,61-70
EV07763,38,Male,67790.0,Suburban,40.2,1,Sedan,7,1,Yes,4,Yes,Low,Yes,31-40
EV07764,56,Male,74176.0,Urban,38.8,3,Sedan,14,11,No,2,No,Low,No,51-60
EV07765,34,Male,84708.0,Urban,40.6,3,Sedan,7,19,No,4,No,Low,No,31-40
EV07766,63,Male,103918.0,Rural,72.8,4,SUV,2,3,Yes,4,Yes,Low,Yes,61-70
EV07767,56,Female,68886.0,Urban,5.0,2,SUV,3,6,No,3,Yes,Medium,No,51-60
EV07768,53,Female,87942.0,Urban,75.4,1,Truck,10,11,No,3,Yes,Low,No,51-60
EV07769,29,Male,40952.0,Urban,94.1,1,Truck,12,18,No,2,Yes,Low,No,18-30
EV07770,34,Male,79817.0,Suburban,24.9,2,Sedan,2,8,No,2,Yes,Low,No,31-40
EV07771,68,Female,59796.0,Rural,62.5,1,Sedan,0,1,Yes,2,No,Low,No,61-70
EV07772,35,Female,41479.0,Rural,74.2,2,Truck,2,0,Yes,1,Yes,Medium,No,31-40
EV07773,50,Female,126882.0,Suburban,55.9,2,SUV,5,8,Yes,2,No,Low,No,41-50
EV07774,60,Female,140983.0,Urban,32.3,3,Hatchback,12,13,Yes,4,Yes,Low,Yes,51-60
EV07775,50,Female,105162.0,Urban,5.0,1,Sedan,6,10,Yes,5,No,Low,No,41-50
EV07776,34,Male,30000.0,Suburban,54.5,2,Truck,5,2,Yes,2,Yes,Low,Yes,31-40
EV07777,37,Male,87138.0,Suburban,16.1,1,Sedan,3,5,Yes,4,Yes,Low,Yes,31-40
EV07778,68,Male,45615.0,Rural,29.8,4,Sedan,1,0,Yes,5,No,Low,No,61-70
EV07779,46,Female,56522.0,Suburban,29.7,1,Sedan,3,7,Yes,2,Yes,Low,No,41-50
EV07780,38,Male,102594.0,Suburban,24.1,3,Hatchback,1,8,Yes,3,Yes,Low,No,31-40
EV07781,37,Male,30000.0,Urban,69.8,1,Hatchback,5,15,Yes,1,Yes,Low,No,31-40
EV07782,64,Female,72708.0,Suburban,58.1,2,Truck,1,5,Yes,5,Yes,Low,Yes,61-70
EV07783,62,Female,58087.0,Suburban,5.0,2,Sedan,7,4,No,1,No,Low,No,61-70
EV07784,40,Male,30000.0,Suburban,22.2,2,Sedan,5,4,Yes,2,Yes,Low,No,31-40
EV07785,43,Male,89194.0,Urban,43.7,2,Sedan,4,18,No,1,No,Low,No,41-50
EV07786,49,Female,95234.0,Suburban,38.1,1,Sedan,7,6,Yes,4,Yes,Low,Yes,41-50
EV07787,49,Other,58964.0,Suburban,34.8,2,SUV,6,3,Yes,4,Yes,Low,No,41-50
EV07788,49,Female,74834.0,Suburban,48.5,2,Sedan,4,7,Yes,4,Yes,Low,No,41-50
EV07789,31,Female,132139.0,Urban,38.8,1,SUV,5,16,No,2,No,Low,No,31-40
EV07790,38,Female,65871.0,Suburban,51.2,2,Sedan,3,6,Yes,5,No,Low,No,31-40
EV07791,33,Female,125241.0,Suburban,55.0,2,Sedan,2,1,No,3,No,High,No,31-40
EV07792,55,Male,137386.0,Urban,5.0,4,SUV,12,16,Yes,4,No,Low,No,51-60
EV07793,42,Male,103613.0,Suburban,24.6,3,SUV,3,3,No,5,No,Medium,No,41-50
EV07794,59,Male,73285.0,Suburban,39.7,3,Sedan,5,4,Yes,1,No,Low,No,51-60
EV07795,50,Male,108985.0,Urban,26.3,1,SUV,12,9,No,4,No,Medium,No,41-50
EV07796,55,Female,97054.0,Rural,19.5,1,Hatchback,1,3,Yes,3,Yes,Low,No,51-60
EV07797,44,Male,69965.0,Urban,23.1,1,Hatchback,3,11,Yes,3,Yes,Low,No,41-50
EV07798,40,Female,84708.0,Suburban,60.3,2,SUV,7,6,Yes,3,Yes,Low,No,31-40
EV07799,56,Female,84708.0,Urban,12.4,2,Sedan,9,19,Yes,1,No,Low,No,51-60
EV07800,65,Female,82801.0,Rural,40.4,1,SUV,2,0,Yes,1,Yes,Low,No,61-70
EV07801,36,Male,76040.0,Urban,25.6,2,Sedan,7,5,No,1,No,Medium,No,31-40
EV07802,56,Female,83634.0,Urban,55.9,2,Truck,11,14,Yes,1,Yes,Low,No,51-60
EV07803,27,Female,90047.0,Suburban,22.7,1,Sedan,1,6,No,2,No,Low,No,18-30
EV07804,33,Female,72317.0,Urban,62.1,3,SUV,3,14,No,5,No,Low,No,31-40
EV07805,29,Female,127954.0,Urban,56.4,2,SUV,12,3,Yes,5,Yes,Low,Yes,18-30
EV07806,38,Female,71650.0,Rural,5.0,1,SUV,2,3,Yes,3,No,Low,No,31-40
EV07807,36,Male,30000.0,Rural,88.7,1,Sedan,0,0,Yes,4,Yes,Low,No,31-40
EV07808,69,Male,49456.0,Urban,72.8,1,Sedan,6,17,No,3,Yes,Medium,No,61-70
EV07809,58,Male,60806.0,Urban,77.6,4,Sedan,14,11,Yes,4,No,Low,No,51-60
EV07810,29,Female,64775.0,Urban,75.9,2,Truck,3,14,No,1,Yes,Medium,No,18-30
EV07811,54,Male,88625.0,Suburban,63.9,2,SUV,6,1,Yes,1,Yes,Low,No,51-60
EV07812,49,Male,32739.0,Suburban,16.9,2,Sedan,2,8,Yes,1,Yes,Low,No,41-50
EV07813,57,Female,71020.0,Urban,20.7,1,Sedan,11,19,Yes,3,Yes,Low,No,51-60
EV07814,26,Male,40394.0,Suburban,29.8,2,Sedan,5,6,Yes,2,Yes,Low,Yes,18-30
EV07815,65,Male,65679.0,Urban,48.2,1,Sedan,14,3,No,5,No,Low,No,61-70
EV07816,49,Male,43613.0,Suburban,26.2,3,Hatchback,7,3,Yes,4,No,Low,No,41-50
EV07817,56,Female,56185.0,Rural,54.8,2,SUV,2,3,Yes,5,Yes,Low,Yes,51-60
EV07818,60,Female,75906.0,Urban,10.6,3,SUV,2,12,No,5,Yes,Low,Yes,51-60
EV07819,27,Female,64208.0,Suburban,5.0,2,SUV,6,4,Yes,5,Yes,Low,Yes,18-30
EV07820,58,Female,32796.0,Rural,9.2,1,Sedan,2,2,No,1,No,Medium,No,51-60
EV07821,37,Male,74948.0,Urban,29.6,4,Sedan,6,8,Yes,2,No,Low,No,31-40
EV07822,54,Female,95663.0,Rural,48.9,1,Sedan,2,2,Yes,2,No,Low,No,51-60
EV07823,60,Male,90541.0,Urban,40.4,1,Sedan,3,12,No,3,Yes,Low,No,51-60
EV07824,49,Male,82645.0,Urban,53.7,1,SUV,5,17,Yes,5,Yes,Low,No,41-50
EV07825,36,Male,64287.0,Urban,14.6,1,Hatchback,10,13,No,2,No,Low,No,31-40
EV07826,64,Female,61117.0,Urban,54.1,3,Sedan,3,3,Yes,4,Yes,Low,No,61-70
EV07827,33,Other,100664.0,Urban,46.7,2,Sedan,11,16,No,2,Yes,Low,No,31-40
EV07828,28,Male,131788.0,Suburban,51.6,2,Truck,5,7,Yes,1,No,Low,No,18-30
EV07829,44,Male,99224.0,Urban,59.9,3,Sedan,11,4,Yes,3,Yes,Low,No,41-50
EV07830,61,Female,41796.0,Suburban,91.0,1,SUV,1,9,Yes,5,No,Low,No,61-70
EV07831,44,Male,34952.0,Urban,15.0,2,Sedan,14,12,No,5,Yes,Low,No,41-50
EV07832,42,Female,112555.0,Suburban,5.0,2,Sedan,3,6,Yes,5,Yes,Low,No,41-50
EV07833,50,Male,61007.0,Urban,10.6,2,Sedan,10,17,Yes,3,No,Low,No,41-50
EV07834,27,Male,75734.0,Suburban,33.2,2,Sedan,1,2,Yes,3,No,Low,No,18-30
EV07835,54,Female,74208.0,Suburban,13.7,2,SUV,3,2,Yes,5,Yes,Low,Yes,51-60
EV07836,26,Male,68548.0,Urban,17.8,2,Sedan,6,12,No,4,No,Low,No,18-30
EV07837,57,Male,67764.0,Rural,26.9,1,SUV,2,0,Yes,4,No,Low,No,51-60
EV07838,55,Female,122278.0,Suburban,27.2,4,Sedan,3,3,Yes,5,No,Low,No,51-60
EV07839,53,Female,112035.0,Urban,37.5,3,Sedan,2,18,Yes,1,Yes,Low,Yes,51-60
EV07840,69,Male,111245.0,Urban,68.2,3,SUV,10,19,No,1,Yes,Low,No,61-70
EV07841,63,Female,64902.0,Suburban,72.1,2,SUV,3,6,Yes,4,No,Low,No,61-70
EV07842,43,Female,91159.0,Rural,5.0,2,SUV,2,0,Yes,5,No,Low,No,41-50
EV07843,35,Male,91100.0,Suburban,33.4,2,SUV,7,2,Yes,2,Yes,Low,No,31-40
EV07844,44,Male,118626.0,Suburban,38.3,4,Truck,5,2,Yes,5,No,Low,No,41-50
EV07845,67,Male,41571.0,Suburban,40.2,3,SUV,5,6,No,1,No,Low,No,61-70
EV07846,41,Female,74592.0,Suburban,23.5,1,SUV,1,7,Yes,1,Yes,Low,No,41-50
EV07847,69,Male,82988.0,Suburban,90.3,1,Truck,5,1,Yes,3,Yes,Low,No,61-70
EV07848,30,Male,108619.0,Urban,33.8,2,Sedan,2,4,No,4,Yes,Medium,No,18-30
EV07849,29,Male,119309.0,Suburban,30.5,1,Hatchback,7,7,Yes,3,Yes,Low,No,18-30
EV07850,53,Female,128480.0,Urban,5.0,2,SUV,7,5,No,5,No,Low,No,51-60
EV07851,52,Male,112211.0,Urban,47.3,2,Sedan,6,8,No,4,Yes,Medium,No,51-60
EV07852,48,Male,106022.0,Urban,80.5,2,Sedan,11,8,Yes,4,Yes,Low,Yes,41-50
EV07853,62,Male,135246.0,Suburban,5.0,1,SUV,5,4,Yes,3,No,Low,No,61-70
EV07854,36,Female,77563.0,Urban,16.2,1,SUV,10,6,Yes,3,Yes,Low,No,31-40
EV07855,28,Male,68652.0,Rural,52.3,1,SUV,2,3,No,3,Yes,Medium,No,18-30
EV07856,42,Male,105455.0,Urban,5.0,2,Sedan,6,6,No,3,No,Low,No,41-50
EV07857,48,Male,121711.0,Urban,30.2,1,SUV,7,18,Yes,1,Yes,Low,No,41-50
EV07858,67,Female,65160.0,Urban,49.2,1,SUV,3,7,No,2,Yes,Low,No,61-70
EV07859,54,Female,85629.0,Suburban,37.2,2,Hatchback,7,2,Yes,5,No,Low,No,51-60
EV07860,51,Male,102751.0,Rural,59.1,2,Sedan,2,0,No,1,Yes,High,No,51-60
EV07861,44,Female,118145.0,Suburban,51.6,3,Sedan,5,2,Yes,3,No,Low,No,41-50
EV07862,66,Male,55219.0,Suburban,5.0,3,SUV,6,6,Yes,5,Yes,Low,No,61-70
EV07863,44,Male,121461.0,Urban,57.4,1,SUV,4,14,No,3,Yes,Low,No,41-50
EV07864,25,Male,75677.0,Suburban,52.1,2,SUV,7,4,No,3,Yes,Low,No,18-30
EV07865,36,Male,94263.0,Suburban,49.5,1,Truck,6,8,Yes,2,Yes,Low,No,31-40
EV07866,51,Male,130973.0,Urban,40.2,2,Hatchback,5,8,Yes,3,Yes,Low,No,51-60
EV07867,61,Male,35890.0,Urban,12.5,1,SUV,3,3,No,2,Yes,Medium,No,61-70
EV07868,59,Male,97099.0,Urban,24.2,2,Hatchback,9,4,No,5,No,Low,No,51-60
EV07869,31,Female,137855.0,Urban,54.0,2,SUV,8,12,Yes,4,No,Low,No,31-40
EV07870,25,Male,82388.0,Suburban,33.6,3,Sedan,1,1,No,4,Yes,High,No,18-30
EV07871,52,Female,117244.0,Suburban,27.7,1,Sedan,6,5,No,2,No,Low,No,51-60
EV07872,53,Female,30000.0,Urban,70.6,3,Sedan,7,11,No,3,Yes,Medium,No,51-60
EV07873,45,Female,110152.0,Suburban,5.0,1,Hatchback,4,6,Yes,1,Yes,Low,No,41-50
EV07874,69,Female,148722.0,Urban,31.0,1,Hatchback,10,17,Yes,5,Yes,Low,Yes,61-70
EV07875,69,Female,153810.0,Urban,49.9,2,Truck,3,3,No,5,Yes,Medium,Yes,61-70
EV07876,65,Male,56008.0,Rural,30.2,2,Sedan,0,0,Yes,5,No,Low,No,61-70
EV07877,37,Male,77776.0,Urban,36.3,1,SUV,11,18,Yes,3,Yes,Low,No,31-40
EV07878,32,Female,91560.0,Urban,31.0,2,Truck,13,14,No,4,Yes,Low,No,31-40
EV07879,34,Female,134770.0,Urban,22.0,2,Sedan,5,12,Yes,1,Yes,Low,No,31-40
EV07880,57,Male,64032.0,Suburban,59.5,3,Hatchback,4,8,No,3,Yes,Medium,No,51-60
EV07881,33,Male,99234.0,Suburban,62.0,4,Hatchback,3,2,Yes,2,No,Low,No,31-40
EV07882,59,Female,51779.0,Urban,81.3,1,SUV,3,4,Yes,3,Yes,Low,Yes,51-60
EV07883,49,Female,84708.0,Suburban,77.4,1,SUV,4,9,Yes,2,No,Low,No,41-50
EV07884,39,Male,75488.0,Urban,6.6,1,Sedan,2,10,Yes,3,No,Low,No,31-40
EV07885,56,Female,109777.0,Urban,88.3,1,Hatchback,4,6,No,4,No,High,No,51-60
EV07886,46,Male,139104.0,Rural,5.0,1,Sedan,1,2,Yes,2,Yes,Low,No,41-50
EV07887,26,Male,79207.0,Suburban,18.6,2,SUV,3,7,Yes,4,No,Low,No,18-30
EV07888,41,Female,72092.0,Suburban,49.3,1,Truck,5,3,Yes,1,Yes,Low,No,41-50
EV07889,30,Male,77378.0,Urban,45.4,1,Sedan,7,17,Yes,3,Yes,Low,No,18-30
EV07890,37,Male,85338.0,Urban,5.0,2,Hatchback,6,19,No,4,No,Low,No,31-40
EV07891,42,Male,96664.0,Suburban,56.2,1,SUV,6,7,Yes,2,Yes,Low,No,41-50
EV07892,27,Male,138854.0,Suburban,31.3,2,SUV,2,6,Yes,3,Yes,Low,No,18-30
EV07893,36,Female,45401.0,Urban,35.9,2,Hatchback,8,12,No,5,Yes,Low,Yes,31-40
EV07894,43,Other,84715.0,Rural,27.2,2,SUV,2,3,Yes,1,No,Low,No,41-50
EV07895,64,Female,42605.0,Urban,5.6,2,SUV,10,9,No,3,Yes,Low,No,61-70
EV07896,67,Male,89571.0,Urban,16.1,2,Truck,13,13,No,2,Yes,Low,No,61-70
EV07897,36,Female,77959.0,Suburban,38.4,1,SUV,6,9,Yes,3,Yes,Low,No,31-40
EV07898,49,Female,117119.0,Urban,33.7,1,Truck,13,3,Yes,3,No,Low,No,41-50
EV07899,49,Male,85227.0,Urban,74.4,1,SUV,2,5,No,5,No,Medium,No,41-50
EV07900,36,Male,62847.0,Urban,68.9,2,Sedan,7,9,No,1,No,High,No,31-40
EV07901,55,Male,80496.0,Urban,32.4,1,SUV,6,5,No,3,Yes,Low,No,51-60
EV07902,68,Male,47061.0,Urban,5.0,1,SUV,2,16,Yes,1,Yes,Low,No,61-70
EV07903,31,Male,96990.0,Urban,21.7,2,Sedan,9,9,No,3,No,Low,No,31-40
EV07904,27,Male,93059.0,Rural,43.5,1,SUV,0,3,Yes,4,No,Low,No,18-30
EV07905,69,Female,91104.0,Suburban,45.8,1,Hatchback,4,4,Yes,1,No,Low,No,61-70
EV07906,37,Female,92677.0,Suburban,26.7,2,SUV,7,4,Yes,4,Yes,Low,Yes,31-40
EV07907,63,Female,48183.0,Suburban,46.0,2,Sedan,7,4,Yes,1,No,Low,No,61-70
EV07908,41,Male,105621.0,Urban,55.4,1,SUV,14,14,No,1,No,Low,No,41-50
EV07909,35,Male,89605.0,Urban,5.0,2,Truck,7,7,No,2,Yes,Low,No,31-40
EV07910,69,Female,121896.0,Urban,24.5,1,Sedan,9,12,No,4,No,Medium,No,61-70
EV07911,50,Female,84033.0,Suburban,86.7,2,Sedan,6,4,Yes,4,Yes,Low,Yes,41-50
EV07912,36,Male,91882.0,Urban,33.2,3,SUV,14,18,Yes,3,Yes,Low,Yes,31-40
EV07913,41,Male,71887.0,Urban,64.8,2,Sedan,5,13,No,2,Yes,Low,No,41-50
EV07914,51,Female,108239.0,Suburban,31.7,4,Hatchback,6,4,Yes,5,No,Low,No,51-60
EV07915,52,Female,94848.0,Suburban,36.1,2,Sedan,2,9,Yes,1,Yes,Low,No,51-60
EV07916,34,Female,75072.0,Suburban,66.7,3,Sedan,1,2,Yes,5,No,Medium,No,31-40
EV07917,34,Male,47788.0,Urban,61.5,2,Truck,14,7,No,2,Yes,Medium,No,31-40
EV07918,68,Female,122412.0,Urban,7.4,1,Sedan,14,16,Yes,4,Yes,Low,No,61-70
EV07919,57,Female,40314.0,Rural,21.4,4,Sedan,1,0,Yes,3,Yes,Low,No,51-60
EV07920,62,Female,105851.0,Urban,35.2,1,Sedan,13,11,No,4,No,Low,No,61-70
EV07921,31,Male,45625.0,Urban,75.6,1,Hatchback,12,7,No,4,No,Low,No,31-40
EV07922,41,Female,84584.0,Urban,13.9,1,Hatchback,2,16,Yes,1,Yes,Low,No,41-50
EV07923,55,Male,99406.0,Urban,69.1,3,Sedan,5,14,No,5,Yes,Low,Yes,51-60
EV07924,63,Male,52517.0,Suburban,20.4,1,SUV,4,3,No,5,Yes,Medium,No,61-70
EV07925,29,Female,127549.0,Suburban,47.1,1,Sedan,3,5,No,3,No,Medium,No,18-30
EV07926,69,Male,92372.0,Urban,5.0,3,Sedan,6,10,Yes,3,No,Low,No,61-70
EV07927,64,Male,133856.0,Urban,5.0,2,Sedan,3,18,No,2,No,Low,No,61-70
EV07928,39,Male,123547.0,Suburban,33.0,2,Truck,4,1,Yes,2,No,Low,No,31-40
EV07929,41,Male,105580.0,Urban,19.0,2,Sedan,11,19,Yes,1,Yes,Low,No,41-50
EV07930,25,Female,114593.0,Urban,54.8,2,Sedan,11,6,Yes,2,Yes,Low,No,18-30
EV07931,56,Male,68421.0,Suburban,53.1,2,SUV,6,2,Yes,2,Yes,Low,No,51-60
EV07932,56,Female,66542.0,Rural,28.3,1,Hatchback,1,0,Yes,1,No,Low,No,51-60
EV07933,67,Female,80264.0,Suburban,46.8,4,Sedan,6,3,Yes,5,Yes,Low,Yes,61-70
EV07934,57,Female,84708.0,Urban,31.4,1,SUV,7,12,No,3,Yes,Low,No,51-60
EV07935,26,Other,96308.0,Urban,50.3,3,SUV,11,4,Yes,5,Yes,Low,Yes,18-30
EV07936,59,Male,105049.0,Rural,65.5,1,SUV,0,1,No,2,No,High,No,51-60
EV07937,47,Male,136397.0,Urban,25.5,3,Sedan,6,15,No,5,Yes,Medium,No,41-50
EV07938,65,Female,103132.0,Urban,112.5,1,Sedan,9,9,No,4,No,Medium,No,61-70
EV07939,26,Female,126691.0,Suburban,103.2,4,Sedan,0,1,No,3,No,High,No,18-30
EV07940,64,Female,96793.0,Urban,14.9,2,SUV,9,4,Yes,2,No,Low,No,61-70
EV07941,51,Female,30000.0,Rural,5.0,2,SUV,2,3,Yes,4,No,Low,No,51-60
EV07942,49,Male,47150.0,Suburban,12.9,1,Sedan,1,6,Yes,5,Yes,Low,No,41-50
EV07943,43,Female,30000.0,Urban,20.2,1,Hatchback,4,15,Yes,4,Yes,Low,No,41-50
EV07944,36,Male,30000.0,Urban,38.7,1,SUV,8,12,No,5,Yes,Medium,No,31-40
EV07945,34,Female,43791.0,Rural,20.9,1,Sedan,0,1,Yes,3,No,Low,No,31-40
EV07946,66,Male,79078.0,Urban,34.9,1,Sedan,5,10,No,4,Yes,Low,No,61-70
EV07947,34,Female,65862.0,Urban,70.8,3,Truck,10,16,No,4,No,Low,No,31-40
EV07948,47,Male,55675.0,Suburban,79.0,1,SUV,3,3,Yes,5,Yes,Low,Yes,41-50
EV07949,62,Female,106984.0,Suburban,58.1,2,Sedan,1,1,Yes,4,Yes,Low,No,61-70
EV07950,62,Male,30000.0,Urban,51.8,1,Truck,6,8,Yes,1,Yes,Low,No,61-70
EV07951,35,Male,61420.0,Rural,5.8,1,Sedan,1,3,Yes,4,Yes,Low,No,31-40
EV07952,60,Male,61890.0,Urban,73.9,4,SUV,6,14,Yes,4,Yes,Low,Yes,51-60
EV07953,29,Female,111375.0,Urban,48.7,1,Hatchback,14,19,No,1,Yes,Low,No,18-30
EV07954,61,Female,59444.0,Urban,40.2,3,SUV,13,17,No,3,Yes,Low,No,61-70
EV07955,66,Male,76798.0,Suburban,5.3,3,Hatchback,6,2,No,3,No,Medium,No,61-70
EV07956,50,Male,156697.0,Urban,58.3,1,Sedan,12,3,No,3,Yes,Low,No,41-50
EV07957,38,Female,133785.0,Suburban,5.0,2,Sedan,1,5,No,5,Yes,Low,No,31-40
EV07958,53,Male,49772.0,Suburban,62.3,1,Sedan,7,3,Yes,4,Yes,Low,Yes,51-60
EV07959,35,Male,69898.0,Rural,5.0,2,Truck,2,0,Yes,5,Yes,Low,Yes,31-40
EV07960,66,Male,109061.0,Urban,112.6,3,Sedan,6,9,No,2,Yes,Medium,No,61-70
EV07961,66,Male,106288.0,Suburban,91.9,1,Hatchback,6,7,No,3,No,Medium,No,61-70
EV07962,36,Female,95079.0,Urban,48.1,2,Sedan,9,4,No,1,No,Low,No,31-40
EV07963,30,Female,91258.0,Urban,5.0,4,SUV,8,12,No,1,Yes,Low,No,18-30
EV07964,68,Male,95099.0,Suburban,30.6,2,SUV,2,6,Yes,5,No,Low,No,61-70
EV07965,50,Male,30000.0,Urban,5.0,2,Hatchback,2,4,No,2,Yes,Medium,No,41-50
EV07966,69,Male,44073.0,Suburban,40.2,3,Sedan,1,6,No,2,No,Medium,No,61-70
EV07967,35,Female,123744.0,Suburban,17.4,1,Sedan,7,4,Yes,1,No,Low,No,31-40
EV07968,29,Male,85214.0,Rural,5.0,2,SUV,2,2,Yes,3,No,Low,No,18-30
EV07969,37,Male,30000.0,Urban,5.0,2,Truck,6,15,No,2,Yes,Low,No,31-40
EV07970,52,Male,136536.0,Urban,46.4,2,SUV,7,11,Yes,1,Yes,Low,No,51-60
EV07971,58,Female,99421.0,Urban,34.9,2,Hatchback,4,3,Yes,3,Yes,Low,No,51-60
EV07972,36,Male,74361.0,Urban,73.3,1,SUV,6,18,No,5,Yes,Low,Yes,31-40
EV07973,58,Female,72876.0,Urban,43.3,1,SUV,9,18,Yes,3,Yes,Low,No,51-60
EV07974,60,Female,93517.0,Urban,54.0,2,Hatchback,11,14,No,2,Yes,Low,No,51-60
EV07975,44,Female,43685.0,Suburban,53.5,1,SUV,7,7,No,2,Yes,Medium,No,41-50
EV07976,47,Female,77090.0,Suburban,5.0,1,Sedan,3,1,No,2,No,Medium,No,41-50
EV07977,53,Male,70879.0,Urban,5.0,2,SUV,6,14,No,4,No,Low,No,51-60
EV07978,32,Male,84708.0,Urban,72.9,2,Sedan,11,4,No,3,Yes,Low,No,31-40
EV07979,60,Other,93364.0,Urban,48.1,2,Sedan,9,15,No,4,Yes,Low,No,51-60
EV07980,60,Female,96588.0,Urban,16.3,2,SUV,14,5,No,3,Yes,Low,Yes,51-60
EV07981,35,Female,96111.0,Urban,43.5,1,SUV,5,18,No,3,Yes,Low,Yes,31-40
EV07982,54,Female,84582.0,Suburban,76.3,1,SUV,4,8,Yes,4,Yes,Low,No,51-60
EV07983,58,Female,134439.0,Urban,50.8,2,SUV,2,9,No,2,Yes,Low,No,51-60
EV07984,65,Female,100814.0,Urban,22.6,2,Sedan,10,9,Yes,2,Yes,Low,No,61-70
EV07985,40,Female,136790.0,Suburban,40.0,3,Sedan,3,6,Yes,3,No,Low,No,31-40
EV07986,60,Female,81533.0,Urban,27.4,2,SUV,7,5,Yes,3,No,Low,No,51-60
EV07987,64,Female,113030.0,Suburban,54.4,2,Sedan,7,6,No,5,No,Medium,No,61-70
EV07988,50,Female,30000.0,Suburban,20.4,2,SUV,6,8,Yes,4,No,Low,No,41-50
EV07989,68,Male,30000.0,Rural,26.6,1,Sedan,0,3,Yes,1,Yes,Low,No,61-70
EV07990,50,Male,85815.0,Suburban,11.0,3,Sedan,3,1,Yes,3,No,Low,No,41-50
EV07991,44,Female,70921.0,Suburban,40.3,4,SUV,1,7,Yes,5,Yes,Low,Yes,41-50
EV07992,51,Other,61760.0,Urban,33.6,1,SUV,14,6,No,5,Yes,Low,No,51-60
EV07993,40,Male,53441.0,Suburban,5.0,1,SUV,4,6,Yes,5,Yes,Low,Yes,31-40
EV07994,25,Female,40731.0,Suburban,24.6,2,Sedan,5,6,Yes,4,No,Low,No,18-30
EV07995,56,Female,148479.0,Urban,27.2,3,Hatchback,3,15,No,4,Yes,Low,No,51-60
EV07996,49,Male,91169.0,Suburban,36.3,1,SUV,0,6,Yes,4,Yes,Low,Yes,41-50
EV07997,40,Female,93175.0,Suburban,55.8,2,Sedan,5,4,No,4,No,Low,No,31-40
EV07998,56,Female,119746.0,Suburban,50.4,4,Sedan,4,7,Yes,2,Yes,Low,No,51-60
EV07999,43,Male,103104.0,Suburban,59.5,1,Sedan,7,9,Yes,4,Yes,Low,Yes,41-50
EV08000,52,Female,153045.0,Urban,42.3,2,Sedan,6,9,Yes,1,No,Low,No,51-60
EV08001,59,Male,101328.0,Suburban,63.9,1,SUV,3,5,Yes,5,No,Low,No,51-60
EV08002,67,Female,84708.0,Suburban,29.0,2,Sedan,0,3,Yes,4,No,Low,No,61-70
EV08003,41,Female,79144.0,Urban,51.0,2,SUV,10,5,Yes,4,Yes,Low,Yes,41-50
EV08004,68,Female,83298.0,Suburban,52.4,3,SUV,4,4,Yes,3,Yes,Low,No,61-70
EV08005,61,Male,98837.0,Urban,62.4,1,Hatchback,5,15,No,3,Yes,Medium,No,61-70
EV08006,32,Male,104991.0,Urban,50.7,1,Sedan,11,15,Yes,3,No,Low,No,31-40
EV08007,27,Female,130506.0,Suburban,47.6,2,SUV,0,4,No,3,Yes,Medium,No,18-30
EV08008,27,Male,78047.0,Urban,33.6,2,SUV,14,8,No,4,Yes,Low,No,18-30
EV08009,51,Female,99351.0,Urban,81.5,3,Sedan,7,16,Yes,5,No,Low,No,51-60
EV08010,66,Female,131513.0,Urban,56.1,2,Hatchback,10,8,No,4,No,High,No,61-70
EV08011,58,Male,138386.0,Suburban,29.6,1,SUV,7,8,Yes,2,No,Low,No,51-60
EV08012,50,Male,94510.0,Rural,21.7,3,Hatchback,2,2,Yes,3,Yes,Low,No,41-50
EV08013,47,Male,76125.0,Suburban,94.9,1,SUV,7,7,Yes,5,No,Low,No,41-50
EV08014,62,Female,77288.0,Urban,60.0,2,Sedan,5,5,No,1,Yes,Medium,No,61-70
EV08015,52,Male,119299.0,Urban,25.2,3,SUV,2,12,No,1,No,Medium,No,51-60
EV08016,63,Male,59221.0,Suburban,60.2,2,Hatchback,6,3,Yes,1,Yes,Low,No,61-70
EV08017,27,Male,40588.0,Urban,65.9,4,SUV,4,17,Yes,3,Yes,Low,No,18-30
EV08018,26,Female,78362.0,Urban,54.5,2,SUV,7,9,No,4,No,Low,No,18-30
EV08019,60,Female,220873.0,Urban,16.0,2,SUV,4,16,No,1,No,Low,No,51-60
EV08020,25,Male,63791.0,Urban,46.9,1,Sedan,11,11,No,1,Yes,Medium,No,18-30
EV08021,52,Male,68580.0,Urban,58.7,1,Hatchback,6,13,No,4,Yes,Medium,No,51-60
EV08022,47,Female,64151.0,Urban,42.7,1,Sedan,12,5,No,2,Yes,Low,No,41-50
EV08023,68,Female,83282.0,Rural,20.6,3,Sedan,1,1,Yes,1,Yes,Low,No,61-70
EV08024,37,Male,55767.0,Suburban,22.5,2,Sedan,4,2,Yes,4,Yes,Low,No,31-40
EV08025,49,Female,107778.0,Urban,57.2,1,Hatchback,11,7,Yes,1,Yes,Low,No,41-50
EV08026,57,Male,132174.0,Suburban,43.5,3,SUV,1,3,Yes,5,Yes,Low,Yes,51-60
EV08027,31,Female,81245.0,Urban,37.6,3,SUV,9,17,No,1,Yes,Medium,No,31-40
EV08028,43,Female,91880.0,Urban,83.8,1,SUV,9,10,No,3,Yes,High,No,41-50
EV08029,67,Male,75163.0,Urban,27.0,1,SUV,3,6,No,3,Yes,Medium,No,61-70
EV08030,45,Female,116240.0,Urban,44.5,2,Sedan,6,7,Yes,1,Yes,Low,No,41-50
EV08031,49,Female,94855.0,Urban,35.2,1,SUV,9,12,Yes,2,No,Low,No,41-50
EV08032,25,Male,101868.0,Urban,46.2,1,SUV,6,14,No,4,No,Low,No,18-30
EV08033,29,Male,84708.0,Urban,88.9,1,Sedan,6,9,No,2,No,Low,No,18-30
EV08034,39,Male,155860.0,Rural,77.9,3,Sedan,1,2,Yes,5,No,Low,Yes,31-40
EV08035,53,Male,90601.0,Urban,41.7,2,Sedan,5,5,No,4,Yes,Low,Yes,51-60
EV08036,65,Other,94251.0,Urban,91.1,4,SUV,5,9,Yes,2,Yes,Low,No,61-70
EV08037,55,Female,111684.0,Urban,50.9,3,SUV,11,16,Yes,4,Yes,Low,Yes,51-60
EV08038,28,Female,111446.0,Rural,5.0,2,Sedan,0,1,Yes,3,Yes,Low,Yes,18-30
EV08039,43,Female,78272.0,Urban,42.2,2,Hatchback,7,4,Yes,5,Yes,Low,Yes,41-50
EV08040,38,Male,107329.0,Rural,57.5,1,SUV,0,3,Yes,1,No,Low,No,31-40
EV08041,43,Male,152850.0,Suburban,37.0,2,Hatchback,3,8,Yes,5,Yes,Low,Yes,41-50
EV08042,28,Female,59507.0,Urban,29.1,1,Sedan,3,16,No,2,No,Low,No,18-30
EV08043,28,Female,59873.0,Urban,31.3,1,Sedan,2,14,No,1,Yes,Low,No,18-30
EV08044,34,Male,172045.0,Suburban,59.7,3,Hatchback,2,8,Yes,3,No,Low,No,31-40
EV08045,43,Male,30000.0,Urban,29.6,2,Sedan,5,15,No,5,Yes,Low,Yes,41-50
EV08046,40,Female,177393.0,Urban,20.0,1,Hatchback,2,3,Yes,1,Yes,Low,Yes,31-40
EV08047,65,Female,72439.0,Urban,58.8,2,Sedan,7,12,Yes,4,No,Low,No,61-70
EV08048,40,Female,60713.0,Suburban,42.8,1,SUV,2,8,Yes,1,No,Low,No,31-40
EV08049,57,Male,60386.0,Urban,48.2,2,Sedan,9,5,No,1,Yes,Low,No,51-60
EV08050,30,Male,121308.0,Suburban,36.8,3,SUV,5,7,Yes,5,Yes,Low,Yes,18-30
EV08051,61,Female,54202.0,Rural,8.5,3,Sedan,2,3,Yes,5,No,Low,No,61-70
EV08052,57,Male,36827.0,Urban,44.5,3,Sedan,13,9,Yes,5,Yes,Low,Yes,51-60
EV08053,66,Other,138063.0,Urban,8.1,2,SUV,9,15,No,3,Yes,Low,No,61-70
EV08054,47,Other,61108.0,Suburban,5.0,4,SUV,6,5,Yes,2,Yes,Low,No,41-50
EV08055,26,Male,72969.0,Urban,11.8,2,Sedan,11,6,Yes,2,Yes,Low,No,18-30
EV08056,61,Male,88242.0,Urban,59.2,4,Hatchback,9,15,No,2,Yes,Medium,No,61-70
EV08057,58,Female,62217.0,Urban,28.3,4,Sedan,11,10,No,4,No,Low,No,51-60
EV08058,59,Female,84708.0,Urban,10.6,2,Sedan,3,9,Yes,2,Yes,Low,No,51-60
EV08059,25,Female,85048.0,Urban,25.5,3,Sedan,6,10,Yes,3,Yes,Low,No,18-30
EV08060,27,Male,124319.0,Suburban,33.7,2,Hatchback,3,9,Yes,5,Yes,Low,Yes,18-30
EV08061,58,Male,103933.0,Urban,40.2,1,Sedan,9,5,Yes,3,No,Low,No,51-60
EV08062,47,Male,83448.0,Urban,28.1,1,Hatchback,7,7,No,2,Yes,Low,No,41-50
EV08063,60,Male,67024.0,Urban,26.1,1,Sedan,5,11,Yes,4,No,Low,No,51-60
EV08064,30,Female,61458.0,Urban,35.2,2,SUV,5,18,No,4,Yes,Low,No,18-30
EV08065,37,Male,80366.0,Urban,61.6,2,SUV,9,3,No,3,No,Medium,No,31-40
EV08066,68,Female,55545.0,Urban,18.4,1,Sedan,9,13,Yes,4,No,Low,Yes,61-70
EV08067,44,Male,83295.0,Urban,57.2,1,Sedan,5,19,No,4,No,Low,No,41-50
EV08068,42,Male,147609.0,Suburban,40.2,2,SUV,0,5,No,4,No,Medium,No,41-50
EV08069,59,Other,86563.0,Rural,39.4,3,Sedan,2,3,Yes,2,Yes,Low,No,51-60
EV08070,47,Female,41573.0,Urban,11.7,3,Sedan,14,10,No,2,Yes,Low,No,41-50
EV08071,47,Male,78056.0,Urban,57.5,2,SUV,6,4,Yes,5,No,Low,No,41-50
EV08072,64,Male,118113.0,Urban,42.3,1,Sedan,9,12,No,5,Yes,Low,Yes,61-70
EV08073,51,Male,30000.0,Urban,74.8,1,Sedan,10,13,Yes,2,Yes,Low,No,51-60
EV08074,63,Male,96287.0,Rural,5.0,1,Sedan,0,1,Yes,4,Yes,Low,No,61-70
EV08075,32,Male,80880.0,Suburban,5.0,1,Sedan,4,5,Yes,3,No,Low,No,31-40
EV08076,35,Male,142038.0,Urban,52.9,1,SUV,4,8,No,5,No,Low,No,31-40
EV08077,64,Male,172528.0,Suburban,68.7,2,Hatchback,5,9,Yes,2,No,Low,No,61-70
EV08078,41,Female,84708.0,Rural,44.9,1,Hatchback,1,2,Yes,1,Yes,Low,No,41-50
EV08079,58,Other,65412.0,Rural,42.7,2,Sedan,2,3,Yes,3,No,Low,No,51-60
EV08080,58,Male,126604.0,Urban,74.9,1,Sedan,14,13,No,4,No,Low,No,51-60
EV08081,39,Male,140861.0,Urban,88.8,2,SUV,3,17,No,4,Yes,Low,Yes,31-40
EV08082,45,Male,86263.0,Suburban,7.9,2,Sedan,7,7,Yes,1,Yes,Low,No,41-50
EV08083,56,Female,152831.0,Urban,52.7,3,Sedan,2,19,No,4,No,Medium,No,51-60
EV08084,48,Male,120665.0,Urban,12.1,2,SUV,9,6,Yes,5,No,Low,No,41-50
EV08085,30,Male,107752.0,Urban,54.6,2,Sedan,11,9,No,2,Yes,Low,No,18-30
EV08086,31,Female,133551.0,Urban,52.1,1,Sedan,8,4,No,3,No,Medium,No,31-40
EV08087,44,Female,85213.0,Rural,47.6,2,Sedan,1,2,Yes,2,Yes,Low,No,41-50
EV08088,63,Male,57000.0,Suburban,28.5,1,Sedan,4,3,Yes,4,Yes,Low,No,61-70
EV08089,26,Female,118623.0,Urban,57.0,1,SUV,6,12,No,2,Yes,Medium,No,18-30
EV08090,43,Male,46479.0,Rural,47.2,1,SUV,2,1,Yes,4,Yes,Low,No,41-50
EV08091,28,Male,60474.0,Suburban,26.8,1,SUV,1,8,No,5,Yes,Medium,No,18-30
EV08092,49,Female,75480.0,Urban,33.8,2,SUV,12,11,Yes,5,Yes,Low,Yes,41-50
EV08093,42,Male,89033.0,Suburban,69.0,1,SUV,6,1,Yes,2,No,Medium,No,41-50
EV08094,54,Female,118659.0,Suburban,36.9,2,Hatchback,1,7,Yes,5,No,Low,No,51-60
EV08095,56,Male,30000.0,Suburban,44.3,2,SUV,5,8,Yes,2,Yes,Low,No,51-60
EV08096,35,Female,82085.0,Suburban,43.1,2,SUV,4,3,Yes,4,Yes,Low,No,31-40
EV08097,68,Female,93857.0,Suburban,56.4,1,SUV,3,8,Yes,2,Yes,Low,No,61-70
EV08098,58,Female,56794.0,Suburban,45.1,3,SUV,2,6,Yes,3,No,Low,No,51-60
EV08099,50,Male,57215.0,Rural,12.9,2,Sedan,2,2,Yes,5,No,Low,No,41-50
EV08100,35,Male,65130.0,Urban,43.8,2,Hatchback,2,18,No,5,Yes,Medium,Yes,31-40
EV08101,35,Female,114747.0,Urban,38.8,1,SUV,11,12,No,2,Yes,Low,No,31-40
EV08102,49,Male,62612.0,Urban,83.0,2,SUV,13,6,No,5,No,Low,No,41-50
EV08103,27,Male,46404.0,Urban,63.4,1,SUV,12,12,Yes,4,No,Low,No,18-30
EV08104,30,Female,106351.0,Urban,50.3,1,SUV,14,13,No,3,No,Medium,No,18-30
EV08105,57,Male,76684.0,Rural,52.8,2,Sedan,1,1,Yes,5,No,Low,No,51-60
EV08106,44,Female,75326.0,Suburban,5.0,3,Truck,3,1,Yes,3,Yes,Low,No,41-50
EV08107,34,Other,78529.0,Suburban,25.8,1,Truck,6,5,Yes,2,No,Low,No,31-40
EV08108,45,Male,59469.0,Urban,86.9,2,Sedan,11,14,No,2,No,Low,No,41-50
EV08109,51,Other,74121.0,Suburban,61.8,2,Hatchback,4,8,Yes,4,Yes,Low,Yes,51-60
EV08110,47,Male,30000.0,Rural,44.8,2,Truck,2,3,Yes,5,Yes,Low,Yes,41-50
EV08111,63,Other,98876.0,Suburban,8.5,3,Sedan,3,9,Yes,2,Yes,Low,No,61-70
EV08112,59,Male,84708.0,Urban,19.7,3,Hatchback,14,17,Yes,4,Yes,Low,Yes,51-60
EV08113,45,Female,55099.0,Urban,5.0,2,SUV,11,14,No,3,Yes,Low,No,41-50
EV08114,67,Male,67524.0,Urban,14.9,1,Sedan,14,16,No,4,Yes,Low,Yes,61-70
EV08115,31,Other,118925.0,Urban,90.6,1,Truck,14,8,Yes,1,Yes,Low,No,31-40
EV08116,65,Male,53960.0,Urban,52.1,2,SUV,4,17,Yes,3,No,Low,No,61-70
EV08117,38,Male,68152.0,Suburban,33.9,1,Truck,4,7,Yes,1,No,Low,No,31-40
EV08118,46,Male,95171.0,Suburban,15.7,1,Sedan,4,3,Yes,1,Yes,Low,No,41-50
EV08119,31,Male,95632.0,Suburban,37.7,1,Truck,5,1,Yes,3,Yes,Low,Yes,31-40
EV08120,28,Female,87417.0,Suburban,13.5,2,Hatchback,4,8,No,2,Yes,Low,No,18-30
EV08121,59,Female,38824.0,Suburban,36.8,1,Hatchback,6,7,Yes,4,Yes,Low,No,51-60
EV08122,39,Female,112881.0,Urban,77.2,2,Hatchback,14,10,No,4,No,Low,No,31-40
EV08123,39,Female,144639.0,Suburban,39.2,2,SUV,7,9,Yes,1,No,Low,No,31-40
EV08124,47,Male,179948.0,Suburban,15.3,2,Sedan,5,2,No,1,Yes,Low,Yes,41-50
EV08125,33,Female,84506.0,Urban,37.3,3,Sedan,12,9,No,1,Yes,Low,No,31-40
EV08126,54,Female,30000.0,Urban,11.2,1,Truck,5,9,No,1,Yes,Medium,No,51-60
EV08127,40,Male,63247.0,Urban,56.6,1,Hatchback,5,5,No,5,Yes,Low,Yes,31-40
EV08128,58,Male,82699.0,Urban,51.9,2,Sedan,4,8,Yes,1,Yes,Low,No,51-60
EV08129,45,Male,93329.0,Suburban,46.8,1,SUV,4,6,Yes,4,No,Low,No,41-50
EV08130,53,Male,62072.0,Urban,43.4,3,Sedan,4,16,No,2,No,Medium,No,51-60
EV08131,65,Male,145252.0,Urban,44.7,2,Hatchback,14,4,Yes,4,No,Low,No,61-70
EV08132,39,Female,115303.0,Rural,5.0,3,Sedan,0,0,Yes,2,Yes,Low,No,31-40
EV08133,33,Female,73608.0,Urban,25.1,4,SUV,2,19,No,3,Yes,Low,No,31-40
EV08134,42,Male,76740.0,Urban,68.1,2,Hatchback,13,11,No,3,No,Low,No,41-50
EV08135,40,Female,43556.0,Suburban,44.7,1,SUV,3,6,No,1,Yes,Low,No,31-40
EV08136,43,Female,106263.0,Urban,5.0,3,Sedan,4,13,No,2,Yes,Low,Yes,41-50
EV08137,66,Male,40763.0,Rural,5.0,4,Sedan,2,3,Yes,4,Yes,Low,Yes,61-70
EV08138,33,Male,95555.0,Suburban,27.6,1,Sedan,5,7,No,4,No,Low,No,31-40
EV08139,58,Female,101632.0,Suburban,113.0,2,Hatchback,6,7,Yes,4,Yes,Low,Yes,51-60
EV08140,69,Male,43457.0,Urban,5.0,4,Truck,11,9,Yes,1,Yes,Low,No,61-70
EV08141,61,Female,123647.0,Urban,58.9,2,Sedan,7,14,No,4,Yes,Low,No,61-70
EV08142,61,Female,118678.0,Urban,23.7,2,Sedan,8,5,No,2,No,Medium,No,61-70
EV08143,60,Male,79437.0,Suburban,33.8,2,Sedan,7,4,Yes,3,Yes,Low,Yes,51-60
EV08144,38,Female,58051.0,Urban,59.3,2,Truck,11,4,No,3,No,Low,No,31-40
EV08145,52,Female,118986.0,Suburban,9.9,3,Hatchback,7,7,Yes,4,Yes,Low,Yes,51-60
EV08146,44,Male,83536.0,Suburban,61.5,2,SUV,7,2,Yes,5,Yes,Low,Yes,41-50
EV08147,28,Female,55177.0,Rural,80.4,4,Hatchback,2,2,Yes,3,Yes,Low,No,18-30
EV08148,61,Female,64089.0,Suburban,30.2,2,SUV,3,8,Yes,2,Yes,Low,Yes,61-70
EV08149,56,Female,94353.0,Suburban,32.1,2,Sedan,2,9,No,2,Yes,Medium,No,51-60
EV08150,31,Male,96109.0,Suburban,53.3,2,SUV,6,8,Yes,3,Yes,Low,Yes,31-40
EV08151,36,Male,103183.0,Suburban,82.5,2,Hatchback,6,7,Yes,2,Yes,Low,No,31-40
EV08152,53,Female,85326.0,Urban,47.9,2,Truck,14,6,No,3,No,Medium,No,51-60
EV08153,47,Male,81348.0,Suburban,48.2,3,SUV,7,2,No,5,Yes,Medium,No,41-50
EV08154,68,Female,87775.0,Urban,42.7,3,Sedan,11,15,Yes,5,Yes,Low,No,61-70
EV08155,63,Male,48307.0,Rural,37.1,1,Hatchback,2,2,Yes,1,No,Low,No,61-70
EV08156,67,Female,101714.0,Suburban,5.0,1,Hatchback,4,2,Yes,4,No,Low,No,61-70
EV08157,47,Other,89277.0,Urban,39.1,1,Sedan,8,7,No,1,Yes,Medium,No,41-50
EV08158,60,Male,48722.0,Suburban,71.4,2,SUV,1,6,Yes,3,Yes,Low,No,51-60
EV08159,40,Male,119839.0,Urban,32.5,2,Hatchback,3,10,No,2,Yes,Medium,No,31-40
EV08160,36,Male,81408.0,Suburban,37.6,2,Sedan,2,9,Yes,2,No,Low,No,31-40
EV08161,26,Other,56687.0,Rural,63.1,2,Sedan,2,1,No,1,Yes,High,No,18-30
EV08162,34,Female,118735.0,Rural,55.6,1,Sedan,2,1,Yes,1,Yes,Low,No,31-40
EV08163,28,Female,79528.0,Rural,77.2,1,Truck,2,0,Yes,1,Yes,Medium,No,18-30
EV08164,49,Female,95010.0,Suburban,11.8,2,Sedan,5,8,Yes,5,Yes,Low,No,41-50
EV08165,30,Female,105705.0,Rural,18.8,2,SUV,1,1,Yes,4,Yes,Low,Yes,18-30
EV08166,60,Male,95966.0,Urban,55.2,1,Hatchback,11,7,Yes,1,Yes,Low,No,51-60
EV08167,37,Female,107943.0,Urban,11.2,2,Hatchback,14,14,Yes,3,Yes,Low,No,31-40
EV08168,59,Male,30000.0,Urban,51.8,1,Sedan,7,15,Yes,1,No,Low,No,51-60
EV08169,57,Male,63610.0,Urban,51.9,3,Hatchback,6,14,Yes,4,Yes,Low,No,51-60
EV08170,47,Other,126271.0,Urban,55.9,2,SUV,4,4,Yes,2,Yes,Low,No,41-50
EV08171,48,Male,110876.0,Urban,25.4,1,Hatchback,4,10,No,3,Yes,Medium,No,41-50
EV08172,66,Female,60651.0,Rural,5.0,2,SUV,2,0,Yes,4,Yes,Low,No,61-70
EV08173,42,Male,144650.0,Rural,21.8,1,Sedan,2,1,Yes,3,Yes,Low,No,41-50
EV08174,51,Male,98935.0,Suburban,46.0,2,Sedan,6,3,Yes,3,Yes,Low,No,51-60
EV08175,49,Female,113851.0,Rural,19.7,4,Truck,2,2,No,5,No,Low,No,41-50
EV08176,40,Male,126358.0,Suburban,5.8,1,Sedan,2,3,Yes,1,Yes,Low,No,31-40
EV08177,50,Female,124299.0,Urban,96.5,1,Sedan,5,13,No,4,No,Medium,No,41-50
EV08178,33,Female,114469.0,Suburban,25.5,2,Hatchback,6,4,No,3,Yes,Medium,No,31-40
EV08179,55,Male,104441.0,Urban,68.4,3,Sedan,2,3,Yes,3,No,Low,No,51-60
EV08180,36,Female,76389.0,Rural,36.8,1,SUV,0,1,Yes,5,Yes,Low,Yes,31-40
EV08181,39,Male,130272.0,Urban,35.2,2,SUV,12,4,No,4,No,Low,No,31-40
EV08182,48,Male,93085.0,Urban,39.1,1,SUV,3,19,No,4,No,Low,No,41-50
EV08183,64,Female,49222.0,Urban,65.3,2,Sedan,14,17,No,3,Yes,Low,No,61-70
EV08184,40,Female,112215.0,Rural,12.9,2,SUV,0,1,Yes,2,No,Low,No,31-40
EV08185,36,Female,100387.0,Suburban,38.7,2,Truck,3,5,No,2,Yes,Medium,No,31-40
EV08186,54,Male,77862.0,Urban,67.4,1,Hatchback,9,5,No,2,No,Medium,No,51-60
EV08187,38,Female,118958.0,Suburban,48.0,1,Sedan,4,1,Yes,2,Yes,Low,No,31-40
EV08188,63,Male,149435.0,Suburban,29.0,3,SUV,2,9,No,1,Yes,Medium,No,61-70
EV08189,46,Female,94959.0,Urban,49.4,1,SUV,11,15,No,2,No,Low,No,41-50
EV08190,33,Female,87106.0,Suburban,5.0,2,Sedan,5,6,Yes,4,Yes,Low,No,31-40
EV08191,49,Male,101712.0,Rural,70.0,2,SUV,2,1,Yes,4,No,Low,No,41-50
EV08192,29,Other,92141.0,Suburban,42.8,1,Sedan,2,2,Yes,4,No,Low,No,18-30
EV08193,35,Female,78197.0,Urban,40.2,1,SUV,7,18,Yes,5,Yes,Low,Yes,31-40
EV08194,47,Female,98870.0,Rural,24.2,3,Sedan,2,3,Yes,5,No,Low,No,41-50
EV08195,29,Male,93051.0,Rural,57.2,2,SUV,0,1,Yes,1,No,Low,No,18-30
EV08196,69,Female,109254.0,Suburban,44.7,1,Sedan,0,9,No,1,Yes,Low,No,61-70
EV08197,39,Female,136038.0,Urban,5.0,1,Hatchback,9,13,No,1,Yes,Low,No,31-40
EV08198,59,Female,94048.0,Rural,17.0,1,SUV,1,3,Yes,3,No,Low,No,51-60
EV08199,51,Female,78215.0,Rural,34.0,2,Sedan,1,3,Yes,2,No,Low,No,51-60
EV08200,66,Male,53938.0,Urban,79.7,2,SUV,11,7,Yes,1,Yes,Low,No,61-70
EV08201,56,Male,74951.0,Urban,16.5,2,Sedan,8,6,No,2,Yes,Low,No,51-60
EV08202,31,Female,50776.0,Suburban,58.3,1,Sedan,0,1,Yes,2,Yes,Low,No,31-40
EV08203,65,Male,114474.0,Urban,36.3,1,SUV,11,4,Yes,5,Yes,Low,Yes,61-70
EV08204,28,Male,119774.0,Suburban,82.2,2,Sedan,0,5,Yes,1,Yes,Low,Yes,18-30
EV08205,59,Female,105773.0,Suburban,5.0,2,SUV,5,6,Yes,4,Yes,Low,Yes,51-60
EV08206,30,Male,133204.0,Urban,15.4,3,Hatchback,8,14,No,3,Yes,Low,No,18-30
EV08207,66,Female,30000.0,Suburban,25.5,1,Sedan,6,2,Yes,3,Yes,Low,Yes,61-70
EV08208,44,Female,79704.0,Urban,37.6,1,SUV,12,16,Yes,4,Yes,Low,Yes,41-50
EV08209,64,Female,50366.0,Suburban,6.8,3,SUV,3,6,Yes,2,No,Low,No,61-70
EV08210,58,Female,31907.0,Suburban,27.1,1,Hatchback,3,7,Yes,5,Yes,Low,No,51-60
EV08211,38,Male,188587.0,Suburban,108.3,4,SUV,2,2,Yes,4,No,Low,No,31-40
EV08212,67,Male,114488.0,Urban,53.3,2,SUV,8,15,Yes,2,Yes,Low,No,61-70
EV08213,52,Female,30000.0,Urban,5.0,2,Sedan,6,15,No,3,No,Low,No,51-60
EV08214,33,Male,121797.0,Urban,5.0,4,Sedan,8,12,No,5,Yes,Low,No,31-40
EV08215,37,Male,99762.0,Urban,58.9,3,SUV,4,5,No,2,No,Medium,No,31-40
EV08216,62,Female,120029.0,Urban,22.6,3,Sedan,8,10,No,5,No,Low,No,61-70
EV08217,51,Male,51832.0,Suburban,82.6,1,SUV,2,7,Yes,3,Yes,Low,Yes,51-60
EV08218,50,Male,104461.0,Urban,22.2,3,Hatchback,14,15,No,4,Yes,Low,No,41-50
EV08219,68,Female,57163.0,Suburban,65.0,1,SUV,2,4,Yes,5,Yes,Low,Yes,61-70
EV08220,50,Male,98381.0,Urban,42.5,1,Sedan,7,13,No,3,Yes,Low,Yes,41-50
EV08221,61,Other,52759.0,Urban,15.6,1,Hatchback,14,6,No,2,Yes,Medium,No,61-70
EV08222,68,Male,112799.0,Suburban,70.3,3,SUV,4,4,Yes,5,Yes,Low,Yes,61-70
EV08223,26,Female,106755.0,Suburban,50.0,2,Sedan,5,4,Yes,1,Yes,Low,No,18-30
EV08224,61,Male,79651.0,Urban,47.5,1,SUV,7,5,No,5,No,Medium,No,61-70
EV08225,30,Male,64541.0,Suburban,5.0,1,Sedan,1,6,No,1,No,Medium,No,18-30
EV08226,51,Female,39469.0,Urban,32.4,1,SUV,12,4,No,5,Yes,Low,No,51-60
EV08227,60,Other,51168.0,Suburban,24.3,2,SUV,3,8,Yes,1,Yes,Low,No,51-60
EV08228,57,Female,110590.0,Urban,18.9,2,Hatchback,13,18,No,3,No,Low,No,51-60
EV08229,58,Male,30000.0,Rural,69.7,3,Sedan,2,1,Yes,1,No,Low,No,51-60
EV08230,34,Male,89616.0,Suburban,18.7,2,SUV,2,8,Yes,1,Yes,Low,No,31-40
EV08231,69,Male,151854.0,Urban,5.0,2,Truck,2,15,No,4,Yes,Low,No,61-70
EV08232,55,Female,169317.0,Suburban,27.4,2,SUV,5,2,Yes,1,Yes,Low,No,51-60
EV08233,32,Female,52602.0,Suburban,47.3,1,Sedan,1,3,Yes,5,Yes,Low,Yes,31-40
EV08234,65,Female,77206.0,Suburban,14.6,2,SUV,4,5,Yes,5,No,Low,No,61-70
EV08235,33,Male,59234.0,Suburban,24.1,2,Sedan,4,4,Yes,1,Yes,Low,No,31-40
EV08236,54,Male,70124.0,Rural,28.9,1,Sedan,1,3,Yes,4,No,Low,No,51-60
EV08237,42,Female,80501.0,Urban,27.2,1,Sedan,8,5,Yes,4,Yes,Low,No,41-50
EV08238,29,Female,124809.0,Rural,52.4,2,Sedan,0,3,Yes,5,Yes,Low,Yes,18-30
EV08239,43,Male,47718.0,Urban,5.0,2,SUV,6,17,No,4,Yes,Low,Yes,41-50
EV08240,30,Male,67890.0,Urban,66.7,3,SUV,13,10,No,2,No,Low,No,18-30
EV08241,39,Female,113933.0,Urban,5.0,2,SUV,12,16,No,5,Yes,Low,Yes,31-40
EV08242,46,Female,66431.0,Urban,86.8,3,Sedan,6,6,Yes,2,No,Low,No,41-50
EV08243,52,Male,139905.0,Suburban,54.6,2,Sedan,6,6,Yes,3,Yes,Low,Yes,51-60
EV08244,53,Male,88474.0,Suburban,48.9,4,Sedan,6,4,No,1,Yes,Low,No,51-60
EV08245,26,Male,143625.0,Urban,67.8,3,Truck,2,9,Yes,1,No,Low,No,18-30
EV08246,52,Female,54768.0,Rural,22.7,2,SUV,2,0,Yes,2,No,Low,No,51-60
EV08247,38,Female,32869.0,Urban,45.3,1,Sedan,2,7,Yes,2,No,Low,No,31-40
EV08248,42,Male,126185.0,Urban,43.5,2,Truck,3,13,Yes,1,No,Low,No,41-50
EV08249,33,Female,98589.0,Urban,71.3,2,Sedan,10,13,No,4,No,Medium,No,31-40
EV08250,63,Male,74287.0,Suburban,43.3,1,Truck,4,5,Yes,5,Yes,Low,Yes,61-70
EV08251,37,Male,121108.0,Urban,57.4,4,SUV,13,5,Yes,1,No,Low,No,31-40
EV08252,51,Male,78942.0,Suburban,5.0,1,Sedan,5,4,Yes,1,Yes,Low,No,51-60
EV08253,26,Male,94959.0,Urban,29.3,1,Hatchback,12,15,Yes,1,No,Low,No,18-30
EV08254,60,Male,58478.0,Suburban,9.5,3,SUV,6,1,Yes,3,Yes,Low,No,51-60
EV08255,69,Female,172334.0,Suburban,53.3,1,Sedan,1,2,Yes,4,Yes,Low,Yes,61-70
EV08256,60,Male,30000.0,Suburban,54.3,1,SUV,0,3,Yes,3,No,Low,No,51-60
EV08257,65,Male,93482.0,Rural,41.8,2,Sedan,0,3,Yes,2,No,Low,No,61-70
EV08258,59,Female,126829.0,Urban,45.0,2,SUV,2,13,No,1,Yes,Medium,No,51-60
EV08259,34,Other,47331.0,Rural,55.1,1,Sedan,0,1,Yes,1,No,Low,No,31-40
EV08260,27,Female,103890.0,Suburban,61.9,1,SUV,3,1,Yes,4,No,Low,No,18-30
EV08261,52,Male,77642.0,Rural,32.6,2,Sedan,2,1,Yes,1,Yes,Low,No,51-60
EV08262,33,Male,62669.0,Urban,30.4,3,Sedan,11,15,No,2,Yes,Low,No,31-40
EV08263,40,Female,82229.0,Rural,63.4,1,Sedan,0,3,Yes,2,Yes,Low,No,31-40
EV08264,30,Female,51306.0,Suburban,49.9,1,SUV,1,9,Yes,2,Yes,Low,No,18-30
EV08265,28,Female,132976.0,Rural,86.8,1,Truck,2,1,Yes,3,Yes,Medium,No,18-30
EV08266,47,Female,115574.0,Urban,44.4,2,Sedan,6,3,Yes,2,No,Low,No,41-50
EV08267,27,Female,81309.0,Urban,22.9,2,Truck,12,16,No,2,Yes,Low,No,18-30
EV08268,53,Female,125125.0,Suburban,72.6,2,Sedan,6,3,Yes,2,Yes,Low,No,51-60
EV08269,45,Other,33833.0,Urban,37.5,1,Sedan,7,5,No,5,Yes,Medium,No,41-50
EV08270,68,Male,77489.0,Suburban,10.6,4,SUV,5,3,No,2,No,Medium,No,61-70
EV08271,64,Female,46781.0,Suburban,39.7,1,SUV,3,8,Yes,4,No,Low,No,61-70
EV08272,30,Female,38188.0,Urban,18.3,2,SUV,6,14,Yes,5,Yes,Low,No,18-30
EV08273,25,Male,107789.0,Suburban,51.9,1,Sedan,6,4,No,3,No,Low,No,18-30
EV08274,48,Male,82590.0,Urban,67.8,1,SUV,9,14,No,2,Yes,Low,No,41-50
EV08275,29,Female,44386.0,Rural,49.2,1,Sedan,0,3,No,2,Yes,High,No,18-30
EV08276,30,Female,115977.0,Urban,85.0,3,Truck,14,16,No,5,Yes,Low,Yes,18-30
EV08277,36,Female,106350.0,Urban,11.6,2,Hatchback,8,8,Yes,2,Yes,Low,No,31-40
EV08278,53,Male,30000.0,Urban,56.0,3,Hatchback,7,15,No,1,No,Medium,No,51-60
EV08279,66,Female,70922.0,Urban,38.4,2,Sedan,11,6,No,3,No,Medium,No,61-70
EV08280,65,Female,61825.0,Urban,29.3,4,SUV,13,5,No,1,Yes,Low,No,61-70
EV08281,60,Male,60794.0,Urban,27.6,1,SUV,5,9,No,4,Yes,Low,No,51-60
EV08282,38,Female,88333.0,Suburban,12.6,1,SUV,7,7,Yes,4,No,Low,No,31-40
EV08283,58,Female,151159.0,Suburban,5.0,3,Hatchback,1,9,Yes,4,No,Low,Yes,51-60
EV08284,32,Male,97795.0,Rural,47.6,2,Sedan,1,3,No,5,No,Low,No,31-40
EV08285,46,Male,30000.0,Urban,72.1,2,Hatchback,12,13,Yes,5,Yes,Low,No,41-50
EV08286,64,Female,134796.0,Suburban,53.4,1,Sedan,2,7,Yes,4,No,Low,No,61-70
EV08287,58,Female,50525.0,Suburban,18.9,2,Truck,3,2,Yes,3,Yes,Low,No,51-60
EV08288,56,Female,84441.0,Suburban,64.8,1,Sedan,0,4,Yes,4,No,Low,No,51-60
EV08289,48,Male,81157.0,Urban,49.3,3,SUV,14,8,Yes,4,No,Low,No,41-50
EV08290,26,Male,30000.0,Rural,69.1,1,Sedan,1,2,Yes,3,Yes,Low,No,18-30
EV08291,69,Male,96777.0,Urban,11.7,2,Sedan,14,17,No,5,Yes,Low,No,61-70
EV08292,65,Male,87100.0,Urban,66.1,2,SUV,12,10,Yes,3,No,Low,No,61-70
EV08293,57,Male,66276.0,Urban,89.7,3,Hatchback,4,14,Yes,4,No,Low,No,51-60
EV08294,48,Female,90866.0,Urban,40.2,4,Truck,9,17,No,5,Yes,Low,No,41-50
EV08295,40,Other,71657.0,Suburban,48.1,2,Sedan,0,3,Yes,1,No,Low,No,31-40
EV08296,35,Male,45554.0,Urban,53.0,1,SUV,10,15,Yes,1,No,Low,No,31-40
EV08297,32,Female,95089.0,Urban,53.1,2,Sedan,12,13,No,5,Yes,Low,No,31-40
EV08298,34,Female,72651.0,Suburban,82.3,1,Truck,2,5,Yes,5,Yes,Medium,No,31-40
EV08299,57,Female,52899.0,Rural,47.1,2,SUV,0,1,Yes,3,Yes,Low,No,51-60
EV08300,53,Male,93180.0,Urban,69.3,4,SUV,14,6,No,1,Yes,Low,No,51-60
EV08301,67,Female,45365.0,Rural,84.1,2,SUV,2,3,Yes,3,No,Low,No,61-70
EV08302,54,Female,59818.0,Urban,50.5,1,SUV,4,3,No,3,Yes,Low,Yes,51-60
EV08303,25,Male,60772.0,Urban,17.3,1,Sedan,3,18,No,5,Yes,Low,No,18-30
EV08304,54,Female,68414.0,Rural,16.1,1,Sedan,1,1,No,3,Yes,Low,Yes,51-60
EV08305,39,Male,53818.0,Urban,24.2,1,Sedan,12,16,Yes,2,No,Low,No,31-40
EV08306,56,Male,163082.0,Urban,12.3,2,Sedan,6,3,Yes,1,No,Low,No,51-60
EV08307,36,Female,65037.0,Suburban,50.2,1,Sedan,2,3,Yes,5,Yes,Low,Yes,31-40
EV08308,43,Female,55103.0,Urban,49.4,2,Hatchback,9,12,No,5,Yes,Low,No,41-50
EV08309,46,Female,30000.0,Urban,30.1,1,Hatchback,10,13,No,5,No,Low,No,41-50
EV08310,35,Male,93647.0,Suburban,54.3,3,Sedan,1,5,Yes,4,Yes,Low,Yes,31-40
EV08311,58,Other,61274.0,Suburban,25.3,1,Hatchback,7,1,Yes,2,Yes,Low,No,51-60
EV08312,62,Male,102851.0,Urban,56.4,3,Sedan,6,6,Yes,4,No,Low,No,61-70
EV08313,43,Male,123692.0,Rural,54.3,2,SUV,0,3,Yes,1,Yes,Low,No,41-50
EV08314,34,Male,114052.0,Urban,41.9,1,Sedan,6,3,Yes,1,Yes,Low,No,31-40
EV08315,27,Female,37070.0,Urban,5.0,2,Hatchback,4,7,No,5,Yes,Medium,No,18-30
EV08316,58,Female,121777.0,Urban,55.7,4,Sedan,14,16,Yes,3,Yes,Low,No,51-60
EV08317,53,Male,93189.0,Suburban,33.2,1,Truck,4,6,Yes,5,No,Low,No,51-60
EV08318,46,Female,58915.0,Urban,37.4,1,SUV,13,5,Yes,2,Yes,Low,No,41-50
EV08319,37,Female,111729.0,Rural,49.4,1,Sedan,2,2,Yes,4,No,Low,No,31-40
EV08320,38,Female,140908.0,Urban,10.5,1,Sedan,6,8,Yes,3,Yes,Low,Yes,31-40
EV08321,35,Female,128430.0,Suburban,27.6,3,Hatchback,1,1,Yes,3,Yes,Low,Yes,31-40
EV08322,68,Female,121426.0,Urban,98.6,1,Sedan,6,7,No,3,Yes,Medium,No,61-70
EV08323,28,Male,93683.0,Urban,28.8,2,SUV,4,8,No,2,Yes,Medium,No,18-30
EV08324,50,Female,100634.0,Urban,45.4,2,Sedan,8,3,No,1,Yes,Medium,No,41-50
EV08325,50,Female,78606.0,Rural,36.8,1,SUV,1,2,Yes,1,Yes,Low,No,41-50
EV08326,27,Male,94394.0,Rural,49.7,1,Sedan,2,1,Yes,4,No,Low,No,18-30
EV08327,32,Female,153639.0,Urban,8.9,1,Hatchback,9,11,Yes,3,Yes,Low,Yes,31-40
EV08328,31,Male,47933.0,Urban,26.2,1,Sedan,10,18,No,2,Yes,Low,No,31-40
EV08329,35,Male,51102.0,Urban,98.4,2,SUV,12,13,Yes,2,No,Low,No,31-40
EV08330,34,Other,88439.0,Urban,5.0,1,SUV,6,19,No,5,Yes,Low,No,31-40
EV08331,65,Male,97125.0,Urban,5.0,2,Hatchback,13,16,Yes,5,No,Low,No,61-70
EV08332,45,Male,131727.0,Suburban,40.2,1,Sedan,6,1,No,5,Yes,Medium,Yes,41-50
EV08333,49,Female,126226.0,Urban,31.9,1,SUV,3,13,No,2,Yes,Low,No,41-50
EV08334,35,Male,85177.0,Suburban,24.4,1,Sedan,4,9,Yes,3,No,Low,No,31-40
EV08335,40,Male,154867.0,Suburban,10.3,3,SUV,0,1,Yes,3,Yes,Low,No,31-40
EV08336,63,Female,87289.0,Urban,32.2,1,Hatchback,11,19,No,2,No,Low,No,61-70
EV08337,36,Female,53703.0,Urban,5.0,1,Hatchback,7,12,No,4,Yes,Low,No,31-40
EV08338,56,Female,96853.0,Suburban,48.4,1,SUV,2,2,Yes,3,No,Low,No,51-60
EV08339,67,Female,80241.0,Rural,25.4,2,SUV,2,1,Yes,3,No,Low,No,61-70
EV08340,37,Male,70401.0,Suburban,86.4,3,Sedan,3,8,Yes,3,Yes,Low,No,31-40
EV08341,51,Male,78174.0,Suburban,49.1,1,SUV,5,4,Yes,2,No,Low,No,51-60
EV08342,51,Male,120848.0,Urban,56.7,1,Sedan,5,14,Yes,3,Yes,Low,No,51-60
EV08343,46,Female,52667.0,Urban,5.0,2,Hatchback,12,19,No,2,Yes,Low,Yes,41-50
EV08344,69,Female,114760.0,Urban,74.0,1,SUV,11,10,Yes,3,No,Low,No,61-70
EV08345,31,Female,30000.0,Urban,10.8,1,SUV,10,12,No,2,Yes,Medium,No,31-40
EV08346,32,Male,84708.0,Suburban,55.7,3,Sedan,2,5,Yes,5,Yes,Low,Yes,31-40
EV08347,37,Male,90011.0,Urban,30.7,2,SUV,8,15,Yes,3,No,Low,No,31-40
EV08348,45,Male,69889.0,Urban,26.0,1,SUV,11,19,Yes,2,Yes,Low,No,41-50
EV08349,25,Male,48516.0,Suburban,46.8,3,SUV,2,9,Yes,2,Yes,Low,No,18-30
EV08350,61,Male,127235.0,Urban,5.0,1,SUV,14,10,No,1,Yes,Low,No,61-70
EV08351,57,Male,73655.0,Urban,24.2,1,Sedan,2,11,Yes,5,Yes,Low,Yes,51-60
EV08352,36,Female,99540.0,Suburban,32.8,1,Sedan,1,3,Yes,1,Yes,Low,No,31-40
EV08353,27,Male,44160.0,Suburban,23.9,2,Sedan,2,1,Yes,5,No,Low,No,18-30
EV08354,45,Male,74179.0,Suburban,5.0,3,SUV,2,1,No,2,No,Medium,No,41-50
EV08355,50,Male,142784.0,Suburban,30.4,3,Hatchback,0,2,No,1,No,Medium,No,41-50
EV08356,38,Male,83066.0,Urban,56.2,2,Sedan,9,13,No,1,No,Low,No,31-40
EV08357,60,Female,81978.0,Urban,52.5,1,SUV,8,8,Yes,1,Yes,Low,No,51-60
EV08358,30,Male,136037.0,Suburban,90.0,3,SUV,0,9,Yes,1,No,Low,No,18-30
EV08359,61,Male,99891.0,Suburban,25.6,1,Sedan,1,6,Yes,1,Yes,Low,No,61-70
EV08360,63,Female,65394.0,Urban,75.8,1,Hatchback,5,18,Yes,5,No,Low,No,61-70
EV08361,42,Other,45156.0,Suburban,37.3,2,SUV,2,3,Yes,5,Yes,Low,No,41-50
EV08362,41,Female,116575.0,Suburban,58.2,1,SUV,7,3,Yes,1,Yes,Low,No,41-50
EV08363,45,Female,100033.0,Suburban,18.5,4,Sedan,3,2,No,2,No,Medium,No,41-50
EV08364,62,Male,101557.0,Suburban,59.9,1,Sedan,1,5,Yes,5,No,Low,No,61-70
EV08365,50,Male,131379.0,Urban,46.6,1,Sedan,8,4,No,3,No,Medium,No,41-50
EV08366,56,Male,78435.0,Urban,35.2,1,Sedan,7,14,Yes,3,Yes,Low,No,51-60
EV08367,41,Male,134751.0,Urban,32.7,2,SUV,12,14,No,2,No,Low,No,41-50
EV08368,58,Male,63919.0,Urban,38.8,3,Sedan,13,8,No,4,No,Medium,No,51-60
EV08369,31,Female,76878.0,Suburban,108.2,1,Sedan,1,3,Yes,3,No,Low,No,31-40
EV08370,45,Male,146033.0,Urban,54.8,2,SUV,12,17,Yes,5,No,Low,No,41-50
EV08371,38,Female,109123.0,Urban,52.8,1,Sedan,12,4,Yes,2,No,Low,No,31-40
EV08372,52,Male,88249.0,Suburban,12.9,1,Sedan,1,3,Yes,3,Yes,Low,No,51-60
EV08373,35,Female,69436.0,Suburban,65.4,2,SUV,7,5,No,1,Yes,Medium,No,31-40
EV08374,67,Female,99017.0,Urban,48.5,2,Hatchback,8,16,No,1,Yes,Low,No,61-70
EV08375,25,Female,83263.0,Urban,67.7,2,Sedan,5,7,No,1,No,Medium,No,18-30
EV08376,39,Female,73824.0,Suburban,25.5,2,Hatchback,1,5,Yes,2,Yes,Low,No,31-40
EV08377,31,Female,77126.0,Suburban,36.1,1,Truck,1,2,No,3,Yes,Medium,No,31-40
EV08378,62,Female,53357.0,Urban,5.0,3,Hatchback,2,8,Yes,3,Yes,Low,Yes,61-70
EV08379,30,Male,32968.0,Urban,6.0,2,Sedan,10,5,No,2,No,Low,No,18-30
EV08380,60,Female,63428.0,Suburban,5.0,2,Hatchback,4,6,Yes,1,No,Low,No,51-60
EV08381,30,Male,41425.0,Rural,5.0,2,Truck,2,3,Yes,3,No,Low,No,18-30
EV08382,31,Female,97801.0,Suburban,24.9,3,Sedan,5,2,Yes,3,Yes,Low,No,31-40
EV08383,35,Other,30000.0,Urban,30.4,1,Hatchback,10,8,No,2,Yes,Medium,No,31-40
EV08384,29,Female,37833.0,Suburban,59.1,2,SUV,1,9,Yes,5,Yes,Low,Yes,18-30
EV08385,29,Female,36076.0,Rural,22.5,1,SUV,0,3,Yes,2,Yes,Low,No,18-30
EV08386,69,Female,91445.0,Suburban,22.6,1,SUV,4,7,Yes,3,Yes,Low,Yes,61-70
EV08387,49,Female,138161.0,Urban,5.0,1,Truck,10,5,Yes,5,Yes,Low,Yes,41-50
EV08388,48,Female,115195.0,Suburban,16.3,2,Truck,1,3,Yes,2,No,Low,No,41-50
EV08389,54,Female,130406.0,Urban,42.2,1,Sedan,10,5,No,2,No,Low,No,51-60
EV08390,40,Male,82665.0,Suburban,32.6,4,Sedan,5,2,Yes,1,No,Low,No,31-40
EV08391,59,Female,110078.0,Suburban,37.7,1,Hatchback,6,8,No,4,No,Low,No,51-60
EV08392,29,Female,86109.0,Urban,84.0,1,SUV,11,11,Yes,4,Yes,Low,Yes,18-30
EV08393,48,Female,97524.0,Urban,46.0,1,SUV,6,5,No,5,No,Medium,No,41-50
EV08394,47,Male,31240.0,Suburban,62.6,2,SUV,2,8,Yes,4,Yes,Low,No,41-50
EV08395,44,Female,82870.0,Urban,5.0,1,Sedan,6,12,No,2,Yes,Low,No,41-50
EV08396,30,Male,112279.0,Urban,47.5,1,Sedan,10,5,Yes,4,No,Low,No,18-30
EV08397,58,Male,62264.0,Suburban,54.5,3,SUV,6,6,Yes,1,No,Low,No,51-60
EV08398,58,Male,131762.0,Urban,91.4,2,SUV,2,3,Yes,4,Yes,Low,Yes,51-60
EV08399,67,Male,98323.0,Suburban,49.7,2,Sedan,5,6,Yes,2,No,Low,No,61-70
EV08400,27,Male,130047.0,Suburban,37.2,3,Sedan,7,7,Yes,2,Yes,Low,No,18-30
EV08401,46,Male,77531.0,Urban,37.5,4,Sedan,12,16,Yes,5,No,Low,Yes,41-50
EV08402,51,Female,96399.0,Suburban,5.0,2,Truck,5,4,Yes,1,Yes,Low,No,51-60
EV08403,61,Female,33208.0,Urban,55.8,2,SUV,6,16,No,4,No,Low,No,61-70
EV08404,62,Female,66518.0,Urban,5.0,1,Sedan,8,6,Yes,5,No,Low,No,61-70
EV08405,56,Male,78566.0,Urban,66.8,2,Sedan,7,6,No,1,Yes,Medium,No,51-60
EV08406,50,Female,94038.0,Suburban,35.6,1,Sedan,6,1,Yes,1,No,Low,No,41-50
EV08407,54,Male,69451.0,Suburban,36.2,2,Hatchback,0,8,Yes,4,Yes,Low,Yes,51-60
EV08408,36,Female,84708.0,Suburban,22.7,2,SUV,4,1,Yes,2,No,Low,No,31-40
EV08409,27,Female,114711.0,Rural,17.7,1,Sedan,1,1,Yes,4,Yes,Low,Yes,18-30
EV08410,45,Male,75368.0,Rural,25.4,1,Hatchback,0,0,Yes,4,No,Low,No,41-50
EV08411,48,Male,39201.0,Suburban,44.2,1,SUV,6,5,Yes,5,No,Low,No,41-50
EV08412,63,Male,62581.0,Urban,40.2,1,SUV,8,16,No,3,Yes,Low,Yes,61-70
EV08413,45,Male,107721.0,Suburban,60.3,1,Sedan,3,3,No,3,No,Medium,No,41-50
EV08414,44,Male,75069.0,Suburban,79.3,2,SUV,1,6,Yes,4,No,Low,No,41-50
EV08415,29,Female,70179.0,Urban,27.0,3,Sedan,11,13,No,3,Yes,Low,No,18-30
EV08416,56,Male,81133.0,Urban,18.5,2,Sedan,11,3,No,1,No,Low,No,51-60
EV08417,63,Male,30000.0,Urban,52.8,3,Sedan,3,5,Yes,4,Yes,Low,No,61-70
EV08418,60,Male,53426.0,Urban,23.5,1,Sedan,8,5,No,5,Yes,Medium,No,51-60
EV08419,67,Other,101956.0,Suburban,66.2,1,Sedan,4,3,No,3,Yes,Medium,No,61-70
EV08420,60,Other,81501.0,Urban,9.3,2,Hatchback,10,4,No,1,Yes,Low,No,51-60
EV08421,32,Male,45383.0,Suburban,45.6,1,SUV,6,4,Yes,2,Yes,Low,No,31-40
EV08422,63,Female,152720.0,Suburban,8.2,2,Truck,1,3,Yes,4,No,Low,No,61-70
EV08423,62,Male,37977.0,Urban,22.8,2,Truck,4,5,Yes,2,Yes,Low,No,61-70
EV08424,62,Male,51680.0,Urban,70.0,1,SUV,8,7,No,2,Yes,Medium,No,61-70
EV08425,66,Male,63234.0,Suburban,29.5,1,Sedan,1,6,Yes,3,Yes,Low,No,61-70
EV08426,32,Female,56046.0,Suburban,11.7,3,Sedan,4,1,Yes,3,No,Low,No,31-40
EV08427,67,Male,75377.0,Suburban,55.3,2,SUV,2,8,Yes,2,Yes,Low,No,61-70
EV08428,44,Female,77632.0,Urban,50.1,1,Sedan,7,5,No,5,No,Low,No,41-50
EV08429,49,Female,84708.0,Urban,31.0,3,SUV,3,17,No,5,No,Low,No,41-50
EV08430,48,Female,39505.0,Rural,45.6,1,SUV,1,3,Yes,3,Yes,Low,Yes,41-50
EV08431,26,Female,51146.0,Suburban,45.2,3,SUV,6,9,Yes,2,Yes,Low,Yes,18-30
EV08432,33,Male,68373.0,Urban,69.4,2,SUV,4,6,Yes,3,No,Low,No,31-40
EV08433,47,Female,93599.0,Urban,63.0,1,Sedan,2,13,No,5,No,Low,No,41-50
EV08434,64,Male,30000.0,Urban,57.5,1,Truck,12,17,No,1,Yes,Low,No,61-70
EV08435,32,Female,46109.0,Urban,30.0,1,Hatchback,8,3,No,3,No,Medium,No,31-40
EV08436,65,Female,87433.0,Suburban,57.7,1,Truck,2,1,Yes,5,No,Low,No,61-70
EV08437,33,Male,90273.0,Rural,5.5,1,SUV,1,3,No,4,No,Medium,No,31-40
EV08438,33,Male,84683.0,Urban,61.4,2,Sedan,8,18,No,3,Yes,Medium,No,31-40
EV08439,45,Female,100984.0,Urban,5.0,1,Sedan,8,9,Yes,5,Yes,Low,Yes,41-50
EV08440,41,Female,74014.0,Urban,9.2,2,SUV,2,11,No,5,Yes,Medium,No,41-50
EV08441,35,Male,91623.0,Urban,5.0,1,Hatchback,6,9,No,3,Yes,Low,Yes,31-40
EV08442,46,Female,73979.0,Suburban,5.0,1,Sedan,6,6,Yes,3,Yes,Low,No,41-50
EV08443,51,Male,62151.0,Urban,48.8,1,Sedan,11,9,No,1,No,Medium,No,51-60
EV08444,29,Female,123153.0,Urban,5.0,1,Sedan,9,14,Yes,3,No,Low,No,18-30
EV08445,27,Female,78237.0,Urban,51.8,2,Sedan,8,12,Yes,5,No,Low,Yes,18-30
EV08446,28,Male,113269.0,Suburban,20.0,1,SUV,6,3,Yes,5,Yes,Low,Yes,18-30
EV08447,33,Male,112870.0,Suburban,21.6,2,SUV,5,1,Yes,3,No,Low,No,31-40
EV08448,58,Female,39633.0,Urban,41.9,3,SUV,14,16,Yes,3,No,Low,No,51-60
EV08449,43,Female,102593.0,Suburban,59.6,2,SUV,3,3,No,3,Yes,High,No,41-50
EV08450,30,Male,158926.0,Urban,57.4,2,SUV,12,9,No,2,No,Low,No,18-30
EV08451,35,Female,73636.0,Suburban,31.7,1,Sedan,3,3,Yes,5,No,Low,No,31-40
EV08452,27,Female,84708.0,Suburban,40.3,2,Truck,7,8,Yes,2,Yes,Low,No,18-30
EV08453,64,Male,53235.0,Urban,6.2,2,Truck,8,8,Yes,2,Yes,Low,No,61-70
EV08454,51,Male,73490.0,Urban,45.4,2,Hatchback,7,11,Yes,1,Yes,Low,No,51-60
EV08455,53,Male,67166.0,Urban,59.5,1,Sedan,12,12,No,3,Yes,Low,No,51-60
EV08456,52,Female,71846.0,Urban,41.5,1,SUV,7,16,Yes,3,Yes,Low,No,51-60
EV08457,36,Female,125064.0,Suburban,48.5,1,SUV,0,9,Yes,1,Yes,Low,Yes,31-40
EV08458,29,Male,110904.0,Urban,26.0,2,SUV,3,3,Yes,2,No,Low,No,18-30
EV08459,28,Other,88435.0,Urban,23.0,2,SUV,2,6,No,3,Yes,Medium,No,18-30
EV08460,33,Female,82285.0,Urban,5.0,2,Sedan,2,3,No,5,No,Low,No,31-40
EV08461,26,Male,81116.0,Suburban,12.3,1,Sedan,3,9,Yes,4,No,Low,No,18-30
EV08462,49,Female,69522.0,Suburban,21.0,3,SUV,6,1,Yes,1,No,Low,No,41-50
EV08463,46,Male,46171.0,Rural,40.2,1,Hatchback,2,2,Yes,5,Yes,Low,No,41-50
EV08464,46,Male,84273.0,Suburban,15.4,3,Sedan,4,7,No,5,Yes,High,No,41-50
EV08465,67,Female,79222.0,Suburban,31.7,3,SUV,1,5,Yes,3,No,Low,No,61-70
EV08466,32,Male,138237.0,Urban,39.2,1,Sedan,4,3,Yes,1,No,Low,No,31-40
EV08467,26,Male,33594.0,Suburban,5.0,3,Sedan,7,7,Yes,3,Yes,Low,No,18-30
EV08468,37,Female,84708.0,Suburban,46.3,1,SUV,6,5,Yes,2,No,Low,No,31-40
EV08469,39,Male,65457.0,Suburban,45.0,1,Sedan,0,8,Yes,2,No,Low,No,31-40
EV08470,33,Male,102870.0,Urban,30.4,1,Sedan,6,7,Yes,3,Yes,Low,No,31-40
EV08471,28,Female,68367.0,Suburban,19.4,2,Truck,2,3,Yes,4,Yes,Low,Yes,18-30
EV08472,61,Male,33227.0,Rural,16.7,2,Hatchback,2,0,Yes,2,Yes,Low,No,61-70
EV08473,60,Female,63794.0,Urban,5.0,4,Sedan,9,7,No,5,No,Low,No,51-60
EV08474,64,Male,92704.0,Urban,26.5,4,SUV,6,19,No,2,Yes,Low,No,61-70
EV08475,53,Male,60931.0,Suburban,43.2,1,Hatchback,1,8,Yes,2,Yes,Low,No,51-60
EV08476,25,Female,84708.0,Rural,31.0,1,Sedan,1,0,Yes,5,No,Low,No,18-30
EV08477,59,Other,84096.0,Suburban,34.6,1,Truck,4,4,Yes,1,Yes,Low,No,51-60
EV08478,58,Male,58383.0,Rural,55.7,1,SUV,0,3,Yes,2,Yes,Low,No,51-60
EV08479,62,Male,79417.0,Suburban,44.0,3,Truck,1,8,No,2,Yes,Medium,No,61-70
EV08480,36,Male,41687.0,Urban,42.9,1,Sedan,4,6,No,5,Yes,Low,No,31-40
EV08481,54,Female,85469.0,Urban,39.9,1,Truck,12,12,No,3,No,Low,No,51-60
EV08482,46,Male,121283.0,Urban,36.0,4,Hatchback,8,11,No,4,Yes,Low,No,41-50
EV08483,56,Female,81593.0,Urban,5.0,3,Hatchback,3,4,No,3,Yes,Low,No,51-60
EV08484,49,Female,100537.0,Suburban,5.0,2,Sedan,0,5,Yes,4,Yes,Low,No,41-50
EV08485,67,Female,85264.0,Urban,76.8,2,Hatchback,10,17,No,5,No,Low,No,61-70
EV08486,38,Female,136613.0,Rural,20.0,1,Sedan,2,1,Yes,1,No,Low,No,31-40
EV08487,39,Female,110733.0,Urban,37.5,4,Sedan,12,4,No,5,No,Medium,No,31-40
EV08488,35,Female,47123.0,Urban,50.1,2,Sedan,9,8,No,3,Yes,Medium,No,31-40
EV08489,58,Female,60725.0,Urban,62.2,1,SUV,8,12,Yes,5,Yes,Low,Yes,51-60
EV08490,48,Female,48493.0,Suburban,42.6,1,Sedan,2,5,Yes,1,Yes,Low,No,41-50
EV08491,36,Male,30000.0,Urban,10.3,1,Truck,8,18,Yes,3,No,Low,No,31-40
EV08492,45,Female,42565.0,Urban,5.0,1,Sedan,2,18,Yes,1,No,Low,No,41-50
EV08493,28,Male,83646.0,Urban,62.1,2,Sedan,8,8,Yes,1,Yes,Low,No,18-30
EV08494,25,Female,73580.0,Urban,41.1,1,Sedan,14,6,Yes,4,Yes,Low,Yes,18-30
EV08495,57,Male,39716.0,Suburban,43.9,3,Truck,3,5,Yes,5,No,Low,No,51-60
EV08496,42,Male,30000.0,Urban,41.4,2,SUV,4,13,No,5,No,Low,No,41-50
EV08497,60,Other,76978.0,Urban,97.4,2,Sedan,8,18,No,2,No,Medium,No,51-60
EV08498,28,Female,30000.0,Suburban,43.5,4,SUV,3,4,Yes,4,Yes,Low,No,18-30
EV08499,57,Female,131879.0,Urban,50.9,1,Sedan,4,16,Yes,3,Yes,Low,No,51-60
EV08500,59,Female,120369.0,Urban,24.8,4,Hatchback,11,9,Yes,1,No,Low,No,51-60
EV08501,48,Female,79362.0,Suburban,35.8,3,SUV,3,7,Yes,3,No,Low,No,41-50
EV08502,48,Female,126166.0,Rural,46.6,3,Sedan,2,0,Yes,2,Yes,Low,Yes,41-50
EV08503,41,Male,99426.0,Suburban,92.0,2,SUV,4,3,Yes,5,Yes,Low,Yes,41-50
EV08504,51,Male,39793.0,Suburban,5.0,2,Sedan,0,2,Yes,4,No,Low,No,51-60
EV08505,62,Female,30000.0,Rural,65.4,3,Sedan,1,1,Yes,3,No,Medium,No,61-70
EV08506,63,Other,82903.0,Urban,23.6,4,Truck,3,18,Yes,1,Yes,Low,No,61-70
EV08507,57,Male,69982.0,Urban,11.9,1,SUV,4,13,Yes,3,No,Low,No,51-60
EV08508,52,Male,88265.0,Urban,38.3,2,SUV,8,6,No,3,No,Low,No,51-60
EV08509,29,Female,44466.0,Suburban,83.7,1,SUV,1,8,Yes,4,No,Low,No,18-30
EV08510,40,Male,38132.0,Urban,29.7,2,SUV,7,10,No,2,Yes,Low,No,31-40
EV08511,61,Male,88405.0,Suburban,58.9,2,SUV,1,9,Yes,1,Yes,Low,No,61-70
EV08512,35,Female,97787.0,Urban,36.8,1,SUV,10,16,Yes,3,No,Low,No,31-40
EV08513,27,Male,103109.0,Suburban,51.8,2,SUV,0,1,Yes,2,Yes,Medium,No,18-30
EV08514,60,Male,117307.0,Suburban,53.6,1,SUV,3,4,Yes,5,Yes,Low,Yes,51-60
EV08515,28,Male,111419.0,Suburban,50.5,4,Hatchback,6,9,No,2,Yes,Medium,No,18-30
EV08516,50,Male,121296.0,Urban,33.8,2,Truck,4,16,No,2,Yes,Low,No,41-50
EV08517,59,Female,113978.0,Rural,89.1,3,SUV,0,3,Yes,2,Yes,Low,No,51-60
EV08518,66,Male,40897.0,Rural,17.0,2,Hatchback,1,2,Yes,3,No,Low,No,61-70
EV08519,46,Male,49661.0,Urban,30.4,3,SUV,5,15,No,5,No,Low,No,41-50
EV08520,40,Male,49434.0,Suburban,25.7,1,Sedan,0,3,Yes,4,No,Low,No,31-40
EV08521,45,Female,71088.0,Rural,41.3,1,SUV,2,2,Yes,3,Yes,Low,No,41-50
EV08522,52,Male,129537.0,Suburban,48.1,2,SUV,7,4,Yes,1,Yes,Low,No,51-60
EV08523,35,Female,84695.0,Urban,40.2,2,SUV,6,7,No,1,Yes,Low,No,31-40
EV08524,44,Male,90299.0,Urban,5.0,1,Truck,6,13,No,5,Yes,Medium,Yes,41-50
EV08525,32,Female,77115.0,Suburban,17.4,2,Sedan,4,6,Yes,5,Yes,Low,No,31-40
EV08526,65,Male,84708.0,Urban,41.4,1,Truck,8,11,No,4,Yes,Low,Yes,61-70
EV08527,33,Male,157619.0,Urban,69.4,2,Truck,2,12,No,4,Yes,Low,Yes,31-40
EV08528,39,Male,59841.0,Urban,49.3,2,SUV,9,17,No,4,No,Low,No,31-40
EV08529,25,Female,118412.0,Suburban,55.5,4,Sedan,5,1,No,3,No,Medium,No,18-30
EV08530,52,Male,97120.0,Rural,5.0,2,Sedan,0,1,Yes,3,Yes,Low,No,51-60
EV08531,40,Female,66984.0,Rural,22.8,1,SUV,2,1,Yes,5,Yes,Low,No,31-40
EV08532,27,Female,124402.0,Rural,52.9,3,Sedan,0,3,Yes,5,Yes,Low,Yes,18-30
EV08533,45,Male,164835.0,Rural,56.1,3,SUV,1,2,Yes,1,No,Low,No,41-50
EV08534,47,Male,88167.0,Suburban,96.5,2,Hatchback,7,6,Yes,4,No,Medium,No,41-50
EV08535,53,Female,116666.0,Suburban,38.9,2,Hatchback,7,8,Yes,4,Yes,Low,Yes,51-60
EV08536,31,Male,42049.0,Rural,12.6,4,SUV,2,1,Yes,5,No,Low,No,31-40
EV08537,52,Female,101912.0,Urban,19.2,4,SUV,14,5,Yes,2,Yes,Low,Yes,51-60
EV08538,61,Male,81297.0,Urban,5.1,2,Hatchback,6,6,Yes,1,No,Low,No,61-70
EV08539,29,Male,108172.0,Suburban,55.6,1,SUV,0,4,Yes,2,Yes,Low,No,18-30
EV08540,25,Female,88610.0,Suburban,15.3,3,Sedan,5,1,Yes,1,Yes,Low,No,18-30
EV08541,27,Male,85915.0,Suburban,71.1,1,SUV,4,5,Yes,4,Yes,Low,Yes,18-30
EV08542,57,Male,73555.0,Suburban,60.5,2,Sedan,6,5,Yes,3,Yes,Low,No,51-60
EV08543,65,Male,127415.0,Suburban,45.4,1,Sedan,7,5,Yes,4,No,Low,No,61-70
EV08544,38,Female,37633.0,Urban,113.5,1,SUV,2,4,Yes,2,Yes,Medium,No,31-40
EV08545,37,Male,78150.0,Urban,12.4,3,SUV,6,8,Yes,5,Yes,Low,Yes,31-40
EV08546,51,Male,30000.0,Urban,58.4,3,Sedan,13,15,No,5,No,Low,No,51-60
EV08547,38,Female,57127.0,Suburban,24.8,1,Sedan,4,2,No,3,Yes,Low,No,31-40
EV08548,42,Female,69672.0,Urban,46.5,1,Sedan,11,6,No,5,Yes,Low,No,41-50
EV08549,41,Male,150805.0,Urban,34.1,1,Truck,4,4,Yes,1,Yes,Low,No,41-50
EV08550,42,Female,69356.0,Rural,58.8,2,Sedan,1,0,Yes,3,Yes,Low,No,41-50
EV08551,33,Female,81019.0,Urban,23.4,1,SUV,7,5,No,5,Yes,Medium,No,31-40
EV08552,33,Female,120560.0,Suburban,21.6,1,Sedan,3,9,Yes,2,Yes,Low,No,31-40
EV08553,61,Male,41087.0,Rural,34.6,1,Hatchback,2,2,Yes,3,Yes,Low,No,61-70
EV08554,55,Female,106059.0,Rural,5.4,4,Sedan,0,0,Yes,2,Yes,Low,Yes,51-60
EV08555,60,Male,78464.0,Suburban,35.7,3,SUV,0,1,No,5,Yes,Medium,No,51-60
EV08556,30,Female,61183.0,Urban,81.3,1,SUV,6,8,No,2,Yes,Low,No,18-30
EV08557,58,Male,109380.0,Urban,62.8,3,Truck,6,19,No,2,Yes,Low,No,51-60
EV08558,62,Other,106086.0,Urban,67.0,1,SUV,8,3,No,1,Yes,Medium,No,61-70
EV08559,54,Male,119975.0,Urban,82.9,3,SUV,14,5,Yes,1,No,Low,No,51-60
EV08560,58,Male,98232.0,Suburban,54.8,1,Sedan,5,3,Yes,3,Yes,Low,No,51-60
EV08561,53,Female,48633.0,Rural,5.0,2,Hatchback,2,2,Yes,4,Yes,Low,No,51-60
EV08562,48,Female,76631.0,Suburban,62.3,2,Hatchback,3,1,Yes,3,Yes,Low,No,41-50
EV08563,46,Male,124394.0,Urban,27.2,1,SUV,12,17,Yes,4,No,Low,No,41-50
EV08564,47,Female,91927.0,Suburban,66.6,2,Sedan,0,6,No,2,Yes,Low,No,41-50
EV08565,50,Male,62271.0,Rural,48.1,2,SUV,0,3,Yes,1,No,Low,No,41-50
EV08566,31,Male,30000.0,Urban,38.9,2,Hatchback,10,16,No,5,Yes,Low,Yes,31-40
EV08567,36,Male,95614.0,Urban,10.2,3,Sedan,7,18,Yes,5,Yes,Low,Yes,31-40
EV08568,29,Female,79010.0,Suburban,51.8,2,Sedan,4,2,Yes,5,No,Low,No,18-30
EV08569,40,Male,89116.0,Suburban,62.5,1,Hatchback,2,8,Yes,4,Yes,Low,Yes,31-40
EV08570,55,Male,41356.0,Urban,42.4,2,Sedan,14,7,Yes,5,Yes,Low,Yes,51-60
EV08571,53,Male,82263.0,Rural,23.0,2,SUV,0,3,Yes,4,Yes,Low,No,51-60
EV08572,33,Male,101633.0,Urban,42.2,1,SUV,12,5,Yes,5,Yes,Low,Yes,31-40
EV08573,65,Female,88415.0,Urban,33.2,1,SUV,6,3,Yes,3,Yes,Low,No,61-70
EV08574,66,Male,77797.0,Rural,71.8,1,Truck,0,1,Yes,4,Yes,Low,Yes,61-70
EV08575,54,Male,159391.0,Urban,48.7,1,Sedan,11,4,No,5,Yes,Medium,Yes,51-60
EV08576,62,Male,30000.0,Suburban,5.0,1,Hatchback,0,8,Yes,1,Yes,Low,No,61-70
EV08577,36,Male,137524.0,Suburban,64.9,3,SUV,6,1,Yes,2,Yes,Low,No,31-40
EV08578,30,Male,77374.0,Urban,5.0,2,SUV,5,12,Yes,5,Yes,Low,Yes,18-30
EV08579,57,Female,72457.0,Urban,77.7,3,Sedan,11,7,Yes,2,Yes,Low,No,51-60
EV08580,34,Female,96530.0,Rural,49.5,3,Sedan,0,0,Yes,4,Yes,Low,Yes,31-40
EV08581,36,Female,129662.0,Suburban,54.5,1,SUV,3,2,Yes,1,No,Low,No,31-40
EV08582,37,Female,47015.0,Suburban,60.7,1,Sedan,0,9,Yes,3,Yes,Low,No,31-40
EV08583,64,Male,73991.0,Urban,31.7,1,Sedan,2,16,No,5,No,Medium,No,61-70
EV08584,53,Female,106393.0,Rural,34.9,2,Sedan,0,3,Yes,2,Yes,Low,No,51-60
EV08585,69,Female,109289.0,Urban,79.3,1,Sedan,4,15,Yes,5,Yes,Low,Yes,61-70
EV08586,38,Male,107277.0,Rural,53.2,2,SUV,0,1,Yes,4,No,Medium,No,31-40
EV08587,43,Female,83847.0,Suburban,21.9,1,Hatchback,3,9,Yes,3,Yes,Low,Yes,41-50
EV08588,61,Male,43560.0,Urban,71.4,3,Sedan,2,16,No,2,Yes,Low,No,61-70
EV08589,40,Female,47407.0,Urban,38.2,3,Sedan,8,14,No,2,Yes,Low,No,31-40
EV08590,35,Female,75300.0,Rural,38.5,2,Hatchback,0,0,Yes,5,Yes,Low,Yes,31-40
EV08591,65,Male,89613.0,Suburban,77.2,3,Hatchback,3,3,Yes,2,Yes,Low,No,61-70
EV08592,28,Male,85776.0,Urban,5.0,1,Sedan,5,3,Yes,5,No,Low,No,18-30
EV08593,25,Female,61836.0,Urban,8.4,1,Sedan,10,12,No,4,Yes,Low,No,18-30
EV08594,38,Female,134049.0,Suburban,39.4,2,Hatchback,6,5,Yes,1,No,Low,No,31-40
EV08595,45,Male,78079.0,Urban,67.6,1,Sedan,14,5,Yes,3,Yes,Low,Yes,41-50
EV08596,31,Male,31873.0,Suburban,35.9,1,SUV,2,8,Yes,1,No,Low,No,31-40
EV08597,52,Male,84708.0,Urban,56.9,2,Sedan,12,6,No,5,Yes,Medium,Yes,51-60
EV08598,62,Male,135321.0,Suburban,76.6,2,Hatchback,7,4,Yes,2,No,Low,No,61-70
EV08599,38,Female,101113.0,Suburban,89.6,1,Hatchback,1,5,Yes,2,No,Low,No,31-40
EV08600,56,Other,87689.0,Urban,67.0,2,Sedan,5,15,No,2,Yes,Medium,No,51-60
EV08601,32,Female,61310.0,Urban,45.3,2,Truck,6,5,Yes,5,No,Low,No,31-40
EV08602,60,Female,98447.0,Urban,30.8,1,Sedan,14,8,No,3,No,Low,No,51-60
EV08603,63,Male,102454.0,Urban,59.0,2,Sedan,8,18,No,2,Yes,Low,No,61-70
EV08604,46,Female,62703.0,Urban,52.2,3,SUV,8,10,Yes,4,No,Low,No,41-50
EV08605,65,Male,55095.0,Urban,32.7,1,Sedan,14,8,No,3,Yes,Low,No,61-70
EV08606,66,Male,117811.0,Suburban,26.2,2,Hatchback,3,9,Yes,3,Yes,Low,Yes,61-70
EV08607,63,Male,115753.0,Urban,9.2,2,Hatchback,7,13,Yes,2,Yes,Low,No,61-70
EV08608,47,Female,51227.0,Suburban,24.0,4,Hatchback,0,6,Yes,3,Yes,Low,No,41-50
EV08609,46,Female,72254.0,Rural,44.7,3,SUV,0,2,Yes,5,Yes,Low,No,41-50
EV08610,42,Female,166587.0,Urban,43.0,1,Sedan,13,4,No,3,Yes,Medium,No,41-50
EV08611,39,Male,30000.0,Urban,46.9,1,Sedan,2,6,Yes,3,Yes,Low,No,31-40
EV08612,52,Female,110681.0,Urban,60.5,2,SUV,13,6,No,3,Yes,Medium,No,51-60
EV08613,40,Female,124173.0,Urban,71.9,1,SUV,9,5,Yes,1,Yes,Low,No,31-40
EV08614,38,Male,73000.0,Urban,38.5,2,Hatchback,9,18,Yes,3,Yes,Low,No,31-40
EV08615,29,Female,58657.0,Suburban,10.5,4,Truck,1,8,No,3,No,Medium,No,18-30
EV08616,49,Male,117813.0,Urban,28.6,2,Hatchback,3,5,No,2,Yes,Medium,No,41-50
EV08617,39,Female,95388.0,Urban,16.3,2,Sedan,9,6,Yes,2,No,Low,No,31-40
EV08618,53,Male,63800.0,Suburban,44.1,2,Sedan,5,2,Yes,2,Yes,Low,No,51-60
EV08619,51,Female,152747.0,Urban,65.9,2,Sedan,14,13,Yes,1,Yes,Low,No,51-60
EV08620,25,Female,105950.0,Urban,67.4,3,SUV,7,12,No,5,Yes,Low,Yes,18-30
EV08621,33,Female,104084.0,Suburban,17.8,2,Sedan,4,3,Yes,3,No,Low,No,31-40
EV08622,65,Male,61697.0,Urban,59.7,2,SUV,10,5,Yes,5,No,Low,No,61-70
EV08623,37,Female,68091.0,Suburban,61.1,2,Truck,3,8,Yes,5,No,Low,No,31-40
EV08624,60,Female,76808.0,Rural,32.7,4,Sedan,2,1,Yes,2,Yes,Low,No,51-60
EV08625,67,Other,120774.0,Urban,98.2,2,Sedan,3,14,Yes,1,Yes,Low,No,61-70
EV08626,39,Other,40431.0,Urban,57.7,2,Sedan,13,17,No,1,No,Low,No,31-40
EV08627,41,Male,45658.0,Urban,13.2,1,Sedan,8,13,Yes,3,Yes,Low,Yes,41-50
EV08628,25,Male,105899.0,Suburban,50.3,2,Sedan,0,2,No,2,No,High,No,18-30
EV08629,29,Male,128779.0,Urban,13.2,3,SUV,14,5,No,5,No,Low,No,18-30
EV08630,59,Female,93911.0,Rural,36.5,1,Hatchback,1,1,Yes,1,Yes,Low,No,51-60
EV08631,52,Male,94692.0,Urban,60.3,2,SUV,12,8,No,5,Yes,Low,No,51-60
EV08632,53,Female,72875.0,Urban,38.9,1,Sedan,5,15,Yes,1,No,Low,No,51-60
EV08633,28,Female,108847.0,Urban,69.3,2,Sedan,12,5,No,5,Yes,Low,Yes,18-30
EV08634,63,Male,67671.0,Suburban,70.9,2,Sedan,6,1,Yes,4,Yes,Low,Yes,61-70
EV08635,67,Male,117646.0,Urban,25.0,2,Sedan,9,7,No,4,Yes,Low,Yes,61-70
EV08636,61,Male,79905.0,Urban,36.1,2,SUV,8,5,No,2,Yes,Low,No,61-70
EV08637,65,Male,79272.0,Urban,34.7,2,Hatchback,11,17,Yes,1,Yes,Low,No,61-70
EV08638,52,Female,65659.0,Urban,11.8,3,Truck,9,6,No,2,Yes,Low,No,51-60
EV08639,41,Male,67260.0,Suburban,37.2,2,Truck,1,2,Yes,1,Yes,Low,No,41-50
EV08640,45,Female,121657.0,Suburban,20.0,2,Sedan,3,1,Yes,4,Yes,Low,Yes,41-50
EV08641,53,Other,65722.0,Urban,67.7,1,SUV,3,4,Yes,3,Yes,Low,No,51-60
EV08642,44,Female,30000.0,Suburban,40.2,3,Sedan,3,5,Yes,3,Yes,Low,No,41-50
EV08643,68,Male,148943.0,Urban,5.0,2,Truck,6,12,No,2,Yes,Low,No,61-70
EV08644,40,Female,54835.0,Urban,70.6,1,Sedan,12,17,Yes,4,Yes,Low,No,31-40
EV08645,67,Other,111043.0,Urban,44.8,1,Truck,13,19,Yes,4,No,Low,No,61-70
EV08646,36,Female,103304.0,Rural,5.0,1,Sedan,2,0,Yes,1,No,Low,No,31-40
EV08647,47,Female,135398.0,Urban,21.0,3,SUV,9,6,Yes,2,Yes,Low,No,41-50
EV08648,36,Female,30000.0,Urban,22.5,2,SUV,13,6,No,2,No,Medium,No,31-40
EV08649,58,Other,109558.0,Suburban,32.7,1,SUV,1,6,Yes,2,Yes,Low,No,51-60
EV08650,30,Male,62212.0,Suburban,88.3,2,Hatchback,6,5,No,5,No,Medium,No,18-30
EV08651,37,Male,122427.0,Suburban,15.7,1,SUV,1,2,Yes,5,Yes,Low,Yes,31-40
EV08652,52,Male,47199.0,Suburban,34.2,1,Hatchback,6,9,Yes,4,Yes,Low,No,51-60
EV08653,43,Male,48047.0,Suburban,5.0,1,Truck,7,1,No,3,Yes,Medium,No,41-50
EV08654,25,Male,70118.0,Suburban,44.4,2,Sedan,6,4,Yes,1,No,Low,No,18-30
EV08655,26,Female,129647.0,Urban,5.0,4,Hatchback,4,3,Yes,4,Yes,Low,No,18-30
EV08656,27,Male,142021.0,Suburban,68.2,1,SUV,7,9,Yes,1,Yes,Low,No,18-30
EV08657,66,Female,129962.0,Rural,99.1,2,Sedan,2,2,Yes,4,Yes,Low,No,61-70
EV08658,54,Male,92028.0,Urban,18.3,1,Sedan,9,13,Yes,5,Yes,Low,Yes,51-60
EV08659,67,Female,69715.0,Urban,35.0,2,SUV,11,9,No,5,Yes,Medium,Yes,61-70
EV08660,62,Male,49788.0,Rural,80.6,2,SUV,2,2,Yes,2,Yes,Low,No,61-70
EV08661,35,Female,84708.0,Urban,45.2,3,Sedan,6,8,No,2,No,Medium,No,31-40
EV08662,46,Female,111573.0,Suburban,88.9,1,Hatchback,7,8,No,3,No,High,No,41-50
EV08663,65,Male,82910.0,Suburban,53.3,1,SUV,6,5,Yes,3,No,Low,No,61-70
EV08664,51,Female,71545.0,Urban,67.5,1,Sedan,14,8,No,2,Yes,Low,No,51-60
EV08665,45,Male,58705.0,Urban,58.7,3,SUV,6,13,Yes,4,Yes,Low,No,41-50
EV08666,45,Female,126999.0,Suburban,34.9,2,Sedan,6,7,No,1,Yes,Medium,No,41-50
EV08667,62,Female,30000.0,Rural,44.0,2,Sedan,0,3,Yes,4,Yes,Low,No,61-70
EV08668,28,Female,73983.0,Suburban,46.4,2,Sedan,4,5,No,3,Yes,Medium,No,18-30
EV08669,51,Other,100334.0,Urban,58.7,2,Sedan,10,7,No,4,Yes,Low,Yes,51-60
EV08670,50,Male,74657.0,Urban,60.5,3,Sedan,12,8,No,3,No,Low,No,41-50
EV08671,25,Male,97574.0,Suburban,42.5,2,Hatchback,4,8,Yes,5,No,Low,No,18-30
EV08672,64,Female,39421.0,Suburban,33.1,2,SUV,3,4,No,1,No,High,No,61-70
EV08673,59,Female,103791.0,Urban,35.5,2,SUV,9,5,Yes,1,Yes,Low,No,51-60
EV08674,34,Male,153131.0,Urban,87.8,1,Sedan,9,12,No,3,Yes,Medium,No,31-40
EV08675,29,Female,130201.0,Suburban,70.9,4,Truck,5,7,No,4,Yes,Medium,No,18-30
EV08676,31,Male,102057.0,Urban,30.2,2,SUV,9,12,No,3,No,Low,No,31-40
EV08677,36,Female,77922.0,Rural,70.0,2,Hatchback,1,3,Yes,3,No,Low,No,31-40
EV08678,38,Male,58504.0,Urban,39.4,2,Sedan,4,18,No,3,No,Low,No,31-40
EV08679,69,Female,130318.0,Rural,70.5,4,SUV,0,1,Yes,3,Yes,Low,No,61-70
EV08680,51,Female,59802.0,Rural,22.6,3,Sedan,0,2,Yes,4,Yes,Low,No,51-60
EV08681,66,Female,114030.0,Urban,17.5,3,Truck,8,11,Yes,2,Yes,Low,No,61-70
EV08682,38,Male,100094.0,Urban,44.5,2,SUV,7,7,Yes,4,Yes,Low,Yes,31-40
EV08683,31,Female,83410.0,Rural,47.1,2,Hatchback,1,1,Yes,1,Yes,Low,No,31-40
EV08684,49,Female,105944.0,Urban,87.0,1,Sedan,9,12,No,4,No,Medium,No,41-50
EV08685,59,Male,110914.0,Urban,19.5,1,Hatchback,8,9,No,4,Yes,Medium,No,51-60
EV08686,27,Male,89874.0,Urban,86.4,2,Sedan,13,5,No,4,Yes,Medium,No,18-30
EV08687,43,Female,30000.0,Suburban,68.7,1,Truck,3,9,No,1,Yes,Medium,No,41-50
EV08688,33,Female,69979.0,Urban,20.9,4,Sedan,8,19,No,3,Yes,Low,Yes,31-40
EV08689,64,Female,104896.0,Suburban,24.9,2,Sedan,3,2,Yes,1,Yes,Low,No,61-70
EV08690,45,Male,118062.0,Urban,50.7,1,Hatchback,2,4,No,4,Yes,Medium,Yes,41-50
EV08691,46,Male,104942.0,Urban,62.6,2,Truck,7,18,No,5,Yes,Low,Yes,41-50
EV08692,26,Female,84708.0,Urban,54.4,1,SUV,5,15,No,3,No,Low,Yes,18-30
EV08693,39,Male,71643.0,Suburban,37.1,3,Sedan,2,4,Yes,4,Yes,Low,Yes,31-40
EV08694,47,Male,101057.0,Urban,34.4,2,SUV,6,17,No,2,Yes,Low,No,41-50
EV08695,43,Other,77133.0,Suburban,5.0,4,Sedan,1,7,No,4,Yes,Low,No,41-50
EV08696,35,Female,92039.0,Rural,16.8,2,Sedan,1,0,Yes,4,No,Low,No,31-40
EV08697,57,Female,76503.0,Rural,54.4,1,Sedan,0,2,Yes,1,Yes,Low,Yes,51-60
EV08698,57,Male,124667.0,Urban,49.4,1,SUV,9,15,No,4,No,Medium,No,51-60
EV08699,59,Male,101212.0,Urban,47.3,3,Sedan,13,11,No,3,Yes,Low,No,51-60
EV08700,30,Female,110933.0,Urban,68.2,1,Sedan,14,6,No,1,Yes,Low,No,18-30
EV08701,64,Female,127303.0,Rural,5.0,1,Hatchback,0,2,Yes,4,Yes,Low,Yes,61-70
EV08702,39,Female,124410.0,Suburban,5.0,3,Sedan,3,3,No,4,No,High,No,31-40
EV08703,28,Male,105513.0,Urban,40.2,2,Sedan,13,10,No,5,Yes,Low,Yes,18-30
EV08704,69,Female,30000.0,Suburban,34.4,1,Sedan,5,3,No,2,Yes,Medium,No,61-70
EV08705,40,Male,65513.0,Suburban,23.8,2,Sedan,7,7,No,4,Yes,Medium,Yes,31-40
EV08706,25,Female,78342.0,Suburban,28.6,1,SUV,7,8,Yes,5,Yes,Low,No,18-30
EV08707,39,Male,75595.0,Urban,69.5,1,SUV,5,9,Yes,5,Yes,Low,No,31-40
EV08708,57,Female,136166.0,Suburban,48.3,2,SUV,1,3,Yes,2,Yes,Low,No,51-60
EV08709,27,Female,105354.0,Urban,23.2,2,Hatchback,4,12,Yes,3,Yes,Low,No,18-30
EV08710,43,Female,115620.0,Suburban,77.8,2,Hatchback,1,2,Yes,4,Yes,Low,No,41-50
EV08711,41,Male,59664.0,Urban,9.3,1,Sedan,8,17,Yes,4,Yes,Low,No,41-50
EV08712,26,Female,111587.0,Rural,20.7,2,SUV,2,1,Yes,3,Yes,Low,No,18-30
EV08713,27,Male,109939.0,Urban,22.8,2,Sedan,14,6,No,5,Yes,Low,Yes,18-30
EV08714,48,Male,90337.0,Suburban,46.6,2,SUV,3,8,Yes,5,Yes,Low,Yes,41-50
EV08715,44,Female,132479.0,Suburban,70.9,2,Sedan,5,5,Yes,4,Yes,Low,Yes,41-50
EV08716,44,Female,32502.0,Rural,19.7,1,Truck,0,0,Yes,3,No,Low,No,41-50
EV08717,31,Male,125905.0,Suburban,5.0,2,SUV,0,7,Yes,5,Yes,Low,Yes,31-40
EV08718,43,Female,86264.0,Urban,5.0,2,SUV,5,7,Yes,4,Yes,Low,No,41-50
EV08719,65,Female,54326.0,Urban,15.4,3,Sedan,14,4,No,3,Yes,Low,No,61-70
EV08720,54,Female,62336.0,Urban,56.4,3,SUV,5,9,Yes,1,No,Low,No,51-60
EV08721,31,Male,81098.0,Urban,55.3,1,Truck,11,3,No,2,Yes,Medium,No,31-40
EV08722,67,Male,169378.0,Suburban,26.9,3,Sedan,3,9,Yes,1,Yes,Low,No,61-70
EV08723,61,Male,129216.0,Urban,92.3,1,Sedan,11,10,Yes,2,No,Low,No,61-70
EV08724,62,Female,47375.0,Rural,21.8,2,Truck,2,2,Yes,2,No,Low,No,61-70
EV08725,46,Female,72320.0,Suburban,50.9,1,Hatchback,2,1,Yes,4,Yes,Low,No,41-50
EV08726,27,Male,74830.0,Rural,64.0,1,Sedan,0,3,Yes,1,Yes,Low,No,18-30
EV08727,37,Male,77179.0,Urban,54.4,2,Truck,7,16,No,3,No,Low,No,31-40
EV08728,68,Female,30000.0,Rural,75.4,2,Hatchback,2,2,Yes,2,Yes,Low,No,61-70
EV08729,28,Male,117017.0,Suburban,5.0,2,Sedan,1,6,No,2,Yes,Medium,No,18-30
EV08730,46,Male,94069.0,Suburban,41.3,1,Hatchback,0,3,Yes,5,Yes,Low,Yes,41-50
EV08731,50,Male,110560.0,Rural,47.5,1,Sedan,1,3,Yes,3,Yes,Low,No,41-50
EV08732,37,Female,76909.0,Suburban,46.8,3,Hatchback,2,1,Yes,3,No,Low,No,31-40
EV08733,29,Female,139330.0,Urban,27.4,4,SUV,13,15,No,4,Yes,Low,Yes,18-30
EV08734,56,Male,40326.0,Urban,24.6,2,Truck,10,8,Yes,5,No,Low,No,51-60
EV08735,59,Male,44015.0,Suburban,22.7,1,Hatchback,4,1,Yes,4,Yes,Low,No,51-60
EV08736,28,Female,108803.0,Suburban,90.6,2,SUV,3,5,No,4,No,Medium,No,18-30
EV08737,43,Male,61354.0,Urban,33.0,4,Sedan,10,5,No,2,No,Medium,No,41-50
EV08738,62,Female,114444.0,Urban,53.9,2,SUV,10,3,No,1,Yes,Medium,No,61-70
EV08739,58,Female,93121.0,Urban,28.0,2,Sedan,13,19,No,3,No,Low,No,51-60
EV08740,54,Male,90329.0,Urban,84.9,3,Hatchback,11,6,Yes,4,Yes,Low,No,51-60
EV08741,51,Female,72614.0,Suburban,15.4,1,Truck,6,8,Yes,3,Yes,Low,Yes,51-60
EV08742,49,Male,96749.0,Urban,106.8,1,Truck,7,8,Yes,5,No,Low,No,41-50
EV08743,41,Female,30000.0,Rural,41.3,2,SUV,2,3,Yes,2,Yes,Low,No,41-50
EV08744,58,Female,69516.0,Rural,56.3,4,Hatchback,0,1,Yes,5,Yes,Low,Yes,51-60
EV08745,60,Female,81289.0,Suburban,17.8,2,Sedan,5,5,Yes,4,No,Low,No,51-60
EV08746,25,Male,143772.0,Suburban,81.3,1,SUV,4,5,Yes,3,No,Low,No,18-30
EV08747,36,Male,96207.0,Rural,25.2,1,SUV,0,0,Yes,2,Yes,Low,No,31-40
EV08748,43,Male,82669.0,Urban,22.9,2,SUV,10,15,No,4,No,Low,No,41-50
EV08749,55,Female,84708.0,Suburban,32.0,3,Sedan,1,2,Yes,4,Yes,Low,Yes,51-60
EV08750,58,Female,58003.0,Urban,34.9,1,Hatchback,6,12,Yes,4,No,Low,No,51-60
EV08751,28,Male,36361.0,Urban,26.8,2,Sedan,4,15,Yes,5,Yes,Low,No,18-30
EV08752,56,Male,30000.0,Urban,15.2,3,Sedan,4,17,No,4,Yes,Medium,No,51-60
EV08753,44,Female,86452.0,Urban,53.3,1,Hatchback,10,10,No,4,Yes,Low,Yes,41-50
EV08754,64,Male,122141.0,Urban,60.7,1,Sedan,11,16,No,2,Yes,Low,No,61-70
EV08755,57,Female,98497.0,Urban,63.9,1,Truck,5,3,No,5,Yes,Medium,No,51-60
EV08756,33,Male,128768.0,Urban,59.4,2,Sedan,4,19,No,4,No,Medium,No,31-40
EV08757,27,Male,109703.0,Urban,66.6,1,Truck,3,17,No,1,Yes,Medium,No,18-30
EV08758,34,Female,81111.0,Urban,34.8,2,Sedan,3,3,No,4,No,Medium,No,31-40
EV08759,60,Female,30000.0,Suburban,101.2,1,Sedan,6,6,Yes,2,No,Low,No,51-60
EV08760,67,Female,144003.0,Rural,5.0,1,Truck,2,0,Yes,3,Yes,Low,No,61-70
EV08761,58,Male,59754.0,Suburban,47.1,1,SUV,6,2,Yes,1,No,Low,No,51-60
EV08762,41,Male,124427.0,Urban,40.2,4,SUV,7,4,Yes,1,No,Low,No,41-50
EV08763,37,Male,76458.0,Urban,11.8,1,Truck,13,18,Yes,1,Yes,Low,No,31-40
EV08764,67,Male,97895.0,Suburban,16.8,1,Sedan,2,2,Yes,3,Yes,Low,Yes,61-70
EV08765,37,Other,59122.0,Suburban,73.5,1,Truck,2,7,No,2,Yes,High,No,31-40
EV08766,55,Female,99524.0,Rural,5.0,1,Sedan,2,2,Yes,5,No,Low,No,51-60
EV08767,28,Male,89858.0,Urban,14.3,2,Sedan,10,4,No,4,Yes,Medium,No,18-30
EV08768,54,Female,103643.0,Urban,75.4,1,Sedan,4,3,No,2,Yes,Medium,No,51-60
EV08769,59,Male,56368.0,Urban,62.6,2,Sedan,4,6,Yes,2,Yes,Low,No,51-60
EV08770,36,Female,146657.0,Urban,44.3,2,Sedan,11,19,Yes,2,Yes,Low,Yes,31-40
EV08771,33,Female,49089.0,Urban,24.1,1,SUV,2,6,Yes,4,No,Low,No,31-40
EV08772,67,Male,66894.0,Suburban,49.6,2,SUV,3,8,Yes,1,No,Low,No,61-70
EV08773,69,Female,58594.0,Urban,62.7,2,Sedan,5,15,No,1,Yes,Medium,No,61-70
EV08774,50,Male,102882.0,Suburban,71.8,1,SUV,2,4,Yes,5,No,Low,No,41-50
EV08775,39,Male,104452.0,Urban,50.2,1,Sedan,6,9,No,3,Yes,Low,No,31-40
EV08776,50,Male,56943.0,Urban,48.5,1,Sedan,9,19,Yes,2,Yes,Low,No,41-50
EV08777,68,Male,30000.0,Urban,34.1,1,Sedan,7,3,No,5,Yes,Medium,No,61-70
EV08778,47,Female,71929.0,Suburban,69.5,3,SUV,7,5,Yes,4,No,Low,No,41-50
EV08779,48,Female,65800.0,Urban,41.0,2,Truck,11,11,No,4,Yes,Low,Yes,41-50
EV08780,44,Male,125550.0,Rural,67.6,1,Truck,2,1,Yes,1,No,Low,No,41-50
EV08781,26,Female,114335.0,Suburban,29.7,1,Sedan,1,9,No,1,No,Medium,No,18-30
EV08782,27,Other,76672.0,Urban,13.8,2,Hatchback,2,7,No,3,No,Low,No,18-30
EV08783,39,Male,85022.0,Urban,49.7,1,SUV,7,12,Yes,2,Yes,Low,No,31-40
EV08784,47,Female,93006.0,Suburban,39.3,2,Sedan,6,2,Yes,3,Yes,Low,Yes,41-50
EV08785,29,Female,46648.0,Urban,19.5,2,Sedan,7,8,No,2,Yes,Low,No,18-30
EV08786,58,Female,90751.0,Urban,50.2,3,Truck,3,12,No,5,No,Low,No,51-60
EV08787,31,Male,30000.0,Suburban,17.2,3,Hatchback,2,5,No,4,Yes,Low,No,31-40
EV08788,35,Female,120536.0,Suburban,5.0,2,Sedan,7,1,Yes,5,No,Low,No,31-40
EV08789,53,Male,52324.0,Suburban,48.1,3,Truck,3,9,Yes,1,Yes,Low,No,51-60
EV08790,56,Male,86339.0,Rural,92.5,1,Sedan,1,1,Yes,2,Yes,Low,No,51-60
EV08791,25,Male,72270.0,Suburban,5.0,3,Sedan,1,7,Yes,4,Yes,Low,No,18-30
EV08792,38,Male,53248.0,Rural,39.4,2,Hatchback,2,3,Yes,5,Yes,Low,No,31-40
EV08793,29,Male,131148.0,Suburban,42.6,1,Sedan,4,7,Yes,3,No,Low,No,18-30
EV08794,63,Male,88196.0,Urban,65.3,2,Hatchback,3,11,Yes,2,Yes,Low,No,61-70
EV08795,56,Male,64916.0,Suburban,47.1,3,SUV,0,5,Yes,1,No,Low,No,51-60
EV08796,44,Male,99916.0,Suburban,16.5,1,Sedan,6,6,No,4,Yes,Medium,No,41-50
EV08797,28,Male,86943.0,Rural,63.6,2,Truck,0,0,Yes,2,Yes,Low,No,18-30
EV08798,43,Male,44727.0,Rural,31.7,2,Sedan,2,1,Yes,3,Yes,Low,No,41-50
EV08799,55,Male,80960.0,Suburban,20.3,2,SUV,2,2,Yes,2,Yes,Low,No,51-60
EV08800,28,Female,147796.0,Suburban,30.4,3,SUV,1,4,Yes,2,Yes,Low,No,18-30
EV08801,53,Female,72224.0,Rural,26.6,2,SUV,2,0,Yes,3,Yes,Low,Yes,51-60
EV08802,35,Male,111708.0,Urban,58.8,2,Sedan,12,14,Yes,1,Yes,Low,Yes,31-40
EV08803,46,Male,82768.0,Urban,17.7,1,SUV,10,17,No,2,Yes,Low,No,41-50
EV08804,54,Male,125585.0,Urban,5.0,2,Hatchback,4,9,Yes,3,No,Low,No,51-60
EV08805,31,Male,80069.0,Urban,5.0,3,Sedan,10,14,Yes,3,No,Low,No,31-40
EV08806,60,Male,80787.0,Suburban,66.3,2,SUV,1,3,Yes,2,No,Low,No,51-60
EV08807,38,Male,179296.0,Suburban,59.7,3,SUV,5,1,Yes,3,No,Low,No,31-40
EV08808,25,Male,108337.0,Urban,13.4,3,Sedan,12,9,No,3,No,Low,No,18-30
EV08809,66,Female,127817.0,Urban,5.0,2,Sedan,4,3,No,2,Yes,Low,No,61-70
EV08810,57,Male,77276.0,Urban,54.8,1,Sedan,3,10,No,1,No,Medium,No,51-60
EV08811,53,Male,114280.0,Suburban,59.5,1,SUV,7,9,Yes,2,Yes,Low,No,51-60
EV08812,27,Male,117321.0,Suburban,34.1,3,Hatchback,3,6,Yes,1,Yes,Low,No,18-30
EV08813,63,Female,30000.0,Rural,19.8,2,Hatchback,2,0,Yes,4,No,Low,No,61-70
EV08814,34,Male,44858.0,Suburban,43.3,2,SUV,0,9,Yes,3,Yes,Low,No,31-40
EV08815,46,Female,114009.0,Rural,29.4,1,Sedan,2,3,Yes,1,Yes,Low,No,41-50
EV08816,49,Male,81812.0,Urban,29.4,2,Sedan,5,8,Yes,5,Yes,Low,Yes,41-50
EV08817,32,Male,50919.0,Urban,12.6,1,Sedan,13,4,No,1,Yes,Low,No,31-40
EV08818,42,Male,65074.0,Rural,47.1,1,Sedan,2,3,Yes,4,Yes,Low,Yes,41-50
EV08819,41,Male,61049.0,Suburban,46.1,2,Sedan,1,8,Yes,1,No,Low,No,41-50
EV08820,36,Male,62775.0,Urban,28.8,1,SUV,10,18,No,2,Yes,Low,No,31-40
EV08821,69,Female,81267.0,Suburban,16.3,3,SUV,5,6,No,1,No,Low,No,61-70
EV08822,60,Female,99034.0,Suburban,18.5,1,SUV,4,9,Yes,4,No,Low,No,51-60
EV08823,53,Male,68220.0,Urban,32.7,1,SUV,8,19,Yes,3,Yes,Low,Yes,51-60
EV08824,26,Male,30145.0,Urban,17.9,3,SUV,12,3,No,2,Yes,Low,No,18-30
EV08825,33,Female,112440.0,Rural,23.4,1,Hatchback,2,3,No,1,Yes,Medium,No,31-40
EV08826,67,Female,37549.0,Rural,40.2,2,Truck,1,3,Yes,4,No,Low,No,61-70
EV08827,67,Female,52541.0,Urban,27.2,2,Hatchback,2,15,No,4,No,Low,No,61-70
EV08828,58,Male,76539.0,Suburban,5.0,1,Hatchback,6,8,No,4,No,Low,No,51-60
EV08829,31,Male,97985.0,Urban,24.5,2,Sedan,2,4,No,1,No,Medium,No,31-40
EV08830,25,Female,69585.0,Urban,26.7,3,Hatchback,11,12,No,5,No,Medium,No,18-30
EV08831,47,Female,63404.0,Suburban,72.5,2,SUV,6,8,Yes,3,Yes,Low,No,41-50
EV08832,40,Male,105129.0,Urban,23.6,2,Sedan,2,10,No,1,No,Medium,No,31-40
EV08833,59,Male,87115.0,Suburban,26.5,2,Sedan,0,9,Yes,1,Yes,Low,No,51-60
EV08834,67,Male,38351.0,Suburban,51.1,2,Sedan,4,9,No,2,Yes,Low,No,61-70
EV08835,32,Male,61057.0,Rural,28.8,1,Sedan,1,0,Yes,4,Yes,Low,Yes,31-40
EV08836,37,Female,123170.0,Suburban,23.4,2,SUV,3,3,Yes,2,Yes,Low,Yes,31-40
EV08837,30,Female,112195.0,Suburban,20.4,1,Hatchback,3,7,Yes,4,Yes,Low,No,18-30
EV08838,68,Female,42670.0,Rural,39.3,1,Sedan,0,3,Yes,1,Yes,Low,Yes,61-70
EV08839,38,Female,75724.0,Urban,63.9,1,SUV,11,16,No,3,Yes,Low,No,31-40
EV08840,35,Male,91535.0,Urban,42.8,3,SUV,12,4,Yes,1,Yes,Low,No,31-40
EV08841,62,Male,68339.0,Urban,39.5,3,SUV,13,3,Yes,5,Yes,Low,Yes,61-70
EV08842,42,Female,108133.0,Urban,88.8,1,SUV,13,12,No,1,Yes,Low,No,41-50
EV08843,48,Male,135017.0,Urban,65.1,3,Sedan,13,13,No,2,No,Low,No,41-50
EV08844,43,Male,142917.0,Urban,40.4,1,Sedan,12,14,Yes,1,Yes,Low,No,41-50
EV08845,45,Male,93699.0,Rural,29.5,1,Truck,1,2,No,2,No,Medium,No,41-50
EV08846,47,Male,92331.0,Urban,48.4,2,Hatchback,13,17,Yes,3,Yes,Low,No,41-50
EV08847,28,Female,50432.0,Urban,31.5,1,Sedan,12,17,Yes,5,No,Low,No,18-30
EV08848,35,Male,95991.0,Urban,87.3,1,SUV,11,7,No,3,Yes,Medium,No,31-40
EV08849,30,Female,72215.0,Urban,34.0,1,SUV,10,19,No,3,Yes,Low,No,18-30
EV08850,46,Male,113589.0,Rural,88.2,1,Sedan,1,3,No,1,Yes,Medium,No,41-50
EV08851,66,Female,45980.0,Rural,54.6,3,SUV,2,1,Yes,5,Yes,Low,Yes,61-70
EV08852,60,Male,62989.0,Suburban,52.1,2,SUV,2,3,Yes,1,No,Low,No,51-60
EV08853,39,Female,72771.0,Suburban,25.0,2,Sedan,1,6,Yes,2,No,Low,No,31-40
EV08854,35,Female,111309.0,Urban,52.6,2,SUV,9,15,Yes,1,No,Low,No,31-40
EV08855,65,Female,30900.0,Urban,56.2,1,Sedan,9,14,No,5,Yes,Low,Yes,61-70
EV08856,53,Female,150121.0,Suburban,65.6,2,Hatchback,3,4,Yes,3,No,Low,No,51-60
EV08857,59,Female,189157.0,Suburban,5.0,2,Sedan,1,5,Yes,3,Yes,Low,Yes,51-60
EV08858,54,Female,67414.0,Suburban,52.3,2,Sedan,0,3,No,3,No,Medium,No,51-60
EV08859,45,Male,62693.0,Urban,40.1,3,Truck,7,13,No,2,No,Low,No,41-50
EV08860,26,Male,101452.0,Urban,61.5,1,SUV,9,4,No,4,Yes,Medium,No,18-30
EV08861,45,Female,130597.0,Urban,26.2,1,SUV,10,13,Yes,2,No,Low,No,41-50
EV08862,56,Male,107753.0,Urban,45.8,1,SUV,14,6,No,1,Yes,Low,No,51-60
EV08863,54,Female,107510.0,Urban,30.0,3,Sedan,2,5,Yes,3,No,Low,No,51-60
EV08864,37,Female,145273.0,Urban,14.2,1,Sedan,2,16,Yes,4,No,Low,No,31-40
EV08865,28,Female,70367.0,Urban,21.0,2,SUV,7,19,Yes,4,No,Low,No,18-30
EV08866,69,Male,113149.0,Urban,6.4,4,SUV,12,18,No,5,Yes,Low,Yes,61-70
EV08867,42,Male,30000.0,Urban,21.4,2,Truck,9,18,Yes,1,No,Low,No,41-50
EV08868,40,Female,59098.0,Urban,5.0,2,SUV,7,8,Yes,4,Yes,Low,No,31-40
EV08869,47,Male,52597.0,Rural,46.1,1,SUV,1,2,Yes,4,No,Low,No,41-50
EV08870,66,Male,82768.0,Urban,47.2,3,Sedan,4,13,No,1,Yes,Low,No,61-70
EV08871,39,Male,79158.0,Suburban,33.0,1,SUV,5,9,Yes,5,Yes,Low,Yes,31-40
EV08872,30,Male,92840.0,Suburban,86.0,2,SUV,5,7,No,2,Yes,Medium,No,18-30
EV08873,49,Female,48842.0,Urban,49.9,1,Hatchback,5,17,Yes,5,Yes,Low,Yes,41-50
EV08874,31,Female,91508.0,Urban,27.0,1,SUV,3,10,Yes,4,Yes,Low,Yes,31-40
EV08875,68,Female,65452.0,Urban,53.8,4,Sedan,2,9,No,5,No,Low,No,61-70
EV08876,44,Female,103862.0,Urban,67.6,2,Sedan,7,19,Yes,1,No,Low,No,41-50
EV08877,57,Male,138251.0,Suburban,9.6,2,SUV,4,7,Yes,3,Yes,Low,No,51-60
EV08878,52,Male,109094.0,Urban,11.3,3,Sedan,14,10,Yes,5,No,Low,Yes,51-60
EV08879,56,Male,62489.0,Suburban,73.5,3,Sedan,5,8,Yes,3,No,Medium,No,51-60
EV08880,51,Female,83282.0,Urban,45.0,2,Sedan,11,11,No,4,No,Low,No,51-60
EV08881,32,Male,69705.0,Urban,5.0,2,Sedan,7,10,Yes,1,Yes,Low,No,31-40
EV08882,49,Female,38833.0,Suburban,52.2,1,Sedan,5,9,Yes,3,No,Low,No,41-50
EV08883,47,Male,64755.0,Rural,45.9,2,Truck,2,2,Yes,2,Yes,Low,No,41-50
EV08884,55,Male,99494.0,Suburban,91.0,2,Hatchback,3,1,Yes,2,Yes,Low,No,51-60
EV08885,36,Male,87673.0,Urban,31.0,1,Sedan,5,17,No,4,No,Low,No,31-40
EV08886,49,Male,106565.0,Rural,86.5,1,Sedan,2,1,Yes,3,Yes,Medium,No,41-50
EV08887,34,Male,42269.0,Urban,30.4,2,SUV,9,6,Yes,1,No,Low,No,31-40
EV08888,34,Male,77170.0,Suburban,30.0,1,Hatchback,6,5,No,4,Yes,Medium,No,31-40
EV08889,56,Male,118857.0,Urban,55.0,1,SUV,3,6,Yes,1,Yes,Low,No,51-60
EV08890,57,Male,72410.0,Urban,72.1,4,Truck,7,5,Yes,3,Yes,Low,No,51-60
EV08891,29,Female,45089.0,Urban,43.2,1,SUV,9,5,No,3,No,Low,No,18-30
EV08892,29,Female,90096.0,Urban,14.0,3,Truck,10,6,No,5,Yes,Low,Yes,18-30
EV08893,49,Female,84708.0,Rural,20.6,4,Sedan,2,1,Yes,2,Yes,Low,No,41-50
EV08894,64,Male,92683.0,Suburban,20.0,2,Sedan,2,5,Yes,2,Yes,Low,No,61-70
EV08895,63,Male,134985.0,Suburban,36.3,1,Sedan,5,3,Yes,5,Yes,Low,Yes,61-70
EV08896,49,Male,105722.0,Urban,34.2,2,Sedan,14,12,No,1,Yes,Low,No,41-50
EV08897,35,Male,182729.0,Urban,39.7,2,SUV,2,8,Yes,4,Yes,Low,Yes,31-40
EV08898,49,Female,65109.0,Urban,45.7,1,Sedan,13,19,No,5,No,Medium,No,41-50
EV08899,37,Female,91165.0,Suburban,40.7,2,SUV,6,2,Yes,5,Yes,Low,Yes,31-40
EV08900,41,Female,113411.0,Suburban,40.2,1,Sedan,1,9,Yes,2,Yes,Low,No,41-50
EV08901,25,Female,30000.0,Urban,5.0,1,SUV,10,9,No,3,No,Low,No,18-30
EV08902,62,Male,57981.0,Urban,76.5,1,Sedan,4,6,Yes,4,Yes,Low,Yes,61-70
EV08903,26,Female,74133.0,Rural,83.3,1,SUV,1,3,No,1,Yes,Medium,No,18-30
EV08904,69,Male,137312.0,Suburban,5.0,1,Sedan,1,1,No,4,Yes,Medium,Yes,61-70
EV08905,28,Female,120449.0,Suburban,57.0,1,SUV,1,3,No,3,Yes,Medium,No,18-30
EV08906,54,Male,62366.0,Urban,5.7,2,Sedan,5,14,No,1,Yes,Low,No,51-60
EV08907,59,Female,100860.0,Rural,40.8,2,SUV,1,2,No,1,No,Medium,No,51-60
EV08908,33,Male,49862.0,Urban,14.8,1,Hatchback,14,4,Yes,3,No,Low,No,31-40
EV08909,60,Male,82746.0,Urban,21.7,2,SUV,9,4,Yes,4,Yes,Low,No,51-60
EV08910,60,Male,103868.0,Urban,47.6,1,SUV,13,14,Yes,5,No,Low,No,51-60
EV08911,52,Female,66749.0,Suburban,29.5,1,Hatchback,2,2,No,5,Yes,Low,No,51-60
EV08912,27,Male,89859.0,Urban,29.5,1,Hatchback,12,14,Yes,5,Yes,Low,Yes,18-30
EV08913,32,Female,90838.0,Urban,94.0,2,Sedan,8,13,Yes,5,No,Low,No,31-40
EV08914,44,Male,76881.0,Urban,5.0,2,Sedan,2,4,No,2,No,Low,No,41-50
EV08915,45,Female,70810.0,Urban,26.3,3,Hatchback,5,9,No,4,No,Low,No,41-50
EV08916,27,Female,84109.0,Urban,38.2,4,SUV,10,11,Yes,3,No,Low,No,18-30
EV08917,33,Male,79411.0,Rural,53.9,1,SUV,2,3,Yes,3,Yes,Low,No,31-40
EV08918,35,Male,77155.0,Urban,23.8,1,SUV,4,18,Yes,2,No,Low,No,31-40
EV08919,35,Male,84708.0,Urban,43.3,2,Sedan,14,10,No,5,No,Low,Yes,31-40
EV08920,52,Male,134308.0,Urban,43.5,1,Sedan,9,18,Yes,4,Yes,Low,Yes,51-60
EV08921,27,Female,117614.0,Suburban,27.9,3,SUV,7,4,Yes,2,Yes,Low,No,18-30
EV08922,59,Other,123996.0,Urban,41.4,2,Sedan,6,19,Yes,1,Yes,Low,No,51-60
EV08923,38,Female,134133.0,Urban,40.6,2,Hatchback,4,5,No,3,No,Medium,No,31-40
EV08924,48,Male,50432.0,Suburban,50.7,2,Sedan,2,1,Yes,5,No,Low,No,41-50
EV08925,40,Male,33314.0,Suburban,76.3,2,SUV,3,8,Yes,3,Yes,Low,No,31-40
EV08926,38,Male,94389.0,Suburban,51.8,1,Sedan,4,8,Yes,3,Yes,Low,Yes,31-40
EV08927,39,Male,68630.0,Urban,5.0,2,Sedan,5,12,No,1,Yes,Low,No,31-40
EV08928,47,Female,92536.0,Rural,17.4,3,Truck,0,1,Yes,5,No,Low,No,41-50
EV08929,40,Male,118422.0,Urban,116.4,2,Hatchback,12,11,No,2,No,Medium,No,31-40
EV08930,56,Female,49191.0,Urban,5.0,1,SUV,11,6,No,4,No,Low,No,51-60
EV08931,44,Female,97812.0,Suburban,5.0,1,SUV,7,2,Yes,1,Yes,Low,No,41-50
EV08932,57,Male,30000.0,Urban,52.9,3,Truck,14,6,Yes,1,Yes,Low,No,51-60
EV08933,59,Male,54480.0,Rural,29.5,1,Sedan,2,3,Yes,3,Yes,Low,Yes,51-60
EV08934,55,Female,63733.0,Urban,27.1,2,SUV,3,4,Yes,5,Yes,Low,Yes,51-60
EV08935,37,Male,139956.0,Rural,27.4,2,Truck,0,2,Yes,5,Yes,Low,Yes,31-40
EV08936,35,Male,125788.0,Urban,50.7,2,Sedan,13,6,No,2,Yes,Low,Yes,31-40
EV08937,51,Male,63265.0,Rural,34.5,2,Sedan,1,0,Yes,4,Yes,Low,Yes,51-60
EV08938,62,Female,110408.0,Suburban,71.6,3,Sedan,6,5,Yes,4,Yes,Low,No,61-70
EV08939,64,Male,141055.0,Urban,9.7,4,SUV,11,17,No,1,No,Low,No,61-70
EV08940,46,Male,76958.0,Suburban,52.4,1,Hatchback,3,4,Yes,5,No,Low,No,41-50
EV08941,47,Female,52914.0,Urban,39.0,2,SUV,8,11,No,5,Yes,Low,Yes,41-50
EV08942,46,Male,35358.0,Rural,56.5,2,Sedan,0,1,Yes,2,No,Low,No,41-50
EV08943,57,Male,85586.0,Rural,84.5,1,Sedan,0,2,Yes,2,Yes,Low,No,51-60
EV08944,65,Female,84768.0,Suburban,63.3,1,SUV,6,8,No,3,No,Medium,No,61-70
EV08945,65,Male,90233.0,Urban,5.0,3,SUV,7,12,No,2,Yes,Medium,No,61-70
EV08946,36,Female,63991.0,Suburban,53.9,3,SUV,0,3,Yes,3,No,Low,No,31-40
EV08947,55,Female,72989.0,Suburban,24.9,2,Sedan,3,9,Yes,5,Yes,Low,Yes,51-60
EV08948,27,Male,165523.0,Rural,43.0,2,Sedan,2,1,Yes,1,Yes,Low,No,18-30
EV08949,46,Female,133405.0,Suburban,70.8,1,SUV,4,1,Yes,3,Yes,Low,No,41-50
EV08950,50,Male,84708.0,Suburban,24.6,2,SUV,7,6,Yes,2,No,Low,No,41-50
EV08951,31,Female,72347.0,Suburban,66.9,1,Sedan,7,8,Yes,2,Yes,Low,No,31-40
EV08952,50,Male,148948.0,Suburban,70.1,4,SUV,3,4,Yes,5,Yes,Low,Yes,41-50
EV08953,65,Male,105035.0,Suburban,76.2,1,SUV,1,6,Yes,3,Yes,Low,No,61-70
EV08954,44,Male,119595.0,Urban,36.7,3,Hatchback,8,19,No,5,Yes,Low,Yes,41-50
EV08955,60,Male,126437.0,Urban,55.0,2,Hatchback,7,3,Yes,3,No,Low,No,51-60
EV08956,37,Male,82415.0,Urban,17.7,2,Sedan,12,16,Yes,2,No,Low,No,31-40
EV08957,41,Male,123826.0,Urban,67.9,1,Hatchback,2,16,No,4,No,Medium,No,41-50
EV08958,47,Male,56795.0,Suburban,5.0,1,SUV,0,2,Yes,5,No,Low,No,41-50
EV08959,66,Male,90382.0,Suburban,50.6,3,Truck,2,4,Yes,4,Yes,Low,Yes,61-70
EV08960,27,Female,30000.0,Urban,18.6,1,SUV,7,18,No,3,Yes,Low,No,18-30
EV08961,37,Male,84708.0,Urban,20.6,2,Hatchback,11,10,No,5,No,Low,No,31-40
EV08962,33,Male,56913.0,Suburban,19.3,2,Sedan,3,6,Yes,1,No,Low,No,31-40
EV08963,30,Male,57199.0,Suburban,33.1,2,Sedan,1,7,No,5,Yes,Low,Yes,18-30
EV08964,66,Male,75384.0,Suburban,61.0,2,SUV,2,2,Yes,3,Yes,Low,No,61-70
EV08965,67,Male,56602.0,Suburban,23.0,1,SUV,3,3,Yes,4,Yes,Low,No,61-70
EV08966,30,Male,125951.0,Urban,54.8,3,Sedan,4,12,No,3,No,Medium,No,18-30
EV08967,47,Male,104779.0,Rural,32.2,1,Hatchback,0,0,No,2,No,Medium,No,41-50
EV08968,25,Female,139273.0,Suburban,48.4,3,Hatchback,0,7,Yes,4,Yes,Low,No,18-30
EV08969,25,Male,94575.0,Urban,9.9,2,SUV,2,5,Yes,3,Yes,Low,Yes,18-30
EV08970,55,Female,106955.0,Suburban,66.4,2,Truck,0,2,No,4,Yes,Low,Yes,51-60
EV08971,54,Female,79314.0,Urban,52.7,2,SUV,3,6,No,2,Yes,Low,No,51-60
EV08972,44,Female,110833.0,Suburban,45.2,3,SUV,3,1,Yes,1,Yes,Low,Yes,41-50
EV08973,42,Female,75110.0,Urban,86.3,2,Truck,6,10,Yes,2,Yes,Low,No,41-50
EV08974,63,Female,30000.0,Urban,48.8,2,Sedan,10,6,No,3,Yes,Medium,No,61-70
EV08975,64,Male,61044.0,Suburban,70.2,1,Sedan,1,8,Yes,1,Yes,Low,No,61-70
EV08976,67,Other,75407.0,Urban,59.4,3,SUV,12,3,No,4,No,Medium,No,61-70
EV08977,25,Female,54986.0,Urban,65.3,3,SUV,7,13,No,1,Yes,Low,No,18-30
EV08978,36,Male,128118.0,Urban,10.4,1,SUV,4,3,No,2,No,Low,No,31-40
EV08979,38,Male,101631.0,Suburban,50.6,1,Hatchback,1,6,Yes,1,Yes,Low,No,31-40
EV08980,60,Female,74497.0,Urban,39.1,2,Sedan,11,3,No,4,No,Low,No,51-60
EV08981,25,Male,138993.0,Suburban,26.1,1,SUV,3,6,No,1,Yes,Low,No,18-30
EV08982,67,Female,44214.0,Rural,98.2,2,Sedan,1,0,Yes,2,Yes,Medium,No,61-70
EV08983,34,Female,51906.0,Suburban,13.5,2,Sedan,2,2,Yes,1,Yes,Low,No,31-40
EV08984,52,Male,102710.0,Rural,5.0,4,SUV,1,2,Yes,2,Yes,Low,No,51-60
EV08985,69,Male,68824.0,Urban,57.2,1,Sedan,13,16,No,5,Yes,Low,Yes,61-70
EV08986,30,Female,30000.0,Rural,34.8,2,Sedan,1,1,Yes,3,No,Low,No,18-30
EV08987,47,Male,60835.0,Urban,42.6,3,SUV,9,5,No,3,No,Low,No,41-50
EV08988,32,Female,110974.0,Urban,36.7,1,SUV,3,16,Yes,1,Yes,Low,No,31-40
EV08989,33,Female,165706.0,Rural,66.3,2,SUV,1,3,Yes,4,Yes,Low,No,31-40
EV08990,54,Male,52056.0,Suburban,45.7,1,Truck,0,5,Yes,4,Yes,Low,No,51-60
EV08991,32,Male,30000.0,Rural,31.7,1,Sedan,0,1,Yes,1,No,Low,No,31-40
EV08992,47,Male,67694.0,Suburban,43.3,2,Sedan,7,1,Yes,1,No,Low,No,41-50
EV08993,45,Male,80144.0,Urban,54.7,3,Hatchback,8,5,No,2,Yes,Medium,No,41-50
EV08994,61,Female,106931.0,Urban,45.9,4,SUV,5,12,No,4,Yes,Low,No,61-70
EV08995,51,Female,102391.0,Suburban,38.1,2,SUV,4,2,Yes,2,Yes,Low,No,51-60
EV08996,60,Female,43932.0,Urban,71.4,2,Sedan,13,5,No,4,Yes,Low,No,51-60
EV08997,43,Male,55975.0,Urban,28.7,1,Hatchback,2,17,No,2,Yes,Medium,No,41-50
EV08998,64,Male,50162.0,Suburban,79.0,4,Truck,6,3,Yes,3,No,Low,No,61-70
EV08999,54,Female,30000.0,Suburban,49.6,1,Hatchback,4,9,Yes,1,Yes,Low,No,51-60
EV09000,59,Female,173210.0,Suburban,34.3,2,Hatchback,5,1,Yes,3,Yes,Low,Yes,51-60
EV09001,40,Female,120101.0,Suburban,23.6,2,Sedan,1,5,Yes,3,Yes,Low,No,31-40
EV09002,62,Female,43600.0,Urban,34.8,1,SUV,8,12,No,3,Yes,Low,No,61-70
EV09003,31,Female,98303.0,Rural,18.2,1,SUV,2,2,Yes,2,Yes,Low,Yes,31-40
EV09004,47,Female,83756.0,Suburban,78.3,2,Sedan,5,6,No,3,No,Medium,No,41-50
EV09005,25,Male,150147.0,Suburban,33.9,1,Sedan,1,5,Yes,3,Yes,Low,No,18-30
EV09006,60,Male,70027.0,Rural,26.0,1,SUV,1,0,Yes,1,Yes,Low,No,51-60
EV09007,36,Female,40663.0,Urban,52.2,2,Sedan,12,5,No,2,No,Medium,No,31-40
EV09008,51,Female,83555.0,Rural,64.8,1,SUV,2,3,Yes,5,No,Low,No,51-60
EV09009,43,Male,132358.0,Rural,48.5,2,SUV,2,2,Yes,1,Yes,Low,No,41-50
EV09010,54,Male,78181.0,Urban,39.3,2,Hatchback,8,18,No,2,Yes,Low,No,51-60
EV09011,26,Male,69709.0,Urban,15.2,2,Sedan,4,15,Yes,4,No,Low,No,18-30
EV09012,35,Male,84708.0,Urban,50.5,1,Truck,2,13,Yes,2,Yes,Low,No,31-40
EV09013,68,Female,30000.0,Suburban,67.5,1,SUV,7,2,Yes,3,Yes,Low,No,61-70
EV09014,44,Female,37306.0,Suburban,46.3,1,Sedan,1,6,Yes,1,Yes,Low,No,41-50
EV09015,34,Male,62692.0,Urban,45.8,2,Hatchback,10,15,Yes,4,No,Low,No,31-40
EV09016,36,Female,59215.0,Rural,46.8,1,Sedan,2,0,Yes,2,Yes,Low,No,31-40
EV09017,27,Female,90344.0,Suburban,47.8,1,SUV,1,5,No,4,Yes,Medium,Yes,18-30
EV09018,41,Male,46896.0,Urban,50.1,2,Hatchback,7,13,No,2,Yes,Low,No,41-50
EV09019,47,Male,109157.0,Suburban,15.3,1,SUV,6,6,Yes,2,Yes,Low,No,41-50
EV09020,58,Male,77373.0,Rural,74.0,3,Sedan,1,2,Yes,3,No,Low,No,51-60
EV09021,65,Male,100907.0,Rural,45.4,1,Hatchback,1,0,Yes,5,No,Low,No,61-70
EV09022,33,Female,73049.0,Urban,43.8,1,Hatchback,8,16,Yes,3,No,Low,No,31-40
EV09023,32,Female,57676.0,Suburban,46.3,1,Hatchback,2,9,No,1,No,Medium,No,31-40
EV09024,30,Female,77114.0,Urban,55.0,3,Truck,14,19,Yes,1,No,Low,No,18-30
EV09025,31,Male,77391.0,Suburban,64.8,1,SUV,1,3,Yes,1,Yes,Low,No,31-40
EV09026,43,Female,119707.0,Rural,84.8,2,Hatchback,2,3,Yes,4,Yes,Low,No,41-50
EV09027,49,Male,80777.0,Urban,76.5,3,SUV,14,10,No,1,Yes,Low,No,41-50
EV09028,28,Female,93688.0,Rural,38.8,1,Sedan,1,2,No,4,Yes,High,No,18-30
EV09029,44,Male,163705.0,Urban,37.0,2,Sedan,6,11,Yes,2,Yes,Low,No,41-50
EV09030,41,Female,101737.0,Rural,34.0,2,Hatchback,1,1,Yes,5,Yes,Low,Yes,41-50
EV09031,65,Male,86847.0,Urban,29.5,1,Sedan,7,7,Yes,1,Yes,Low,No,61-70
EV09032,51,Female,56279.0,Suburban,24.6,2,SUV,2,7,Yes,5,Yes,Low,No,51-60
EV09033,53,Male,162973.0,Urban,38.7,1,Sedan,13,4,Yes,2,No,Low,No,51-60
EV09034,50,Male,100908.0,Urban,64.5,3,Hatchback,10,14,No,5,No,Low,No,41-50
EV09035,34,Male,84685.0,Suburban,46.6,1,SUV,7,9,Yes,3,No,Low,No,31-40
EV09036,66,Male,128783.0,Suburban,41.0,1,Sedan,3,6,No,1,Yes,Low,No,61-70
EV09037,68,Male,30000.0,Rural,28.4,1,Sedan,0,0,No,3,Yes,Medium,No,61-70
EV09038,51,Female,73754.0,Urban,97.7,2,SUV,2,8,No,4,Yes,Low,No,51-60
EV09039,61,Male,68489.0,Urban,83.6,1,Truck,10,13,Yes,5,Yes,Low,No,61-70
EV09040,68,Female,30215.0,Urban,16.4,1,SUV,7,13,No,3,Yes,Low,No,61-70
EV09041,49,Male,71449.0,Suburban,27.8,1,SUV,6,4,No,3,Yes,Medium,No,41-50
EV09042,40,Male,88013.0,Urban,62.8,3,SUV,9,13,No,2,No,Low,No,31-40
EV09043,65,Female,107517.0,Suburban,23.4,3,Sedan,7,7,Yes,3,Yes,Low,No,61-70
EV09044,45,Female,68451.0,Urban,30.4,2,SUV,7,17,No,3,No,Low,No,41-50
EV09045,39,Male,30000.0,Urban,5.0,2,Hatchback,13,5,No,1,Yes,Low,No,31-40
EV09046,46,Male,30000.0,Urban,46.2,2,Sedan,12,4,No,1,No,Medium,No,41-50
EV09047,44,Female,81231.0,Suburban,31.8,1,Sedan,3,4,Yes,2,Yes,Low,No,41-50
EV09048,63,Female,109832.0,Urban,34.5,1,SUV,9,4,Yes,4,Yes,Low,Yes,61-70
EV09049,58,Male,115025.0,Urban,29.4,2,Sedan,13,9,Yes,4,No,Low,No,51-60
EV09050,59,Female,71954.0,Urban,24.3,2,Sedan,8,5,No,2,No,Medium,No,51-60
EV09051,34,Male,87941.0,Urban,40.1,4,SUV,10,10,Yes,1,No,Low,No,31-40
EV09052,29,Male,99030.0,Urban,74.8,1,SUV,3,3,No,2,Yes,Medium,No,18-30
EV09053,29,Female,112839.0,Rural,68.9,2,Truck,2,1,Yes,1,Yes,Low,No,18-30
EV09054,67,Male,65284.0,Urban,84.6,2,Sedan,10,15,No,5,Yes,Low,No,61-70
EV09055,36,Male,75415.0,Suburban,44.0,1,Sedan,7,6,Yes,2,Yes,Low,No,31-40
EV09056,66,Male,112174.0,Urban,11.1,4,Sedan,4,16,No,1,No,Low,No,61-70
EV09057,35,Male,153085.0,Urban,44.6,2,SUV,4,7,Yes,4,Yes,Low,Yes,31-40
EV09058,69,Female,58698.0,Suburban,69.2,2,SUV,1,9,Yes,3,Yes,Low,Yes,61-70
EV09059,36,Male,64939.0,Suburban,31.5,2,Truck,4,2,Yes,2,Yes,Low,No,31-40
EV09060,44,Female,87723.0,Suburban,70.7,2,Sedan,1,5,Yes,5,No,Low,No,41-50
EV09061,53,Male,82867.0,Urban,11.0,1,Sedan,7,11,Yes,1,Yes,Low,No,51-60
EV09062,50,Female,45288.0,Urban,11.9,1,SUV,5,7,No,5,No,Low,No,41-50
EV09063,63,Male,91902.0,Urban,11.7,1,Sedan,4,16,No,2,Yes,Low,No,61-70
EV09064,42,Male,74993.0,Urban,30.9,2,Sedan,4,18,No,1,Yes,Low,No,41-50
EV09065,63,Other,67485.0,Suburban,21.8,1,Hatchback,2,9,Yes,4,Yes,Low,No,61-70
EV09066,48,Female,47378.0,Suburban,40.2,1,Sedan,1,3,Yes,4,Yes,Low,No,41-50
EV09067,48,Female,45438.0,Urban,48.6,2,Hatchback,3,5,Yes,2,No,Low,No,41-50
EV09068,63,Male,63227.0,Suburban,40.7,2,SUV,6,2,Yes,2,Yes,Low,No,61-70
EV09069,27,Male,78277.0,Urban,54.7,2,Hatchback,6,19,No,4,Yes,Medium,No,18-30
EV09070,30,Male,36192.0,Urban,47.0,1,Hatchback,10,12,Yes,2,Yes,Low,No,18-30
EV09071,25,Male,87019.0,Urban,71.2,1,Truck,14,18,Yes,5,Yes,Low,Yes,18-30
EV09072,60,Male,71720.0,Urban,44.6,2,Truck,10,15,No,3,Yes,Low,No,51-60
EV09073,43,Female,156864.0,Urban,34.2,3,Sedan,10,5,Yes,1,Yes,Low,No,41-50
EV09074,43,Male,95594.0,Urban,83.7,2,SUV,11,5,No,2,Yes,Medium,No,41-50
EV09075,46,Male,30000.0,Suburban,25.6,3,SUV,3,8,Yes,5,No,Low,No,41-50
EV09076,62,Male,115948.0,Suburban,30.2,2,SUV,3,1,Yes,5,No,Low,Yes,61-70
EV09077,29,Female,167594.0,Rural,60.4,3,Hatchback,1,1,Yes,1,Yes,Low,No,18-30
EV09078,42,Male,84708.0,Urban,51.7,2,Hatchback,6,4,Yes,4,No,Low,No,41-50
EV09079,43,Male,120019.0,Suburban,66.5,2,Sedan,1,3,Yes,4,No,Low,No,41-50
EV09080,39,Male,75370.0,Suburban,43.7,2,Truck,6,9,Yes,2,Yes,Low,No,31-40
EV09081,36,Female,55919.0,Urban,44.9,2,Hatchback,5,7,No,2,Yes,Medium,No,31-40
EV09082,52,Female,74476.0,Suburban,48.4,3,Sedan,3,1,Yes,4,No,Low,No,51-60
EV09083,43,Other,131348.0,Urban,81.5,2,Sedan,8,15,Yes,3,Yes,Low,No,41-50
EV09084,65,Male,55375.0,Suburban,5.0,3,Hatchback,2,6,Yes,3,No,Low,No,61-70
EV09085,60,Male,68986.0,Urban,5.0,1,Hatchback,6,17,No,5,Yes,Low,Yes,51-60
EV09086,66,Male,47277.0,Suburban,29.7,1,SUV,4,6,No,2,No,Medium,No,61-70
EV09087,69,Other,76716.0,Rural,78.9,3,SUV,0,3,Yes,4,Yes,Medium,Yes,61-70
EV09088,68,Male,70014.0,Urban,6.6,3,SUV,13,6,Yes,3,No,Low,No,61-70
EV09089,50,Female,165156.0,Urban,22.1,1,Sedan,7,15,No,2,Yes,Medium,Yes,41-50
EV09090,49,Male,101744.0,Suburban,5.0,3,SUV,1,7,Yes,4,Yes,Low,Yes,41-50
EV09091,57,Male,64681.0,Urban,5.0,2,SUV,13,18,Yes,2,Yes,Low,No,51-60
EV09092,61,Male,80261.0,Urban,11.4,3,Truck,12,11,No,2,Yes,Low,No,61-70
EV09093,26,Female,93735.0,Urban,49.8,1,Hatchback,5,15,No,4,No,Low,No,18-30
EV09094,57,Male,103241.0,Suburban,67.6,3,Sedan,0,6,Yes,2,No,Low,No,51-60
EV09095,51,Female,30000.0,Urban,15.8,2,Sedan,8,19,No,5,Yes,Low,No,51-60
EV09096,27,Female,107263.0,Urban,43.8,1,Sedan,10,16,No,4,Yes,Low,Yes,18-30
EV09097,40,Male,90445.0,Suburban,57.6,2,SUV,4,8,Yes,5,No,Low,No,31-40
EV09098,48,Female,65469.0,Urban,5.0,2,Truck,3,5,Yes,2,Yes,Low,No,41-50
EV09099,46,Male,106348.0,Suburban,47.0,3,Truck,0,4,Yes,1,Yes,Low,No,41-50
EV09100,69,Male,92216.0,Suburban,54.2,3,SUV,4,4,Yes,4,Yes,Low,Yes,61-70
EV09101,41,Male,85631.0,Suburban,32.3,2,Sedan,2,7,Yes,3,No,Low,No,41-50
EV09102,57,Female,199526.0,Suburban,88.9,1,SUV,4,3,No,1,No,High,No,51-60
EV09103,48,Male,77009.0,Suburban,42.1,2,SUV,5,2,Yes,3,Yes,Low,No,41-50
EV09104,61,Male,87591.0,Suburban,85.5,3,SUV,0,1,Yes,4,Yes,Low,Yes,61-70
EV09105,59,Female,90887.0,Rural,53.7,1,SUV,0,0,No,1,No,Medium,No,51-60
EV09106,67,Female,141016.0,Rural,30.3,1,SUV,0,3,Yes,3,No,Low,Yes,61-70
EV09107,35,Male,85920.0,Rural,5.0,1,SUV,1,0,Yes,3,Yes,Low,Yes,31-40
EV09108,25,Female,64402.0,Urban,40.2,2,Truck,3,4,No,5,No,Low,No,18-30
EV09109,47,Female,95473.0,Urban,70.4,1,Sedan,5,13,No,2,No,Medium,No,41-50
EV09110,37,Male,104816.0,Rural,34.8,1,Sedan,1,2,Yes,4,No,Low,No,31-40
EV09111,56,Male,114855.0,Urban,9.3,2,SUV,14,3,No,4,Yes,Medium,No,51-60
EV09112,29,Male,75607.0,Rural,32.8,3,Truck,0,3,Yes,4,Yes,Low,No,18-30
EV09113,54,Female,101358.0,Suburban,5.0,1,Sedan,6,4,No,1,Yes,Medium,No,51-60
EV09114,63,Male,74460.0,Suburban,44.9,2,SUV,0,8,Yes,4,No,Low,No,61-70
EV09115,43,Male,186936.0,Urban,8.0,2,SUV,6,19,No,1,Yes,Low,No,41-50
EV09116,29,Female,109573.0,Suburban,71.2,4,Truck,7,2,Yes,2,Yes,Low,No,18-30
EV09117,66,Female,98091.0,Urban,47.5,1,Sedan,11,7,Yes,5,Yes,Low,Yes,61-70
EV09118,49,Female,82373.0,Suburban,24.4,2,Sedan,5,9,No,2,No,Low,No,41-50
EV09119,61,Female,50880.0,Suburban,42.1,3,Sedan,1,9,No,5,Yes,Low,No,61-70
EV09120,60,Male,128467.0,Urban,5.0,1,Sedan,14,11,Yes,1,Yes,Low,No,51-60
EV09121,67,Female,65746.0,Urban,72.5,1,SUV,10,19,Yes,2,Yes,Low,No,61-70
EV09122,37,Male,126736.0,Suburban,52.2,2,Hatchback,3,8,Yes,4,No,Low,Yes,31-40
EV09123,57,Male,64706.0,Rural,58.5,2,SUV,2,2,Yes,4,No,Low,No,51-60
EV09124,29,Female,106026.0,Suburban,82.4,3,Truck,3,8,Yes,2,No,Low,No,18-30
EV09125,30,Female,67031.0,Rural,43.4,1,Sedan,2,0,Yes,4,Yes,Medium,No,18-30
EV09126,25,Male,75250.0,Urban,74.2,1,Truck,4,4,No,5,Yes,Low,Yes,18-30
EV09127,32,Male,84708.0,Suburban,35.5,1,SUV,7,3,Yes,1,No,Low,No,31-40
EV09128,32,Female,86095.0,Urban,35.1,1,SUV,3,7,Yes,4,No,Low,No,31-40
EV09129,59,Female,82787.0,Rural,5.0,3,Truck,1,1,Yes,2,Yes,Low,No,51-60
EV09130,60,Male,86886.0,Suburban,38.3,1,Truck,7,2,Yes,1,Yes,Low,No,51-60
EV09131,43,Male,83209.0,Suburban,5.0,2,Sedan,4,5,Yes,4,Yes,Low,Yes,41-50
EV09132,54,Male,51595.0,Suburban,39.1,1,SUV,4,2,Yes,3,Yes,Low,No,51-60
EV09133,29,Female,37874.0,Suburban,51.1,2,Truck,4,4,No,1,No,Low,No,18-30
EV09134,38,Male,58987.0,Urban,22.3,1,Sedan,13,7,No,5,Yes,Low,Yes,31-40
EV09135,68,Male,140809.0,Urban,35.7,2,Sedan,4,14,Yes,3,No,Low,No,61-70
EV09136,26,Male,133854.0,Rural,21.1,4,Sedan,2,3,Yes,2,No,Low,No,18-30
EV09137,36,Female,195525.0,Urban,51.7,1,SUV,12,7,Yes,1,Yes,Low,No,31-40
EV09138,42,Male,30000.0,Suburban,42.1,2,SUV,0,6,Yes,2,Yes,Low,No,41-50
EV09139,45,Female,33436.0,Urban,62.3,1,Hatchback,5,11,Yes,3,Yes,Low,No,41-50
EV09140,54,Male,46905.0,Urban,45.4,1,Sedan,13,13,Yes,1,No,Low,No,51-60
EV09141,41,Male,82538.0,Urban,54.1,3,Sedan,3,11,Yes,2,Yes,Low,No,41-50
EV09142,39,Male,83841.0,Urban,55.6,2,SUV,6,10,Yes,1,Yes,Low,No,31-40
EV09143,60,Female,49974.0,Urban,81.8,1,Hatchback,12,9,Yes,2,Yes,Low,No,51-60
EV09144,30,Female,89694.0,Urban,20.3,2,SUV,3,5,Yes,4,Yes,Low,No,18-30
EV09145,28,Male,123153.0,Urban,38.8,2,Hatchback,7,5,Yes,1,Yes,Low,No,18-30
EV09146,61,Female,65025.0,Urban,7.2,1,Sedan,2,5,No,1,No,Medium,No,61-70
EV09147,65,Female,64554.0,Urban,30.9,3,Sedan,7,7,No,2,Yes,Medium,No,61-70
EV09148,29,Other,145946.0,Suburban,22.1,1,Hatchback,6,8,Yes,5,Yes,Low,No,18-30
EV09149,63,Female,108759.0,Rural,91.1,1,Sedan,2,2,Yes,3,Yes,Low,No,61-70
EV09150,53,Female,89326.0,Suburban,63.4,2,Sedan,3,4,No,5,Yes,Medium,No,51-60
EV09151,41,Male,88657.0,Urban,53.1,2,Sedan,9,9,Yes,1,No,Low,No,41-50
EV09152,25,Female,108008.0,Urban,67.1,2,Sedan,2,3,Yes,3,Yes,Low,No,18-30
EV09153,26,Female,107760.0,Rural,68.0,3,Sedan,2,0,Yes,1,No,Medium,No,18-30
EV09154,25,Female,106968.0,Urban,28.7,1,Truck,3,8,No,3,Yes,Low,No,18-30
EV09155,66,Male,85154.0,Urban,75.1,1,Sedan,7,16,No,4,Yes,Medium,No,61-70
EV09156,66,Male,59491.0,Urban,10.6,1,Sedan,5,16,Yes,5,No,Low,No,61-70
EV09157,67,Female,59490.0,Urban,72.6,1,SUV,13,5,Yes,1,No,Low,No,61-70
EV09158,50,Female,45346.0,Suburban,20.6,2,SUV,7,6,Yes,4,Yes,Low,No,41-50
EV09159,37,Male,69542.0,Urban,36.9,1,Sedan,3,5,No,4,Yes,Medium,No,31-40
EV09160,68,Male,63627.0,Urban,32.3,4,Sedan,8,4,No,5,Yes,Medium,No,61-70
EV09161,53,Female,72618.0,Rural,37.1,1,Sedan,0,1,Yes,4,No,Low,No,51-60
EV09162,36,Female,152046.0,Urban,37.2,2,Truck,5,16,No,2,Yes,Low,No,31-40
EV09163,56,Male,114362.0,Urban,26.9,2,SUV,12,17,Yes,4,Yes,Low,No,51-60
EV09164,32,Female,90510.0,Suburban,22.8,1,Sedan,4,3,Yes,2,Yes,Low,No,31-40
EV09165,44,Female,140708.0,Rural,20.5,4,SUV,1,1,Yes,1,No,Low,No,41-50
EV09166,54,Male,96996.0,Urban,26.6,1,Hatchback,2,12,No,4,No,Medium,No,51-60
EV09167,69,Female,142610.0,Suburban,27.5,1,SUV,4,5,Yes,1,No,Low,No,61-70
EV09168,35,Female,75252.0,Suburban,5.0,3,Sedan,3,3,Yes,2,No,Low,No,31-40
EV09169,55,Male,85581.0,Urban,76.9,1,SUV,2,15,No,1,Yes,Low,No,51-60
EV09170,56,Male,149380.0,Suburban,15.7,3,Sedan,6,5,Yes,1,Yes,Low,No,51-60
EV09171,31,Male,52366.0,Suburban,23.0,2,SUV,1,8,Yes,1,Yes,Low,No,31-40
EV09172,64,Female,134208.0,Suburban,5.0,1,SUV,1,7,Yes,4,Yes,Low,Yes,61-70
EV09173,44,Male,60403.0,Suburban,63.8,1,Hatchback,4,5,Yes,1,No,Low,No,41-50
EV09174,57,Male,101422.0,Suburban,9.5,2,SUV,4,7,No,2,No,Low,No,51-60
EV09175,53,Female,115488.0,Suburban,76.4,2,Sedan,6,7,No,3,No,High,No,51-60
EV09176,63,Female,72390.0,Suburban,5.0,2,SUV,3,9,Yes,4,Yes,Low,No,61-70
EV09177,68,Male,102546.0,Urban,45.9,3,Hatchback,6,17,No,1,Yes,Low,No,61-70
EV09178,44,Male,121246.0,Suburban,75.7,1,SUV,0,6,Yes,1,Yes,Medium,No,41-50
EV09179,68,Male,93887.0,Rural,7.6,2,Sedan,1,2,Yes,4,Yes,Low,No,61-70
EV09180,61,Female,40656.0,Urban,5.0,2,SUV,8,18,No,4,Yes,Low,Yes,61-70
EV09181,44,Female,105233.0,Urban,57.9,4,Sedan,3,16,No,2,Yes,Low,No,41-50
EV09182,52,Male,73888.0,Urban,32.4,1,Sedan,13,19,No,1,Yes,Low,No,51-60
EV09183,51,Male,43705.0,Urban,44.2,2,SUV,2,19,Yes,2,Yes,Low,No,51-60
EV09184,62,Other,166935.0,Suburban,24.9,3,SUV,4,3,Yes,4,No,Low,No,61-70
EV09185,34,Male,115495.0,Urban,24.2,2,Sedan,5,15,Yes,3,Yes,Low,Yes,31-40
EV09186,30,Male,67628.0,Urban,40.2,2,Sedan,7,16,Yes,3,No,Low,No,18-30
EV09187,32,Female,30000.0,Urban,5.0,1,Sedan,7,14,Yes,5,Yes,Low,No,31-40
EV09188,50,Male,77271.0,Suburban,5.0,2,Sedan,2,7,Yes,1,Yes,Low,No,41-50
EV09189,47,Male,155365.0,Urban,40.2,1,Truck,12,10,No,4,Yes,Low,No,41-50
EV09190,62,Male,92706.0,Urban,20.1,2,SUV,3,3,Yes,3,Yes,Low,No,61-70
EV09191,31,Female,47841.0,Urban,5.0,4,SUV,12,10,No,1,No,Low,No,31-40
EV09192,34,Male,76180.0,Rural,36.2,3,SUV,2,2,Yes,1,Yes,Low,No,31-40
EV09193,61,Male,113784.0,Urban,40.2,1,Sedan,11,3,No,2,Yes,Low,No,61-70
EV09194,41,Female,45612.0,Urban,45.0,1,Truck,5,13,Yes,3,No,Low,No,41-50
EV09195,69,Male,70890.0,Rural,19.4,3,Sedan,0,0,Yes,5,No,Low,No,61-70
EV09196,40,Male,89138.0,Urban,42.6,2,SUV,7,16,No,5,No,Low,No,31-40
EV09197,48,Female,46447.0,Suburban,86.0,1,Hatchback,2,3,Yes,2,Yes,Low,No,41-50
EV09198,53,Female,108181.0,Suburban,51.7,3,Hatchback,5,9,Yes,4,No,Low,No,51-60
EV09199,45,Male,81516.0,Urban,71.2,2,SUV,9,14,No,4,Yes,Medium,No,41-50
EV09200,33,Male,96382.0,Rural,45.9,4,Hatchback,2,3,Yes,1,Yes,Low,No,31-40
EV09201,62,Female,98131.0,Urban,5.0,1,SUV,11,7,No,1,Yes,Low,No,61-70
EV09202,53,Male,87444.0,Suburban,70.9,2,Sedan,3,1,Yes,3,No,Low,No,51-60
EV09203,32,Male,105318.0,Rural,27.4,3,SUV,1,3,Yes,5,No,Low,No,31-40
EV09204,50,Female,109655.0,Rural,44.8,2,Hatchback,1,1,Yes,1,Yes,Low,No,41-50
EV09205,30,Female,116147.0,Suburban,82.3,1,Hatchback,6,9,Yes,4,Yes,Low,Yes,18-30
EV09206,57,Male,71295.0,Suburban,33.8,1,Sedan,5,8,Yes,4,No,Low,No,51-60
EV09207,66,Female,56009.0,Suburban,69.9,1,SUV,4,6,Yes,3,Yes,Low,No,61-70
EV09208,56,Male,106998.0,Rural,18.0,2,Sedan,1,2,No,1,No,Low,No,51-60
EV09209,54,Female,146967.0,Urban,20.4,3,SUV,4,8,Yes,2,Yes,Low,Yes,51-60
EV09210,64,Male,65409.0,Urban,5.0,2,SUV,12,6,Yes,3,No,Low,No,61-70
EV09211,32,Male,118673.0,Suburban,29.7,1,SUV,7,7,Yes,2,Yes,Low,No,31-40
EV09212,38,Female,73758.0,Suburban,5.0,1,Sedan,5,8,Yes,1,Yes,Low,No,31-40
EV09213,53,Female,134111.0,Rural,6.9,2,Hatchback,1,0,Yes,2,Yes,Low,Yes,51-60
EV09214,39,Female,40109.0,Urban,46.8,2,SUV,10,6,No,5,Yes,Low,Yes,31-40
EV09215,63,Female,100006.0,Suburban,45.2,3,Sedan,4,9,Yes,2,Yes,Low,No,61-70
EV09216,26,Male,42346.0,Urban,49.2,2,Sedan,13,12,No,4,No,Low,No,18-30
EV09217,48,Female,59406.0,Suburban,60.2,1,Sedan,5,6,Yes,1,Yes,Low,No,41-50
EV09218,46,Female,129709.0,Urban,40.1,3,Sedan,11,3,No,4,Yes,Medium,Yes,41-50
EV09219,44,Female,82196.0,Urban,39.4,3,Sedan,12,5,Yes,4,Yes,Low,Yes,41-50
EV09220,32,Male,91597.0,Suburban,11.2,1,Hatchback,6,7,Yes,4,No,Low,No,31-40
EV09221,50,Female,77147.0,Urban,5.0,3,Sedan,10,3,No,1,Yes,Medium,No,41-50
EV09222,36,Male,62010.0,Urban,20.4,1,Hatchback,10,17,No,5,Yes,Low,No,31-40
EV09223,69,Female,35695.0,Urban,14.3,3,SUV,7,4,No,3,Yes,Medium,No,61-70
EV09224,54,Female,67954.0,Suburban,70.2,2,SUV,3,6,No,4,Yes,Medium,No,51-60
EV09225,47,Male,84057.0,Rural,23.2,2,SUV,1,0,Yes,3,Yes,Low,No,41-50
EV09226,55,Male,53521.0,Suburban,34.7,2,SUV,5,6,Yes,1,No,Low,No,51-60
EV09227,45,Female,100537.0,Suburban,70.6,2,Truck,5,3,Yes,2,No,Low,No,41-50
EV09228,27,Female,132273.0,Suburban,53.7,3,Sedan,1,7,No,1,No,Medium,No,18-30
EV09229,32,Female,109871.0,Suburban,5.0,1,Truck,2,8,Yes,3,Yes,Low,No,31-40
EV09230,52,Male,100622.0,Urban,69.4,2,Hatchback,2,16,Yes,1,Yes,Low,No,51-60
EV09231,50,Male,78965.0,Suburban,69.0,2,Truck,1,9,No,3,No,Medium,No,41-50
EV09232,39,Female,144060.0,Suburban,21.0,1,SUV,4,9,Yes,3,Yes,Low,Yes,31-40
EV09233,62,Female,30000.0,Urban,39.7,2,SUV,2,16,No,1,Yes,Medium,No,61-70
EV09234,52,Female,133552.0,Rural,58.4,2,SUV,2,1,Yes,4,Yes,Low,No,51-60
EV09235,45,Female,58183.0,Urban,79.0,3,SUV,8,16,Yes,3,Yes,Low,No,41-50
EV09236,50,Male,50855.0,Suburban,5.0,1,SUV,3,9,Yes,3,Yes,Low,No,41-50
EV09237,69,Male,96483.0,Suburban,61.9,4,Sedan,5,6,Yes,5,Yes,Low,No,61-70
EV09238,28,Female,125396.0,Urban,5.0,3,SUV,12,16,Yes,5,No,Low,Yes,18-30
EV09239,43,Male,84708.0,Urban,5.0,3,Truck,10,11,No,5,Yes,Low,Yes,41-50
EV09240,62,Female,84708.0,Urban,58.0,1,SUV,9,3,No,3,Yes,Medium,No,61-70
EV09241,69,Male,87460.0,Suburban,57.8,2,SUV,4,2,No,2,No,Low,No,61-70
EV09242,51,Female,35573.0,Suburban,5.0,2,Truck,1,7,Yes,2,Yes,Low,No,51-60
EV09243,45,Male,97741.0,Suburban,58.0,3,Truck,3,9,Yes,2,No,Low,No,41-50
EV09244,45,Male,30000.0,Suburban,68.8,1,Sedan,2,2,Yes,5,No,Low,No,41-50
EV09245,57,Male,87225.0,Urban,32.4,3,Truck,9,18,No,3,Yes,Low,No,51-60
EV09246,39,Female,85878.0,Rural,55.4,2,SUV,1,2,Yes,5,No,Low,No,31-40
EV09247,56,Male,41341.0,Urban,41.5,3,Sedan,12,15,Yes,1,Yes,Low,No,51-60
EV09248,47,Male,93818.0,Urban,53.8,4,SUV,10,12,No,3,Yes,Medium,No,41-50
EV09249,47,Male,122071.0,Rural,5.0,1,Sedan,0,2,Yes,4,Yes,Low,No,41-50
EV09250,57,Male,131472.0,Urban,35.5,3,SUV,9,7,No,2,Yes,Medium,No,51-60
EV09251,54,Female,81470.0,Rural,50.4,2,SUV,1,0,Yes,4,No,Low,No,51-60
EV09252,40,Female,87215.0,Urban,83.8,3,Hatchback,13,5,Yes,5,No,Low,No,31-40
EV09253,42,Female,97567.0,Suburban,27.8,1,Truck,0,8,Yes,2,No,Low,No,41-50
EV09254,57,Male,64334.0,Suburban,37.2,1,Sedan,6,5,Yes,1,Yes,Low,No,51-60
EV09255,63,Male,69093.0,Urban,30.4,2,SUV,4,8,No,1,Yes,Medium,No,61-70
EV09256,46,Male,41928.0,Urban,36.5,2,SUV,12,11,No,1,Yes,Medium,No,41-50
EV09257,32,Male,77323.0,Suburban,51.8,2,SUV,2,6,No,4,No,Medium,No,31-40
EV09258,54,Male,92256.0,Suburban,5.0,1,Sedan,1,7,Yes,5,Yes,Low,Yes,51-60
EV09259,63,Male,69836.0,Rural,14.2,2,SUV,2,2,Yes,3,No,Low,No,61-70
EV09260,40,Female,91377.0,Suburban,52.6,2,Hatchback,5,5,Yes,1,No,Low,No,31-40
EV09261,54,Female,101027.0,Urban,5.0,3,SUV,13,16,No,4,Yes,Low,Yes,51-60
EV09262,64,Male,125759.0,Rural,48.5,1,SUV,2,2,Yes,1,No,Low,No,61-70
EV09263,57,Female,35561.0,Suburban,58.8,2,SUV,4,3,Yes,4,Yes,Low,Yes,51-60
EV09264,35,Male,101547.0,Suburban,63.3,2,Sedan,2,2,Yes,1,No,Low,No,31-40
EV09265,39,Male,83745.0,Urban,38.3,2,SUV,8,5,Yes,5,Yes,Low,No,31-40
EV09266,35,Female,104070.0,Suburban,5.0,2,SUV,3,7,No,5,Yes,Low,No,31-40
EV09267,67,Female,111682.0,Urban,39.6,1,Sedan,14,8,Yes,2,Yes,Low,Yes,61-70
EV09268,35,Female,71095.0,Urban,34.5,2,Hatchback,2,6,Yes,3,Yes,Low,No,31-40
EV09269,30,Female,85367.0,Urban,23.1,2,Hatchback,14,15,No,4,Yes,Low,No,18-30
EV09270,49,Male,80931.0,Urban,28.0,1,SUV,13,8,No,1,No,Low,No,41-50
EV09271,62,Male,149261.0,Urban,54.4,2,SUV,9,17,Yes,2,Yes,Low,No,61-70
EV09272,49,Female,110226.0,Suburban,23.0,1,Truck,1,8,Yes,3,No,Low,No,41-50
EV09273,63,Male,40838.0,Suburban,34.1,1,SUV,3,9,Yes,1,Yes,Low,No,61-70
EV09274,61,Male,84708.0,Urban,40.2,2,Sedan,3,18,No,2,Yes,Low,No,61-70
EV09275,51,Male,95468.0,Suburban,43.6,2,Truck,6,8,Yes,1,No,Low,No,51-60
EV09276,55,Female,30000.0,Urban,34.1,2,Truck,14,14,No,4,No,Low,No,51-60
EV09277,34,Female,91675.0,Urban,10.5,2,Truck,14,11,No,1,Yes,Low,No,31-40
EV09278,59,Male,137930.0,Suburban,79.8,2,Sedan,7,1,Yes,1,Yes,Low,No,51-60
EV09279,63,Female,80045.0,Suburban,34.2,2,SUV,5,7,Yes,3,Yes,Low,No,61-70
EV09280,42,Female,111181.0,Urban,85.2,2,Sedan,13,9,No,3,Yes,Low,Yes,41-50
EV09281,53,Female,104378.0,Urban,55.8,3,Sedan,12,16,No,4,Yes,Low,Yes,51-60
EV09282,43,Male,115696.0,Urban,32.5,2,SUV,12,10,Yes,3,Yes,Low,No,41-50
EV09283,40,Female,154081.0,Rural,5.0,2,Sedan,1,2,Yes,1,No,Low,No,31-40
EV09284,27,Female,61411.0,Urban,92.0,2,Hatchback,3,7,No,3,No,Medium,No,18-30
EV09285,49,Female,95665.0,Rural,56.5,2,SUV,0,2,Yes,3,Yes,Low,Yes,41-50
EV09286,68,Male,154158.0,Urban,21.3,1,Sedan,12,6,Yes,3,Yes,Low,Yes,61-70
EV09287,26,Female,113743.0,Suburban,51.9,1,Sedan,1,1,No,4,Yes,High,No,18-30
EV09288,68,Female,67541.0,Urban,57.2,1,SUV,14,15,No,4,No,Low,No,61-70
EV09289,25,Male,105868.0,Suburban,11.6,1,Sedan,6,8,Yes,3,Yes,Low,No,18-30
EV09290,36,Male,82301.0,Urban,11.0,1,SUV,2,19,No,2,Yes,Low,No,31-40
EV09291,53,Male,42937.0,Urban,36.4,3,Sedan,3,10,Yes,4,No,Low,No,51-60
EV09292,33,Male,30000.0,Urban,52.5,2,Sedan,10,15,No,1,Yes,Low,No,31-40
EV09293,57,Female,92482.0,Suburban,6.3,4,Truck,7,9,Yes,3,Yes,Low,Yes,51-60
EV09294,53,Male,68077.0,Rural,68.0,1,Sedan,2,3,Yes,1,No,Low,No,51-60
EV09295,43,Male,111718.0,Urban,5.0,2,SUV,11,17,Yes,3,Yes,Low,No,41-50
EV09296,37,Male,112843.0,Suburban,46.1,3,SUV,1,1,Yes,5,Yes,Low,Yes,31-40
EV09297,53,Female,79575.0,Suburban,41.8,2,SUV,5,4,Yes,5,Yes,Low,Yes,51-60
EV09298,54,Male,75963.0,Suburban,45.3,3,Truck,3,8,No,5,Yes,Medium,No,51-60
EV09299,41,Male,77383.0,Suburban,58.6,2,Sedan,4,8,Yes,4,Yes,Low,No,41-50
EV09300,25,Female,101290.0,Rural,17.8,3,Sedan,0,2,Yes,4,Yes,Low,No,18-30
EV09301,30,Other,38649.0,Suburban,27.0,2,SUV,5,7,Yes,4,Yes,Low,No,18-30
EV09302,32,Female,84774.0,Urban,29.1,1,SUV,10,11,No,2,Yes,Low,No,31-40
EV09303,38,Female,113354.0,Urban,17.4,1,Truck,5,11,Yes,3,Yes,Low,No,31-40
EV09304,60,Female,66710.0,Suburban,67.6,2,SUV,3,7,Yes,1,Yes,Low,No,51-60
EV09305,30,Female,95585.0,Urban,61.8,2,Truck,11,14,Yes,2,No,Low,No,18-30
EV09306,26,Male,83397.0,Suburban,67.1,2,SUV,7,1,Yes,1,Yes,Low,No,18-30
EV09307,41,Male,58728.0,Suburban,8.9,3,Sedan,2,7,Yes,5,Yes,Low,No,41-50
EV09308,49,Male,46440.0,Rural,47.4,4,Sedan,0,2,Yes,5,Yes,Low,No,41-50
EV09309,48,Male,50482.0,Urban,5.0,1,Sedan,6,9,No,4,Yes,Low,Yes,41-50
EV09310,35,Male,94574.0,Urban,43.6,2,SUV,13,15,Yes,3,Yes,Low,No,31-40
EV09311,49,Female,140687.0,Urban,66.8,2,Sedan,14,8,No,5,No,Low,No,41-50
EV09312,49,Female,79677.0,Urban,52.3,3,SUV,9,15,No,4,No,Low,No,41-50
EV09313,41,Male,114353.0,Urban,51.0,1,SUV,6,5,No,4,Yes,Medium,No,41-50
EV09314,32,Male,30000.0,Urban,23.5,4,Sedan,6,7,Yes,4,Yes,Low,No,31-40
EV09315,69,Female,123669.0,Suburban,53.8,1,SUV,3,3,Yes,3,No,Low,No,61-70
EV09316,57,Male,69772.0,Urban,47.7,1,SUV,3,9,No,3,No,Medium,No,51-60
EV09317,65,Female,130933.0,Suburban,79.3,4,Sedan,4,7,Yes,5,Yes,Low,Yes,61-70
EV09318,55,Male,89023.0,Rural,30.3,1,SUV,0,2,Yes,3,No,Low,No,51-60
EV09319,46,Male,45926.0,Suburban,52.0,1,SUV,5,3,Yes,5,No,Low,No,41-50
EV09320,54,Male,72664.0,Urban,5.0,3,Sedan,12,5,Yes,5,Yes,Low,Yes,51-60
EV09321,68,Other,72866.0,Suburban,37.7,2,SUV,5,9,Yes,2,Yes,Low,No,61-70
EV09322,68,Male,101134.0,Rural,43.5,1,Sedan,1,2,Yes,1,Yes,Low,No,61-70
EV09323,49,Male,170537.0,Suburban,64.9,2,Sedan,0,8,Yes,4,No,Low,No,41-50
EV09324,35,Female,109605.0,Urban,50.4,3,Hatchback,14,11,No,4,No,Low,No,31-40
EV09325,35,Male,144194.0,Urban,40.5,1,SUV,5,16,Yes,4,Yes,Low,Yes,31-40
EV09326,58,Other,30000.0,Urban,39.0,1,SUV,11,13,No,2,No,Low,No,51-60
EV09327,45,Male,57208.0,Suburban,75.1,2,Hatchback,3,1,Yes,1,No,Low,No,41-50
EV09328,51,Female,97408.0,Urban,30.3,1,Sedan,5,19,No,4,Yes,Low,No,51-60
EV09329,47,Female,63712.0,Suburban,21.0,2,SUV,0,3,Yes,1,Yes,Low,No,41-50
EV09330,54,Male,72716.0,Urban,33.5,1,Hatchback,6,12,Yes,3,Yes,Low,No,51-60
EV09331,34,Male,84708.0,Rural,63.6,2,Sedan,1,3,Yes,4,No,Low,No,31-40
EV09332,53,Female,84530.0,Rural,56.9,1,SUV,1,0,Yes,1,Yes,Low,No,51-60
EV09333,40,Male,74947.0,Urban,15.4,2,Sedan,10,9,No,1,Yes,Low,No,31-40
EV09334,53,Male,69340.0,Suburban,24.4,1,Truck,5,8,Yes,4,Yes,Low,No,51-60
EV09335,54,Male,77532.0,Suburban,48.5,1,SUV,4,4,Yes,3,No,Low,No,51-60
EV09336,59,Female,107352.0,Suburban,50.9,2,Sedan,3,5,Yes,3,Yes,Low,No,51-60
EV09337,26,Male,42717.0,Urban,68.7,3,Sedan,14,14,Yes,4,No,Low,No,18-30
EV09338,36,Male,97895.0,Suburban,38.3,2,Truck,6,3,Yes,2,Yes,Low,No,31-40
EV09339,45,Male,30000.0,Suburban,17.4,4,SUV,4,5,Yes,4,Yes,Low,No,41-50
EV09340,39,Female,67986.0,Rural,61.8,3,SUV,2,0,Yes,4,Yes,Low,No,31-40
EV09341,48,Male,82500.0,Urban,75.0,1,Hatchback,11,12,Yes,2,No,Low,No,41-50
EV09342,31,Female,87630.0,Suburban,70.3,1,Sedan,0,6,Yes,1,No,Low,No,31-40
EV09343,44,Female,31034.0,Rural,6.0,1,Sedan,2,0,Yes,2,Yes,Low,No,41-50
EV09344,50,Female,30000.0,Urban,43.2,1,Sedan,5,15,Yes,2,No,Low,No,41-50
EV09345,60,Female,47055.0,Suburban,20.3,2,Sedan,4,7,Yes,5,No,Low,No,51-60
EV09346,40,Male,77960.0,Suburban,44.5,1,SUV,4,5,Yes,1,Yes,Low,No,31-40
EV09347,39,Male,107481.0,Urban,41.7,1,SUV,3,11,No,5,Yes,Medium,No,31-40
EV09348,41,Female,107551.0,Urban,33.0,2,SUV,6,15,No,4,No,Low,No,41-50
EV09349,31,Male,116019.0,Urban,76.3,1,Sedan,13,12,No,1,Yes,Low,No,31-40
EV09350,30,Male,87750.0,Suburban,15.9,1,SUV,6,5,Yes,2,Yes,Low,No,18-30
EV09351,63,Female,92798.0,Suburban,40.7,1,Sedan,3,7,Yes,1,Yes,Low,No,61-70
EV09352,28,Female,30190.0,Suburban,76.8,2,Hatchback,1,3,Yes,5,No,Low,No,18-30
EV09353,50,Male,69205.0,Suburban,5.0,1,Hatchback,4,4,Yes,5,Yes,Low,No,41-50
EV09354,34,Male,106221.0,Suburban,31.4,2,Sedan,2,3,Yes,1,Yes,Low,No,31-40
EV09355,43,Male,71926.0,Urban,42.9,1,Sedan,11,4,Yes,4,Yes,Low,No,41-50
EV09356,66,Female,84708.0,Suburban,52.5,3,Sedan,0,7,Yes,5,No,Low,No,61-70
EV09357,40,Male,112419.0,Suburban,30.9,2,Sedan,5,1,Yes,1,Yes,Low,No,31-40
EV09358,61,Male,170891.0,Urban,56.4,2,SUV,5,14,No,1,Yes,Low,No,61-70
EV09359,39,Male,119424.0,Suburban,5.0,2,Hatchback,0,4,Yes,1,Yes,Low,No,31-40
EV09360,36,Male,78738.0,Suburban,46.6,1,Sedan,5,9,Yes,3,Yes,Low,No,31-40
EV09361,36,Female,112446.0,Urban,61.1,2,Sedan,2,16,No,3,Yes,Low,Yes,31-40
EV09362,53,Male,96787.0,Urban,66.7,1,Sedan,2,13,Yes,3,No,Low,No,51-60
EV09363,45,Female,121294.0,Suburban,72.5,2,SUV,2,8,Yes,1,No,Low,No,41-50
EV09364,65,Female,80740.0,Rural,33.0,1,Hatchback,0,1,Yes,4,Yes,Low,No,61-70
EV09365,50,Female,77831.0,Rural,42.3,1,Truck,0,1,Yes,3,No,Low,No,41-50
EV09366,58,Female,31098.0,Urban,64.7,2,SUV,4,9,No,3,No,Low,No,51-60
EV09367,50,Female,58963.0,Suburban,5.0,2,SUV,4,2,No,2,Yes,Medium,No,41-50
EV09368,41,Female,104555.0,Suburban,94.9,1,SUV,7,8,Yes,1,No,Low,No,41-50
EV09369,66,Male,52201.0,Suburban,5.0,3,Sedan,5,6,Yes,5,No,Low,No,61-70
EV09370,29,Male,112607.0,Rural,16.3,2,Hatchback,2,1,Yes,3,Yes,Low,No,18-30
EV09371,50,Female,75101.0,Suburban,36.3,2,SUV,7,9,No,1,Yes,Low,No,41-50
EV09372,58,Female,47043.0,Urban,34.7,3,Hatchback,14,16,No,3,Yes,Low,No,51-60
EV09373,55,Female,84310.0,Urban,40.4,1,SUV,12,14,Yes,4,Yes,Low,No,51-60
EV09374,47,Male,49900.0,Urban,52.2,2,SUV,12,8,Yes,2,No,Low,No,41-50
EV09375,59,Male,86290.0,Suburban,25.2,3,SUV,1,3,No,1,Yes,Medium,No,51-60
EV09376,60,Male,94280.0,Urban,17.8,1,Truck,7,14,No,5,Yes,Medium,No,51-60
EV09377,33,Male,138319.0,Urban,42.6,3,Hatchback,8,14,Yes,2,No,Low,No,31-40
EV09378,31,Female,57207.0,Suburban,66.3,1,Sedan,4,5,Yes,2,Yes,Low,No,31-40
EV09379,55,Female,87203.0,Rural,14.7,1,Truck,1,0,No,2,Yes,Medium,No,51-60
EV09380,48,Male,124938.0,Rural,21.9,2,Sedan,1,0,Yes,1,Yes,Low,No,41-50
EV09381,64,Male,86183.0,Urban,40.2,2,SUV,4,8,No,5,Yes,Low,Yes,61-70
EV09382,38,Male,97368.0,Urban,72.5,2,Hatchback,8,7,Yes,4,Yes,Low,No,31-40
EV09383,40,Male,93232.0,Rural,70.6,1,Truck,2,1,Yes,4,Yes,Low,No,31-40
EV09384,62,Male,52150.0,Urban,49.9,1,Sedan,3,16,No,3,Yes,Medium,No,61-70
EV09385,41,Male,61083.0,Suburban,40.2,2,Sedan,4,4,Yes,2,No,Low,No,41-50
EV09386,53,Female,114302.0,Suburban,54.7,1,Sedan,0,5,Yes,2,Yes,Low,No,51-60
EV09387,44,Male,91578.0,Rural,5.0,1,Sedan,1,1,Yes,1,No,Medium,No,41-50
EV09388,56,Male,104021.0,Rural,75.6,1,Hatchback,0,1,Yes,1,Yes,Low,No,51-60
EV09389,35,Female,115518.0,Suburban,34.5,2,Hatchback,2,6,Yes,3,No,Low,No,31-40
EV09390,49,Female,69328.0,Suburban,23.4,3,Hatchback,2,9,Yes,1,No,Low,No,41-50
EV09391,38,Male,35736.0,Urban,33.0,1,SUV,12,16,No,1,No,Low,No,31-40
EV09392,34,Male,63137.0,Urban,61.9,3,Truck,2,19,No,2,No,Low,No,31-40
EV09393,48,Female,95793.0,Urban,27.8,3,Sedan,3,10,Yes,4,Yes,Low,Yes,41-50
EV09394,54,Male,76536.0,Rural,89.6,2,Hatchback,0,0,No,4,Yes,High,No,51-60
EV09395,60,Other,100997.0,Urban,50.4,2,Sedan,5,18,No,1,No,Low,No,51-60
EV09396,32,Male,101476.0,Urban,48.7,2,SUV,7,4,Yes,3,Yes,Low,No,31-40
EV09397,52,Female,92106.0,Urban,45.4,2,Sedan,12,8,No,2,No,Medium,No,51-60
EV09398,51,Female,77048.0,Urban,16.8,1,Hatchback,3,6,No,1,No,High,No,51-60
EV09399,43,Male,91807.0,Suburban,5.0,1,SUV,5,5,Yes,1,Yes,Low,Yes,41-50
EV09400,55,Male,94058.0,Suburban,39.3,1,SUV,2,1,Yes,2,Yes,Low,No,51-60
EV09401,38,Male,59362.0,Rural,40.2,1,Sedan,1,0,Yes,1,Yes,Low,No,31-40
EV09402,49,Female,57534.0,Urban,25.0,1,Hatchback,5,5,Yes,4,Yes,Low,No,41-50
EV09403,34,Male,79857.0,Urban,45.7,1,Truck,9,5,Yes,5,Yes,Low,Yes,31-40
EV09404,46,Male,191927.0,Suburban,60.7,1,Sedan,4,7,Yes,1,Yes,Low,No,41-50
EV09405,55,Male,119692.0,Suburban,66.1,1,Sedan,5,4,Yes,3,Yes,Low,Yes,51-60
EV09406,47,Male,92831.0,Suburban,19.2,1,Sedan,5,4,Yes,5,Yes,Low,Yes,41-50
EV09407,40,Female,81899.0,Rural,39.6,2,Sedan,1,3,Yes,3,Yes,Low,No,31-40
EV09408,26,Other,97864.0,Urban,43.2,2,SUV,7,10,No,4,Yes,Low,No,18-30
EV09409,37,Male,80378.0,Urban,40.2,1,SUV,14,3,No,4,No,Medium,No,31-40
EV09410,65,Male,64953.0,Urban,33.2,1,Sedan,11,7,No,1,Yes,Medium,No,61-70
EV09411,27,Female,173388.0,Rural,26.6,2,Hatchback,2,0,Yes,2,Yes,Low,No,18-30
EV09412,29,Male,30000.0,Urban,30.5,2,Sedan,5,14,Yes,3,Yes,Low,No,18-30
EV09413,47,Male,77148.0,Urban,22.2,1,Hatchback,14,7,Yes,5,No,Low,No,41-50
EV09414,58,Female,55046.0,Suburban,77.1,1,SUV,2,8,Yes,4,No,Low,No,51-60
EV09415,43,Male,100154.0,Urban,74.3,3,Sedan,3,3,Yes,4,Yes,Low,Yes,41-50
EV09416,56,Female,80797.0,Suburban,71.4,4,Sedan,2,6,Yes,2,Yes,Low,No,51-60
EV09417,60,Female,92392.0,Suburban,56.7,1,Sedan,7,1,Yes,4,Yes,Low,No,51-60
EV09418,60,Female,142960.0,Urban,79.8,1,Sedan,9,9,No,2,Yes,Medium,No,51-60
EV09419,65,Female,90557.0,Urban,63.1,1,Truck,13,10,Yes,1,No,Low,No,61-70
EV09420,42,Male,30000.0,Urban,56.7,1,Hatchback,5,18,No,1,Yes,Low,No,41-50
EV09421,48,Female,111703.0,Urban,40.5,1,Hatchback,13,17,Yes,3,Yes,Low,No,41-50
EV09422,33,Female,112429.0,Suburban,49.3,2,Sedan,2,4,No,4,Yes,Medium,No,31-40
EV09423,52,Female,104205.0,Urban,25.7,4,Sedan,2,7,No,2,Yes,Low,No,51-60
EV09424,60,Female,84376.0,Rural,74.9,1,Sedan,2,1,Yes,2,Yes,Low,No,51-60
EV09425,32,Male,93477.0,Suburban,9.2,1,SUV,1,5,Yes,2,Yes,Low,No,31-40
EV09426,29,Female,99281.0,Urban,31.8,2,SUV,10,10,No,5,Yes,Low,Yes,18-30
EV09427,33,Male,82115.0,Rural,92.2,1,Hatchback,1,3,Yes,3,No,Low,No,31-40
EV09428,53,Male,30000.0,Urban,9.5,3,Sedan,12,7,No,5,Yes,Low,No,51-60
EV09429,33,Male,87715.0,Suburban,31.9,2,Sedan,2,8,Yes,4,Yes,Low,Yes,31-40
EV09430,28,Male,91056.0,Suburban,16.6,2,Truck,0,3,Yes,4,No,Low,No,18-30
EV09431,49,Female,94850.0,Suburban,12.5,1,Sedan,1,4,Yes,4,Yes,Low,Yes,41-50
EV09432,59,Female,70384.0,Suburban,59.8,1,Sedan,0,9,No,2,No,Medium,No,51-60
EV09433,46,Female,67229.0,Rural,58.5,2,Sedan,0,2,No,2,No,High,No,41-50
EV09434,37,Male,118533.0,Urban,45.1,1,Sedan,6,8,Yes,4,No,Low,No,31-40
EV09435,40,Male,72816.0,Suburban,10.9,1,Sedan,6,3,No,4,Yes,Medium,No,31-40
EV09436,31,Female,85451.0,Urban,16.9,4,SUV,7,19,No,1,No,Low,No,31-40
EV09437,52,Female,134327.0,Urban,20.5,3,Hatchback,12,4,No,2,Yes,Low,Yes,51-60
EV09438,61,Male,126681.0,Rural,16.7,2,SUV,1,3,Yes,1,No,Low,No,61-70
EV09439,67,Male,93073.0,Suburban,32.5,1,SUV,3,6,No,1,No,Medium,No,61-70
EV09440,25,Female,88001.0,Rural,48.5,3,Hatchback,1,3,Yes,1,Yes,Low,No,18-30
EV09441,33,Female,109274.0,Suburban,26.3,1,SUV,7,1,No,5,No,Low,No,31-40
EV09442,35,Male,182669.0,Suburban,24.1,3,Sedan,3,9,Yes,5,Yes,Low,Yes,31-40
EV09443,67,Male,45939.0,Suburban,28.0,2,SUV,7,3,No,4,No,Medium,No,61-70
EV09444,68,Male,30013.0,Suburban,5.0,2,Hatchback,3,2,Yes,2,Yes,Low,No,61-70
EV09445,68,Male,48779.0,Urban,30.1,3,Sedan,8,7,No,5,Yes,Low,No,61-70
EV09446,39,Female,87418.0,Suburban,52.7,3,Hatchback,0,8,Yes,3,No,Low,No,31-40
EV09447,64,Male,139660.0,Urban,46.8,2,Truck,2,11,Yes,2,No,Low,No,61-70
EV09448,52,Female,74694.0,Suburban,7.5,2,Truck,6,8,Yes,2,No,Low,No,51-60
EV09449,52,Male,80622.0,Urban,31.6,2,Hatchback,14,19,No,5,Yes,Low,No,51-60
EV09450,38,Male,73963.0,Urban,80.4,2,SUV,11,10,No,5,No,Low,No,31-40
EV09451,50,Male,30000.0,Suburban,51.4,2,Sedan,1,2,No,2,Yes,Medium,No,41-50
EV09452,42,Male,131482.0,Urban,59.0,1,Hatchback,8,14,Yes,3,Yes,Low,Yes,41-50
EV09453,36,Male,95351.0,Suburban,27.5,2,Sedan,3,7,No,5,No,Low,No,31-40
EV09454,27,Female,99468.0,Suburban,54.4,2,Sedan,6,1,Yes,1,Yes,Low,No,18-30
EV09455,51,Male,54392.0,Suburban,102.9,1,SUV,6,7,Yes,3,Yes,Low,No,51-60
EV09456,47,Male,30000.0,Urban,72.6,2,Sedan,2,4,No,2,Yes,Medium,No,41-50
EV09457,44,Female,94015.0,Urban,5.0,3,SUV,7,8,No,2,No,Low,No,41-50
EV09458,61,Male,82116.0,Urban,57.7,1,Hatchback,14,4,No,2,No,Low,No,61-70
EV09459,37,Female,65262.0,Urban,54.6,1,Truck,12,13,Yes,3,No,Low,No,31-40
EV09460,62,Female,84708.0,Suburban,68.0,1,SUV,3,6,Yes,1,No,Low,No,61-70
EV09461,54,Female,54119.0,Urban,18.6,2,Sedan,10,18,No,1,No,Low,No,51-60
EV09462,41,Female,51808.0,Suburban,58.0,1,Sedan,0,2,Yes,5,Yes,Low,No,41-50
EV09463,61,Female,158190.0,Urban,64.0,4,Sedan,4,19,No,2,No,Low,No,61-70
EV09464,65,Female,30000.0,Urban,42.7,1,SUV,3,4,No,4,Yes,Medium,No,61-70
EV09465,47,Male,51035.0,Urban,5.0,1,Sedan,7,4,No,2,Yes,Low,No,41-50
EV09466,44,Male,86595.0,Suburban,24.1,2,SUV,6,8,Yes,2,No,Low,No,41-50
EV09467,30,Other,68132.0,Suburban,19.7,2,Sedan,0,6,No,4,Yes,Medium,No,18-30
EV09468,66,Female,111466.0,Rural,70.5,1,Sedan,0,3,Yes,1,Yes,Low,No,61-70
EV09469,38,Female,47252.0,Rural,71.6,1,SUV,2,3,Yes,5,Yes,Low,No,31-40
EV09470,57,Male,58818.0,Rural,12.9,3,SUV,2,2,Yes,4,No,Low,No,51-60
EV09471,65,Male,58418.0,Suburban,61.5,1,SUV,6,9,Yes,4,No,Low,No,61-70
EV09472,52,Female,64545.0,Suburban,20.6,3,Hatchback,7,7,Yes,2,Yes,Low,No,51-60
EV09473,32,Female,43196.0,Urban,55.1,1,SUV,2,6,No,3,Yes,High,No,31-40
EV09474,39,Female,92580.0,Suburban,50.5,1,SUV,4,9,Yes,4,Yes,Low,Yes,31-40
EV09475,43,Female,105569.0,Suburban,17.2,2,SUV,4,8,Yes,1,Yes,Low,No,41-50
EV09476,55,Female,49119.0,Urban,36.9,2,SUV,9,11,Yes,3,Yes,Low,No,51-60
EV09477,46,Male,127784.0,Urban,51.8,1,Hatchback,9,3,Yes,2,No,Low,No,41-50
EV09478,43,Other,55562.0,Rural,26.4,2,SUV,2,3,Yes,4,Yes,Low,Yes,41-50
EV09479,29,Female,40972.0,Suburban,37.9,3,Hatchback,5,1,Yes,5,No,Low,No,18-30
EV09480,63,Female,123434.0,Suburban,63.0,1,Sedan,7,3,No,1,Yes,Medium,No,61-70
EV09481,59,Female,63242.0,Urban,81.7,3,Truck,13,18,Yes,3,No,Low,No,51-60
EV09482,34,Male,101525.0,Suburban,59.7,2,Sedan,1,4,Yes,5,Yes,Low,Yes,31-40
EV09483,68,Male,67091.0,Suburban,40.2,3,Truck,4,7,No,3,No,Medium,No,61-70
EV09484,49,Male,127430.0,Suburban,5.0,2,Hatchback,3,4,No,3,Yes,Low,No,41-50
EV09485,49,Male,131840.0,Suburban,21.3,2,SUV,0,7,Yes,1,No,Low,No,41-50
EV09486,47,Female,81815.0,Suburban,62.8,3,SUV,0,8,Yes,4,Yes,Low,Yes,41-50
EV09487,61,Female,78407.0,Suburban,5.0,2,Sedan,2,1,Yes,1,Yes,Low,No,61-70
EV09488,33,Female,30000.0,Suburban,5.0,1,SUV,4,5,Yes,3,No,Low,No,31-40
EV09489,36,Female,58145.0,Urban,49.3,4,Sedan,5,16,Yes,3,No,Low,No,31-40
EV09490,46,Male,47071.0,Suburban,30.6,1,Truck,6,5,Yes,5,No,Low,No,41-50
EV09491,55,Female,30000.0,Urban,31.5,3,Sedan,2,12,Yes,4,No,Low,No,51-60
EV09492,66,Male,77016.0,Rural,65.6,1,SUV,1,3,Yes,3,Yes,Low,No,61-70
EV09493,33,Male,30000.0,Urban,13.8,2,Sedan,3,17,Yes,5,Yes,Low,No,31-40
EV09494,45,Female,54258.0,Suburban,31.7,1,SUV,0,6,Yes,1,Yes,Low,No,41-50
EV09495,43,Male,80442.0,Urban,24.5,3,Sedan,5,8,No,2,Yes,Low,Yes,41-50
EV09496,29,Male,99878.0,Urban,40.6,1,SUV,14,17,Yes,3,Yes,Low,No,18-30
EV09497,36,Female,95663.0,Suburban,53.0,3,SUV,0,1,Yes,1,Yes,Low,No,31-40
EV09498,66,Male,69336.0,Rural,42.0,1,Sedan,2,2,Yes,5,No,Low,No,61-70
EV09499,39,Male,112668.0,Suburban,50.9,2,Sedan,4,1,Yes,1,No,Low,No,31-40
EV09500,31,Male,62943.0,Suburban,40.1,2,Hatchback,0,2,Yes,3,Yes,Low,No,31-40
EV09501,59,Male,125313.0,Rural,29.9,2,Truck,0,3,Yes,1,No,Low,No,51-60
EV09502,64,Male,70260.0,Suburban,8.0,4,SUV,4,3,Yes,5,No,Low,No,61-70
EV09503,41,Female,91466.0,Urban,5.0,3,SUV,7,8,Yes,1,Yes,Low,No,41-50
EV09504,32,Female,34599.0,Urban,35.0,1,Hatchback,7,9,No,4,Yes,Low,No,31-40
EV09505,62,Female,88062.0,Suburban,32.0,3,SUV,5,5,Yes,2,Yes,Low,No,61-70
EV09506,33,Male,84726.0,Urban,71.2,2,Sedan,10,9,No,3,Yes,Low,Yes,31-40
EV09507,28,Male,84708.0,Urban,35.0,3,Truck,3,4,Yes,1,Yes,Low,No,18-30
EV09508,50,Female,111262.0,Suburban,36.1,2,Truck,2,5,Yes,4,Yes,Low,Yes,41-50
EV09509,27,Female,44989.0,Suburban,46.1,2,Sedan,0,4,No,1,No,High,No,18-30
EV09510,39,Male,67986.0,Rural,20.7,1,SUV,1,2,Yes,3,Yes,Low,No,31-40
EV09511,33,Male,30000.0,Suburban,6.9,2,Sedan,4,9,Yes,2,Yes,Low,No,31-40
EV09512,49,Male,45680.0,Suburban,76.7,2,Sedan,1,9,Yes,3,Yes,Low,No,41-50
EV09513,65,Female,68669.0,Urban,52.0,2,SUV,9,4,No,4,Yes,Low,Yes,61-70
EV09514,35,Female,45280.0,Urban,28.4,2,SUV,9,4,Yes,4,No,Low,No,31-40
EV09515,30,Female,70265.0,Rural,40.2,2,Sedan,0,2,Yes,5,Yes,Low,No,18-30
EV09516,62,Female,115912.0,Urban,27.4,2,Truck,11,3,Yes,3,No,Low,No,61-70
EV09517,35,Male,102347.0,Suburban,22.6,1,Sedan,5,3,No,3,Yes,Low,No,31-40
EV09518,54,Male,47083.0,Suburban,90.4,2,SUV,7,5,Yes,5,No,Low,No,51-60
EV09519,61,Female,103998.0,Rural,33.0,1,Hatchback,1,2,Yes,2,Yes,Low,No,61-70
EV09520,43,Male,122945.0,Urban,61.1,2,Hatchback,14,13,No,4,Yes,Low,Yes,41-50
EV09521,64,Female,80998.0,Urban,40.5,2,Hatchback,4,19,Yes,3,Yes,Low,No,61-70
EV09522,53,Female,105640.0,Urban,78.0,3,Sedan,4,6,No,4,Yes,Medium,Yes,51-60
EV09523,36,Female,50180.0,Rural,35.3,3,Hatchback,1,0,Yes,3,Yes,Low,Yes,31-40
EV09524,50,Male,44931.0,Suburban,8.4,2,Sedan,7,6,Yes,3,No,Low,No,41-50
EV09525,61,Female,81014.0,Rural,80.0,1,SUV,0,2,Yes,4,Yes,Low,No,61-70
EV09526,68,Male,56065.0,Suburban,40.2,2,Sedan,3,7,Yes,5,Yes,Low,No,61-70
EV09527,63,Male,151392.0,Suburban,73.7,2,Sedan,3,8,Yes,1,No,Low,No,61-70
EV09528,49,Female,71722.0,Urban,61.7,3,Sedan,7,6,No,5,Yes,Low,No,41-50
EV09529,64,Male,80777.0,Urban,47.9,1,Hatchback,12,19,No,5,Yes,Low,No,61-70
EV09530,42,Female,53707.0,Suburban,38.9,2,Sedan,1,7,Yes,3,Yes,Low,Yes,41-50
EV09531,69,Male,133967.0,Urban,62.1,2,Sedan,4,14,Yes,2,No,Low,No,61-70
EV09532,47,Male,53600.0,Suburban,5.0,2,Truck,3,8,Yes,4,No,Low,No,41-50
EV09533,68,Male,81705.0,Suburban,5.0,1,SUV,1,9,Yes,5,No,Low,No,61-70
EV09534,55,Female,48168.0,Urban,38.3,1,Sedan,8,7,No,1,Yes,Medium,No,51-60
EV09535,50,Male,128259.0,Suburban,53.9,1,Sedan,6,5,Yes,2,No,Low,No,41-50
EV09536,47,Female,41522.0,Urban,25.8,1,Sedan,7,5,No,4,Yes,Medium,Yes,41-50
EV09537,45,Male,41797.0,Urban,71.6,2,Sedan,13,8,Yes,5,No,Low,No,41-50
EV09538,31,Male,76795.0,Urban,6.9,3,Sedan,7,6,No,5,No,Low,No,31-40
EV09539,35,Female,128759.0,Suburban,41.8,1,Sedan,0,9,No,5,Yes,Medium,Yes,31-40
EV09540,46,Female,169626.0,Suburban,23.7,2,Truck,6,2,Yes,1,Yes,Low,No,41-50
EV09541,42,Female,69156.0,Suburban,48.3,2,SUV,3,7,Yes,4,No,Low,No,41-50
EV09542,46,Female,88106.0,Suburban,5.0,3,SUV,6,5,No,2,Yes,Low,No,41-50
EV09543,43,Female,81173.0,Urban,62.3,1,SUV,5,7,Yes,5,No,Low,No,41-50
EV09544,27,Male,105716.0,Urban,83.7,1,Sedan,8,10,Yes,1,Yes,Low,No,18-30
EV09545,34,Female,60063.0,Urban,37.6,1,SUV,14,7,No,5,No,Low,Yes,31-40
EV09546,54,Male,105410.0,Urban,63.6,2,SUV,14,11,No,3,No,Low,No,51-60
EV09547,38,Female,84708.0,Rural,78.7,1,SUV,2,2,Yes,2,Yes,Low,No,31-40
EV09548,38,Male,119478.0,Urban,46.4,1,SUV,3,5,Yes,1,Yes,Low,No,31-40
EV09549,64,Female,58964.0,Suburban,43.5,1,Sedan,0,6,Yes,3,Yes,Low,No,61-70
EV09550,37,Male,85217.0,Urban,78.8,1,Sedan,5,13,Yes,2,Yes,Low,No,31-40
EV09551,35,Male,162276.0,Urban,5.0,2,Sedan,7,13,No,2,No,Low,No,31-40
EV09552,65,Male,111580.0,Suburban,14.7,1,SUV,2,3,Yes,5,No,Low,Yes,61-70
EV09553,68,Male,78237.0,Suburban,49.5,2,SUV,3,6,Yes,5,No,Low,No,61-70
EV09554,68,Male,30000.0,Rural,45.2,2,Truck,1,2,No,1,Yes,High,No,61-70
EV09555,36,Male,85111.0,Urban,28.4,3,Truck,4,5,No,2,Yes,Medium,No,31-40
EV09556,60,Female,145453.0,Suburban,10.1,3,Sedan,2,4,Yes,3,No,Low,No,51-60
EV09557,26,Female,62351.0,Rural,49.4,1,Hatchback,0,3,Yes,5,Yes,Low,Yes,18-30
EV09558,34,Female,135192.0,Urban,56.3,2,SUV,9,16,No,2,Yes,Low,No,31-40
EV09559,31,Female,112098.0,Suburban,23.7,2,Hatchback,6,9,Yes,5,Yes,Low,No,31-40
EV09560,45,Female,109135.0,Urban,93.8,2,Sedan,4,6,Yes,5,No,Low,No,41-50
EV09561,55,Male,137353.0,Suburban,51.8,1,Truck,6,2,No,2,Yes,Medium,No,51-60
EV09562,34,Male,59688.0,Suburban,31.5,3,Sedan,7,3,No,3,Yes,Medium,No,31-40
EV09563,69,Male,76327.0,Rural,19.6,1,Hatchback,2,0,Yes,4,Yes,Low,No,61-70
EV09564,65,Female,145880.0,Rural,19.4,1,Sedan,1,0,Yes,4,Yes,Low,No,61-70
EV09565,51,Female,32217.0,Suburban,24.5,2,SUV,5,4,Yes,3,No,Low,No,51-60
EV09566,43,Female,76894.0,Rural,27.9,4,Sedan,0,2,Yes,1,Yes,Low,No,41-50
EV09567,49,Male,62300.0,Urban,21.1,2,Hatchback,12,4,No,2,Yes,Medium,No,41-50
EV09568,39,Female,91800.0,Urban,29.7,2,Hatchback,9,15,No,3,Yes,Low,No,31-40
EV09569,47,Male,119527.0,Urban,70.4,1,SUV,14,19,Yes,3,No,Low,No,41-50
EV09570,47,Female,154464.0,Suburban,86.9,2,SUV,4,6,Yes,2,Yes,Low,No,41-50
EV09571,29,Female,64514.0,Suburban,33.0,1,Sedan,4,8,Yes,2,Yes,Low,No,18-30
EV09572,34,Female,80526.0,Suburban,61.4,3,SUV,0,9,Yes,3,Yes,Low,No,31-40
EV09573,63,Female,114110.0,Suburban,60.5,2,Sedan,5,9,Yes,1,Yes,Low,No,61-70
EV09574,69,Female,39863.0,Suburban,12.1,2,SUV,1,9,Yes,3,Yes,Low,No,61-70
EV09575,52,Female,97322.0,Suburban,51.5,1,Truck,2,8,Yes,3,No,Low,No,51-60
EV09576,37,Female,45567.0,Urban,32.9,2,Hatchback,8,14,No,1,No,Medium,No,31-40
EV09577,27,Male,61190.0,Suburban,35.7,2,Hatchback,6,2,No,4,Yes,Low,No,18-30
EV09578,46,Female,132710.0,Urban,86.5,2,Sedan,2,14,Yes,3,No,Low,No,41-50
EV09579,64,Male,129131.0,Suburban,19.7,2,Sedan,1,2,Yes,4,Yes,Low,Yes,61-70
EV09580,50,Female,87634.0,Urban,5.0,2,SUV,11,13,Yes,4,No,Low,No,41-50
EV09581,26,Male,111303.0,Urban,71.8,2,Sedan,13,18,No,5,Yes,Low,Yes,18-30
EV09582,53,Male,68159.0,Suburban,31.8,2,Sedan,1,8,Yes,3,Yes,Low,Yes,51-60
EV09583,37,Female,103201.0,Suburban,27.6,1,SUV,3,8,Yes,1,No,Low,No,31-40
EV09584,39,Male,68249.0,Urban,17.9,1,SUV,12,6,No,3,Yes,Low,No,31-40
EV09585,36,Male,30000.0,Urban,58.9,2,SUV,13,8,No,1,Yes,Medium,No,31-40
EV09586,31,Male,81120.0,Suburban,62.1,2,Sedan,5,2,Yes,3,No,Low,No,31-40
EV09587,67,Male,55252.0,Rural,8.6,2,Sedan,1,3,Yes,5,Yes,Low,No,61-70
EV09588,28,Female,90735.0,Urban,67.4,2,SUV,6,9,Yes,1,No,Low,No,18-30
EV09589,63,Male,74830.0,Urban,5.0,1,SUV,11,7,Yes,4,Yes,Low,Yes,61-70
EV09590,33,Female,44909.0,Rural,6.1,2,Hatchback,0,0,Yes,1,No,Low,No,31-40
EV09591,39,Male,98185.0,Urban,44.9,1,Sedan,11,19,No,2,Yes,Medium,No,31-40
EV09592,42,Male,96739.0,Suburban,5.0,2,SUV,1,4,Yes,1,Yes,Low,No,41-50
EV09593,50,Male,82977.0,Urban,25.6,1,Sedan,14,17,No,4,Yes,Low,Yes,41-50
EV09594,30,Male,130279.0,Rural,47.4,1,Hatchback,1,1,Yes,3,No,Low,No,18-30
EV09595,58,Female,97486.0,Rural,49.7,2,SUV,0,0,No,3,Yes,High,No,51-60
EV09596,35,Female,64472.0,Suburban,85.2,1,SUV,5,6,No,5,Yes,Medium,No,31-40
EV09597,60,Male,81082.0,Suburban,10.5,3,Hatchback,7,7,Yes,2,Yes,Low,No,51-60
EV09598,44,Male,75342.0,Suburban,25.5,2,SUV,0,8,Yes,5,No,Low,Yes,41-50
EV09599,56,Female,118797.0,Suburban,48.8,1,SUV,0,7,Yes,5,Yes,Low,Yes,51-60
EV09600,49,Female,63538.0,Urban,82.1,1,SUV,14,16,No,1,Yes,Low,No,41-50
EV09601,68,Male,90465.0,Urban,55.4,1,Sedan,3,5,Yes,5,No,Low,No,61-70
EV09602,62,Female,49710.0,Suburban,5.0,1,SUV,6,8,Yes,5,Yes,Low,Yes,61-70
EV09603,63,Female,43405.0,Suburban,54.4,2,SUV,0,8,Yes,4,Yes,Low,No,61-70
EV09604,25,Female,69005.0,Suburban,40.2,3,SUV,5,5,Yes,1,Yes,Low,No,18-30
EV09605,46,Female,106831.0,Urban,37.6,1,Sedan,2,15,No,4,Yes,Low,Yes,41-50
EV09606,29,Male,41887.0,Urban,49.1,1,Truck,12,10,Yes,5,No,Low,No,18-30
EV09607,42,Female,60470.0,Urban,40.4,3,Sedan,9,6,No,1,Yes,Medium,No,41-50
EV09608,48,Female,94443.0,Urban,5.6,3,Sedan,8,18,Yes,2,No,Low,No,41-50
EV09609,36,Male,99776.0,Suburban,27.5,3,SUV,2,3,No,3,Yes,Medium,No,31-40
EV09610,33,Male,62378.0,Urban,14.2,2,SUV,8,18,Yes,5,Yes,Low,Yes,31-40
EV09611,53,Male,40228.0,Suburban,39.2,1,SUV,6,6,Yes,3,Yes,Low,No,51-60
EV09612,63,Male,47210.0,Suburban,65.6,2,Hatchback,7,2,No,4,Yes,Medium,No,61-70
EV09613,29,Female,110680.0,Urban,64.7,2,Hatchback,5,6,Yes,2,Yes,Low,No,18-30
EV09614,60,Female,67338.0,Suburban,49.5,1,SUV,5,3,Yes,5,No,Low,No,51-60
EV09615,51,Female,77447.0,Suburban,66.4,1,Hatchback,7,4,Yes,2,Yes,Low,No,51-60
EV09616,65,Female,50874.0,Suburban,20.7,1,SUV,1,4,Yes,5,Yes,Low,Yes,61-70
EV09617,36,Male,95395.0,Suburban,33.0,3,SUV,7,9,Yes,2,Yes,Low,No,31-40
EV09618,27,Female,126580.0,Urban,44.8,1,Hatchback,12,19,Yes,2,No,Low,No,18-30
EV09619,58,Female,108101.0,Rural,89.7,1,Hatchback,1,3,Yes,5,No,Low,Yes,51-60
EV09620,44,Male,87242.0,Urban,13.1,4,Hatchback,10,14,No,2,Yes,Low,No,41-50
EV09621,31,Female,82450.0,Urban,5.0,4,Hatchback,7,7,No,3,Yes,Low,No,31-40
EV09622,51,Male,57132.0,Suburban,30.5,1,Hatchback,3,4,Yes,1,Yes,Low,No,51-60
EV09623,60,Male,30000.0,Suburban,5.0,2,Truck,7,9,No,1,No,Low,No,51-60
EV09624,64,Male,99081.0,Suburban,64.3,1,SUV,1,8,No,3,Yes,High,No,61-70
EV09625,27,Female,58079.0,Suburban,44.9,1,Sedan,1,7,Yes,3,No,Low,No,18-30
EV09626,62,Female,51545.0,Suburban,42.0,2,Sedan,0,3,Yes,4,Yes,Low,No,61-70
EV09627,31,Male,84708.0,Urban,64.5,1,SUV,9,17,No,2,Yes,Low,Yes,31-40
EV09628,40,Male,56696.0,Urban,100.6,2,Sedan,14,18,Yes,1,Yes,Low,No,31-40
EV09629,31,Male,52599.0,Suburban,79.3,1,Sedan,1,8,Yes,1,No,Low,No,31-40
EV09630,39,Other,83448.0,Suburban,48.1,1,SUV,4,3,Yes,3,Yes,Low,Yes,31-40
EV09631,49,Female,36682.0,Suburban,9.8,2,Sedan,5,6,Yes,2,No,Low,No,41-50
EV09632,33,Female,101896.0,Suburban,49.1,2,SUV,7,9,Yes,3,No,Low,No,31-40
EV09633,57,Female,113858.0,Rural,52.3,3,Sedan,2,1,Yes,1,No,Low,No,51-60
EV09634,43,Female,61567.0,Suburban,17.1,2,Truck,2,8,Yes,5,No,Low,No,41-50
EV09635,58,Male,124644.0,Suburban,46.5,2,Sedan,2,2,Yes,4,Yes,Low,Yes,51-60
EV09636,42,Female,107104.0,Rural,52.3,2,SUV,2,3,Yes,3,Yes,Low,No,41-50
EV09637,50,Female,142419.0,Urban,50.3,1,Hatchback,12,17,Yes,3,Yes,Low,Yes,41-50
EV09638,46,Male,91436.0,Urban,37.2,2,Sedan,14,17,No,1,Yes,Low,No,41-50
EV09639,31,Other,61548.0,Suburban,36.7,1,Hatchback,1,5,Yes,3,Yes,Low,No,31-40
EV09640,50,Male,30000.0,Urban,48.9,1,Sedan,6,4,Yes,1,Yes,Low,No,41-50
EV09641,68,Female,49340.0,Urban,32.7,2,Hatchback,8,4,No,1,No,Medium,No,61-70
EV09642,67,Female,147696.0,Urban,8.6,2,Sedan,2,11,No,3,Yes,Low,Yes,61-70
EV09643,66,Female,119608.0,Suburban,15.4,2,Truck,0,1,Yes,2,No,Low,No,61-70
EV09644,37,Female,150597.0,Urban,54.1,2,SUV,13,5,Yes,1,No,Low,No,31-40
EV09645,32,Male,73566.0,Suburban,77.0,2,SUV,5,8,Yes,1,Yes,Low,No,31-40
EV09646,33,Female,130431.0,Suburban,5.0,2,Sedan,6,4,Yes,4,Yes,Low,Yes,31-40
EV09647,60,Male,84708.0,Urban,54.3,2,SUV,9,19,No,4,No,Low,Yes,51-60
EV09648,45,Male,66492.0,Urban,45.2,2,SUV,2,3,No,2,Yes,Medium,No,41-50
EV09649,37,Male,41416.0,Rural,66.9,1,Sedan,0,0,Yes,2,Yes,Low,No,31-40
EV09650,53,Female,133448.0,Suburban,100.2,1,Sedan,7,1,Yes,4,Yes,Low,No,51-60
EV09651,26,Female,68530.0,Urban,13.9,3,SUV,8,5,Yes,4,Yes,Low,Yes,18-30
EV09652,66,Female,124653.0,Urban,43.4,2,Sedan,14,8,Yes,5,No,Low,No,61-70
EV09653,36,Female,93973.0,Urban,47.6,2,SUV,11,16,No,5,Yes,Medium,Yes,31-40
EV09654,27,Male,57194.0,Suburban,24.8,2,Truck,3,3,Yes,2,Yes,Low,No,18-30
EV09655,27,Male,109131.0,Urban,49.6,1,SUV,10,6,Yes,5,No,Low,No,18-30
EV09656,69,Male,49729.0,Urban,44.0,2,SUV,13,18,No,4,No,Low,No,61-70
EV09657,36,Male,58590.0,Urban,48.2,1,SUV,13,4,No,3,Yes,Low,No,31-40
EV09658,53,Female,70039.0,Urban,79.8,1,Sedan,13,15,No,3,Yes,Medium,No,51-60
EV09659,40,Male,112534.0,Suburban,55.6,2,Sedan,2,2,Yes,5,Yes,Low,Yes,31-40
EV09660,49,Male,61596.0,Urban,32.1,4,Sedan,4,9,No,1,No,Medium,No,41-50
EV09661,43,Male,140380.0,Suburban,11.1,2,Sedan,4,9,Yes,3,Yes,Low,Yes,41-50
EV09662,31,Female,69961.0,Rural,43.6,1,SUV,0,2,Yes,5,No,Low,No,31-40
EV09663,25,Male,115356.0,Suburban,53.3,2,Sedan,1,8,Yes,4,No,Low,No,18-30
EV09664,63,Male,84708.0,Urban,71.7,1,Sedan,6,15,Yes,4,Yes,Low,Yes,61-70
EV09665,43,Female,41595.0,Urban,34.7,1,Sedan,5,18,No,3,No,Low,No,41-50
EV09666,46,Male,77805.0,Urban,39.9,2,Truck,6,9,Yes,5,Yes,Low,Yes,41-50
EV09667,44,Male,60644.0,Suburban,5.0,1,Truck,0,3,No,5,No,Medium,No,41-50
EV09668,45,Female,53605.0,Urban,35.6,1,Sedan,14,3,Yes,2,No,Low,No,41-50
EV09669,39,Male,97580.0,Suburban,5.0,1,Truck,0,7,Yes,3,Yes,Low,No,31-40
EV09670,62,Male,108057.0,Urban,5.0,1,SUV,2,18,No,2,Yes,Low,No,61-70
EV09671,64,Female,83755.0,Urban,64.5,3,Truck,4,14,No,1,Yes,Medium,No,61-70
EV09672,49,Female,86909.0,Suburban,23.0,1,Hatchback,0,2,Yes,1,Yes,Low,No,41-50
EV09673,50,Female,84708.0,Suburban,76.8,2,Sedan,6,5,Yes,1,Yes,Low,No,41-50
EV09674,37,Male,78911.0,Rural,5.0,1,Sedan,1,3,Yes,4,Yes,Low,No,31-40
EV09675,26,Female,119654.0,Urban,48.0,2,Sedan,3,19,Yes,3,Yes,Low,No,18-30
EV09676,41,Female,123053.0,Rural,40.8,3,SUV,0,3,Yes,2,No,Low,No,41-50
EV09677,52,Male,109504.0,Suburban,25.3,1,SUV,1,8,Yes,3,Yes,Low,Yes,51-60
EV09678,50,Other,54284.0,Suburban,74.5,1,SUV,2,7,Yes,2,Yes,Low,No,41-50
EV09679,65,Female,104694.0,Urban,69.8,2,Sedan,3,16,No,3,No,Low,No,61-70
EV09680,45,Female,60304.0,Rural,9.4,1,Sedan,1,0,Yes,3,Yes,Low,No,41-50
EV09681,52,Female,111447.0,Suburban,96.9,2,SUV,7,3,Yes,5,Yes,Low,Yes,51-60
EV09682,29,Female,67278.0,Rural,28.2,3,SUV,1,3,Yes,2,No,Low,No,18-30
EV09683,64,Male,52260.0,Rural,70.1,1,Sedan,1,1,Yes,4,Yes,Low,No,61-70
EV09684,30,Male,73129.0,Suburban,65.4,2,Hatchback,6,8,Yes,4,No,Low,No,18-30
EV09685,35,Female,78769.0,Urban,63.4,3,SUV,14,10,No,3,No,Low,No,31-40
EV09686,26,Male,88474.0,Urban,38.5,2,Sedan,13,4,No,1,No,Low,No,18-30
EV09687,65,Female,77743.0,Suburban,13.5,3,Sedan,3,2,Yes,5,Yes,Low,No,61-70
EV09688,66,Female,96526.0,Rural,50.5,1,Sedan,1,2,Yes,3,No,Low,No,61-70
EV09689,32,Female,147949.0,Urban,42.3,2,Sedan,12,9,Yes,5,Yes,Low,No,31-40
EV09690,26,Male,55300.0,Suburban,67.3,2,Sedan,7,1,Yes,3,Yes,Low,No,18-30
EV09691,32,Male,47656.0,Suburban,5.0,2,Hatchback,7,2,Yes,5,Yes,Low,Yes,31-40
EV09692,37,Female,101581.0,Rural,21.0,2,SUV,1,3,Yes,4,Yes,Low,No,31-40
EV09693,55,Female,95550.0,Urban,5.4,2,Sedan,9,10,No,3,Yes,Low,No,51-60
EV09694,58,Male,30000.0,Suburban,63.6,2,SUV,6,1,Yes,5,Yes,Low,No,51-60
EV09695,26,Female,34141.0,Urban,15.0,2,SUV,9,14,No,5,No,Low,No,18-30
EV09696,67,Male,121907.0,Suburban,12.4,1,Sedan,0,7,Yes,1,No,Low,No,61-70
EV09697,57,Female,105096.0,Suburban,87.2,2,SUV,4,8,Yes,2,Yes,Low,No,51-60
EV09698,56,Male,89354.0,Urban,59.7,3,SUV,10,15,No,3,Yes,Medium,No,51-60
EV09699,32,Male,73384.0,Urban,67.1,2,Sedan,5,10,Yes,3,Yes,Low,Yes,31-40
EV09700,56,Female,64728.0,Urban,38.0,2,Truck,4,14,Yes,1,Yes,Low,No,51-60
EV09701,32,Female,90967.0,Urban,76.4,1,Truck,3,10,No,3,Yes,Low,No,31-40
EV09702,68,Male,144649.0,Urban,60.4,1,Sedan,2,5,Yes,1,Yes,Low,No,61-70
EV09703,50,Female,61481.0,Urban,43.7,2,SUV,2,7,Yes,3,No,Low,No,41-50
EV09704,40,Male,94167.0,Suburban,65.2,1,Sedan,3,4,Yes,4,Yes,Low,Yes,31-40
EV09705,62,Male,106347.0,Urban,44.0,2,Truck,7,11,Yes,3,Yes,Low,No,61-70
EV09706,55,Male,100863.0,Urban,74.6,3,Sedan,12,5,No,2,No,Low,No,51-60
EV09707,45,Female,82436.0,Urban,41.9,1,SUV,2,7,No,2,Yes,Medium,No,41-50
EV09708,49,Female,83604.0,Suburban,27.0,2,Sedan,2,7,Yes,1,No,Low,No,41-50
EV09709,37,Female,91209.0,Rural,21.6,2,Sedan,1,0,Yes,4,Yes,Low,No,31-40
EV09710,54,Female,70196.0,Urban,62.9,2,Sedan,7,15,No,2,Yes,Low,No,51-60
EV09711,29,Female,63787.0,Urban,65.6,1,SUV,13,15,No,2,Yes,Low,No,18-30
EV09712,47,Female,119463.0,Urban,13.6,1,Sedan,6,11,No,1,Yes,Low,No,41-50
EV09713,35,Female,50045.0,Suburban,5.0,1,Sedan,6,8,Yes,4,Yes,Low,No,31-40
EV09714,67,Female,40465.0,Urban,70.2,1,Sedan,7,8,No,2,Yes,Medium,No,61-70
EV09715,44,Female,80795.0,Suburban,40.4,1,Sedan,6,4,Yes,4,No,Low,No,41-50
EV09716,59,Male,115395.0,Suburban,33.3,1,SUV,0,5,No,1,No,Low,No,51-60
EV09717,46,Female,56025.0,Urban,12.1,1,SUV,9,14,No,1,No,Low,No,41-50
EV09718,54,Female,93280.0,Urban,51.2,2,Hatchback,7,14,No,3,Yes,Low,No,51-60
EV09719,68,Male,89296.0,Suburban,81.0,1,Truck,0,5,Yes,1,No,Low,No,61-70
EV09720,36,Female,41902.0,Urban,86.2,2,Hatchback,7,3,No,5,No,High,No,31-40
EV09721,26,Male,80731.0,Urban,6.9,3,Truck,12,13,No,4,No,Low,No,18-30
EV09722,62,Male,165055.0,Suburban,5.0,3,SUV,2,3,Yes,3,No,Low,No,61-70
EV09723,62,Female,75313.0,Suburban,22.9,2,SUV,7,8,Yes,2,Yes,Low,No,61-70
EV09724,25,Female,50824.0,Suburban,28.7,1,Hatchback,6,9,Yes,3,No,Low,No,18-30
EV09725,58,Female,105605.0,Rural,28.8,2,Sedan,0,3,Yes,2,No,Low,No,51-60
EV09726,31,Female,108549.0,Suburban,48.1,2,Hatchback,0,6,Yes,1,Yes,Low,No,31-40
EV09727,33,Male,106094.0,Urban,38.6,1,Truck,10,4,No,2,Yes,Low,No,31-40
EV09728,45,Female,153792.0,Suburban,44.0,1,Sedan,1,9,Yes,3,No,Low,No,41-50
EV09729,52,Female,36172.0,Urban,55.1,1,Sedan,3,15,Yes,1,No,Low,No,51-60
EV09730,54,Female,62431.0,Rural,27.3,2,SUV,2,2,Yes,1,Yes,Low,No,51-60
EV09731,31,Female,71803.0,Urban,16.0,3,Sedan,5,9,No,3,Yes,Low,No,31-40
EV09732,60,Male,156516.0,Rural,5.0,4,Sedan,2,2,Yes,2,Yes,Low,No,51-60
EV09733,37,Other,83204.0,Suburban,35.1,2,Hatchback,1,4,No,4,No,Medium,No,31-40
EV09734,55,Female,117576.0,Suburban,25.2,1,Hatchback,7,3,Yes,1,Yes,Low,No,51-60
EV09735,32,Male,32243.0,Urban,56.7,2,Hatchback,13,8,Yes,4,Yes,Low,No,31-40
EV09736,35,Male,91015.0,Rural,15.8,2,Sedan,0,0,Yes,2,Yes,Low,No,31-40
EV09737,44,Male,30000.0,Urban,15.0,1,Sedan,4,11,Yes,4,Yes,Low,Yes,41-50
EV09738,27,Male,87779.0,Urban,22.0,3,Sedan,3,11,No,3,Yes,Low,No,18-30
EV09739,47,Female,100943.0,Urban,51.7,1,Sedan,5,9,Yes,3,No,Low,No,41-50
EV09740,27,Female,170710.0,Urban,90.2,3,SUV,4,17,No,5,No,Medium,No,18-30
EV09741,66,Male,70293.0,Urban,10.4,1,Sedan,8,16,Yes,5,Yes,Low,Yes,61-70
EV09742,52,Female,93023.0,Urban,41.6,2,SUV,13,18,No,4,Yes,Low,Yes,51-60
EV09743,52,Female,49131.0,Urban,56.7,3,SUV,7,6,Yes,2,Yes,Low,No,51-60
EV09744,25,Female,41933.0,Suburban,36.4,3,Sedan,2,1,Yes,3,Yes,Low,No,18-30
EV09745,41,Male,32999.0,Urban,5.0,1,Sedan,7,13,Yes,3,Yes,Low,No,41-50
EV09746,40,Female,47610.0,Rural,69.9,3,SUV,0,0,Yes,5,Yes,Low,Yes,31-40
EV09747,52,Female,75634.0,Urban,44.5,2,Sedan,12,16,Yes,5,Yes,Low,Yes,51-60
EV09748,29,Male,126087.0,Urban,16.5,2,SUV,2,6,No,1,Yes,Low,No,18-30
EV09749,39,Male,96214.0,Urban,54.2,4,Sedan,12,11,No,5,No,Low,No,31-40
EV09750,51,Female,90957.0,Suburban,16.2,4,SUV,1,9,Yes,1,Yes,Low,No,51-60
EV09751,43,Male,81483.0,Suburban,21.2,3,SUV,5,2,Yes,5,Yes,Low,No,41-50
EV09752,55,Female,50490.0,Rural,48.1,2,Hatchback,2,2,Yes,3,Yes,Low,No,51-60
EV09753,55,Male,74981.0,Suburban,33.5,3,SUV,3,8,Yes,2,Yes,Low,No,51-60
EV09754,30,Female,72965.0,Urban,54.3,1,Sedan,5,13,No,1,Yes,Low,No,18-30
EV09755,56,Female,150274.0,Urban,34.5,2,SUV,14,13,Yes,4,Yes,Low,No,51-60
EV09756,37,Female,91987.0,Suburban,45.5,3,Hatchback,0,2,Yes,4,Yes,Low,Yes,31-40
EV09757,42,Male,88383.0,Suburban,29.9,1,Hatchback,3,5,No,1,No,High,No,41-50
EV09758,43,Male,155916.0,Rural,47.1,4,SUV,0,0,No,5,Yes,High,No,41-50
EV09759,35,Male,89240.0,Suburban,17.8,1,Hatchback,7,1,Yes,2,No,Low,No,31-40
EV09760,38,Female,87085.0,Urban,51.9,2,SUV,7,9,No,5,Yes,Low,Yes,31-40
EV09761,57,Female,32910.0,Urban,15.9,2,Truck,5,14,Yes,3,Yes,Low,No,51-60
EV09762,69,Female,89598.0,Rural,26.9,1,Hatchback,1,3,No,2,Yes,Medium,No,61-70
EV09763,63,Female,119237.0,Urban,27.0,2,SUV,10,15,Yes,3,Yes,Low,No,61-70
EV09764,69,Female,85629.0,Suburban,25.7,2,SUV,7,1,Yes,5,No,Low,No,61-70
EV09765,40,Female,59971.0,Urban,81.0,2,Sedan,5,5,Yes,2,No,Low,No,31-40
EV09766,38,Female,84708.0,Urban,45.1,1,SUV,8,6,No,3,No,Medium,No,31-40
EV09767,56,Male,96468.0,Urban,54.5,2,SUV,4,17,Yes,5,No,Low,No,51-60
EV09768,69,Female,68592.0,Urban,78.5,1,SUV,10,10,No,3,Yes,Low,No,61-70
EV09769,62,Male,57228.0,Urban,89.5,2,Sedan,4,10,Yes,2,No,Low,No,61-70
EV09770,36,Male,30000.0,Suburban,66.5,2,Truck,0,7,Yes,4,Yes,Medium,No,31-40
EV09771,59,Male,86236.0,Suburban,57.6,2,Sedan,4,3,Yes,3,No,Low,No,51-60
EV09772,39,Male,99451.0,Urban,69.4,1,Truck,8,11,Yes,2,Yes,Low,No,31-40
EV09773,25,Male,110554.0,Suburban,60.6,1,SUV,4,9,Yes,1,Yes,Low,No,18-30
EV09774,68,Female,114428.0,Suburban,5.0,1,SUV,0,3,Yes,1,Yes,Low,No,61-70
EV09775,31,Male,112032.0,Rural,27.9,1,SUV,2,2,Yes,3,Yes,Low,Yes,31-40
EV09776,58,Female,47215.0,Urban,53.2,1,Sedan,10,8,No,4,No,Low,No,51-60
EV09777,59,Female,69821.0,Suburban,56.9,2,SUV,5,5,Yes,1,No,Low,No,51-60
EV09778,44,Female,83038.0,Urban,39.8,3,Hatchback,11,19,No,4,No,Low,No,41-50
EV09779,52,Male,146300.0,Urban,40.2,3,SUV,6,15,Yes,5,No,Low,No,51-60
EV09780,44,Male,78202.0,Urban,17.3,2,Hatchback,9,6,No,5,No,Low,No,41-50
EV09781,52,Female,108093.0,Urban,31.4,2,SUV,10,11,Yes,3,Yes,Low,No,51-60
EV09782,31,Female,94699.0,Rural,53.5,1,SUV,0,0,Yes,5,No,Low,No,31-40
EV09783,37,Female,83973.0,Rural,5.0,2,Hatchback,0,0,Yes,1,Yes,Low,No,31-40
EV09784,65,Female,70063.0,Rural,48.4,2,Sedan,0,0,Yes,2,No,Low,No,61-70
EV09785,33,Male,88503.0,Urban,36.4,1,SUV,10,10,Yes,2,No,Low,No,31-40
EV09786,51,Other,90912.0,Suburban,36.6,1,Hatchback,0,2,No,3,Yes,Medium,No,51-60
EV09787,42,Male,96862.0,Urban,22.0,1,Truck,12,19,Yes,5,Yes,Low,No,41-50
EV09788,54,Male,30000.0,Urban,59.9,1,Sedan,3,13,No,2,Yes,Medium,No,51-60
EV09789,66,Female,100866.0,Urban,81.1,2,SUV,5,10,No,5,No,Low,Yes,61-70
EV09790,31,Male,87801.0,Suburban,60.6,2,Truck,3,7,No,2,No,Low,No,31-40
EV09791,58,Male,45115.0,Rural,20.7,2,Sedan,1,2,No,4,Yes,Medium,No,51-60
EV09792,53,Female,93998.0,Suburban,69.9,1,Hatchback,4,7,Yes,3,No,Low,No,51-60
EV09793,26,Female,69434.0,Urban,135.5,1,SUV,13,4,Yes,3,No,Low,No,18-30
EV09794,43,Male,135776.0,Suburban,76.0,3,SUV,3,9,Yes,2,Yes,Low,No,41-50
EV09795,49,Male,35982.0,Suburban,51.6,1,SUV,5,9,Yes,4,Yes,Low,Yes,41-50
EV09796,32,Male,104236.0,Rural,18.6,1,Sedan,2,0,Yes,2,No,Low,No,31-40
EV09797,53,Male,106654.0,Urban,37.6,2,SUV,8,15,Yes,1,Yes,Low,No,51-60
EV09798,69,Male,58813.0,Urban,5.5,1,SUV,11,6,Yes,4,Yes,Low,No,61-70
EV09799,36,Female,102156.0,Urban,26.6,1,Sedan,3,18,Yes,4,No,Low,No,31-40
EV09800,48,Male,59901.0,Urban,52.5,2,Sedan,14,13,No,4,Yes,Low,No,41-50
EV09801,67,Male,63017.0,Suburban,49.3,1,Sedan,7,3,Yes,5,Yes,Low,No,61-70
EV09802,28,Male,100105.0,Rural,5.0,1,Hatchback,0,0,Yes,1,Yes,Low,No,18-30
EV09803,59,Male,88097.0,Rural,49.4,1,SUV,0,2,No,4,Yes,Medium,No,51-60
EV09804,57,Male,63002.0,Rural,63.7,2,Sedan,1,3,Yes,1,No,Low,No,51-60
EV09805,32,Male,119892.0,Suburban,57.2,1,Sedan,1,7,Yes,5,No,Low,No,31-40
EV09806,50,Male,94415.0,Suburban,35.8,2,Sedan,7,8,Yes,2,No,Low,No,41-50
EV09807,46,Female,128766.0,Rural,14.1,1,Sedan,1,1,Yes,5,Yes,Low,No,41-50
EV09808,29,Male,74739.0,Urban,52.6,2,Sedan,8,10,No,5,Yes,Low,Yes,18-30
EV09809,39,Female,127307.0,Urban,11.0,2,SUV,7,11,No,3,No,Low,No,31-40
EV09810,25,Female,112812.0,Rural,58.2,2,SUV,2,0,Yes,2,Yes,Medium,No,18-30
EV09811,69,Female,57390.0,Suburban,5.0,2,Hatchback,2,7,Yes,3,Yes,Low,No,61-70
EV09812,36,Female,101084.0,Rural,76.9,2,Truck,2,2,Yes,1,No,Low,No,31-40
EV09813,67,Female,56882.0,Urban,8.2,1,Sedan,3,16,No,2,Yes,Low,No,61-70
EV09814,47,Male,76943.0,Rural,33.4,3,Sedan,2,2,No,2,No,Medium,No,41-50
EV09815,67,Male,43147.0,Suburban,57.4,1,Sedan,5,8,No,1,Yes,Low,No,61-70
EV09816,32,Female,90355.0,Urban,20.8,2,SUV,2,18,No,4,No,Medium,No,31-40
EV09817,37,Male,99800.0,Urban,40.2,2,Truck,4,10,No,5,Yes,Medium,No,31-40
EV09818,53,Female,103364.0,Urban,16.3,2,Sedan,2,16,Yes,2,Yes,Low,No,51-60
EV09819,39,Male,99089.0,Urban,6.0,1,SUV,13,10,Yes,2,No,Low,No,31-40
EV09820,26,Female,206172.0,Suburban,69.2,1,SUV,5,5,Yes,4,Yes,Low,Yes,18-30
EV09821,40,Male,86831.0,Urban,41.1,1,SUV,5,19,Yes,2,Yes,Low,No,31-40
EV09822,38,Other,30000.0,Urban,40.8,1,SUV,14,12,Yes,1,No,Low,No,31-40
EV09823,55,Male,71395.0,Suburban,5.0,2,SUV,0,4,Yes,1,Yes,Low,No,51-60
EV09824,69,Male,70869.0,Urban,26.6,2,SUV,11,18,No,2,Yes,Medium,No,61-70
EV09825,48,Female,49645.0,Urban,19.8,1,Sedan,3,10,No,4,Yes,Low,No,41-50
EV09826,35,Female,78612.0,Urban,16.7,2,Hatchback,10,18,Yes,5,Yes,Low,Yes,31-40
EV09827,59,Male,80846.0,Suburban,47.4,1,Sedan,2,2,Yes,4,Yes,Low,No,51-60
EV09828,34,Male,93021.0,Urban,36.7,1,SUV,2,18,No,4,No,Low,No,31-40
EV09829,38,Female,34901.0,Suburban,33.5,1,Sedan,2,4,Yes,3,Yes,Low,No,31-40
EV09830,48,Female,54816.0,Suburban,30.3,2,Sedan,4,9,Yes,5,Yes,Low,Yes,41-50
EV09831,54,Male,94619.0,Suburban,31.8,1,Hatchback,4,8,Yes,5,Yes,Low,Yes,51-60
EV09832,51,Female,125033.0,Urban,45.1,1,SUV,7,12,Yes,1,Yes,Low,No,51-60
EV09833,60,Male,81922.0,Urban,20.9,2,Sedan,11,12,No,3,Yes,Low,No,51-60
EV09834,56,Female,124479.0,Urban,50.0,2,SUV,11,11,No,3,Yes,Low,Yes,51-60
EV09835,58,Male,84012.0,Suburban,26.0,2,SUV,7,5,Yes,4,No,Low,No,51-60
EV09836,59,Female,30000.0,Urban,18.1,2,SUV,6,17,No,4,Yes,Low,No,51-60
EV09837,28,Male,143857.0,Urban,67.1,1,SUV,8,10,Yes,1,Yes,Low,No,18-30
EV09838,65,Male,94424.0,Suburban,35.8,1,SUV,4,1,Yes,5,No,Low,No,61-70
EV09839,44,Male,77040.0,Urban,65.5,2,SUV,5,18,No,4,Yes,Medium,No,41-50
EV09840,37,Male,81324.0,Urban,37.2,1,Hatchback,6,17,No,5,Yes,Low,No,31-40
EV09841,39,Male,33636.0,Urban,67.1,2,SUV,3,5,Yes,2,No,Low,No,31-40
EV09842,67,Male,53433.0,Urban,70.9,3,Sedan,9,10,No,3,Yes,Medium,No,61-70
EV09843,27,Male,82257.0,Suburban,33.1,2,Hatchback,6,4,Yes,3,Yes,Low,No,18-30
EV09844,44,Male,103445.0,Urban,88.5,1,SUV,13,7,No,1,Yes,Medium,No,41-50
EV09845,53,Female,62623.0,Rural,55.0,2,SUV,2,0,Yes,1,No,Low,No,51-60
EV09846,39,Female,84708.0,Urban,44.1,1,SUV,10,3,Yes,2,No,Low,No,31-40
EV09847,64,Male,54362.0,Rural,5.0,2,Hatchback,0,1,Yes,2,No,Low,No,61-70
EV09848,40,Female,116662.0,Urban,17.1,2,SUV,4,12,Yes,1,Yes,Low,No,31-40
EV09849,30,Female,80075.0,Urban,62.9,1,Truck,6,18,Yes,2,No,Low,No,18-30
EV09850,28,Male,63818.0,Urban,5.0,2,SUV,7,18,No,5,Yes,Low,Yes,18-30
EV09851,34,Male,89700.0,Suburban,31.3,1,Sedan,2,8,Yes,5,Yes,Low,No,31-40
EV09852,58,Male,83393.0,Rural,5.0,1,Truck,1,0,Yes,3,Yes,Low,No,51-60
EV09853,30,Male,41307.0,Urban,26.9,2,Sedan,11,19,Yes,5,Yes,Low,No,18-30
EV09854,25,Male,91418.0,Suburban,9.9,1,SUV,6,3,Yes,3,No,Low,No,18-30
EV09855,46,Male,119816.0,Rural,19.5,1,Sedan,2,2,Yes,4,Yes,Low,Yes,41-50
EV09856,67,Female,53871.0,Urban,43.7,1,Hatchback,14,17,No,5,Yes,Low,Yes,61-70
EV09857,44,Other,41872.0,Urban,31.9,1,SUV,3,5,No,5,Yes,Low,No,41-50
EV09858,48,Male,131285.0,Suburban,71.1,2,SUV,7,9,Yes,3,Yes,Low,No,41-50
EV09859,42,Male,98063.0,Suburban,69.0,1,Sedan,5,2,Yes,2,Yes,Low,No,41-50
EV09860,25,Male,70895.0,Rural,5.0,1,Hatchback,1,1,Yes,4,Yes,Low,No,18-30
EV09861,30,Female,71834.0,Urban,82.9,2,SUV,14,10,No,1,Yes,Low,No,18-30
EV09862,55,Male,103752.0,Rural,64.1,1,SUV,0,3,Yes,4,Yes,Low,No,51-60
EV09863,61,Female,73420.0,Urban,51.2,1,Truck,9,16,No,2,No,Medium,No,61-70
EV09864,60,Female,47631.0,Urban,87.4,2,Sedan,9,18,No,2,Yes,Medium,No,51-60
EV09865,62,Female,30000.0,Urban,66.0,2,Sedan,9,8,No,1,Yes,Medium,No,61-70
EV09866,38,Male,80477.0,Urban,48.5,1,Sedan,5,10,Yes,3,Yes,Low,No,31-40
EV09867,41,Female,151070.0,Suburban,32.0,1,SUV,1,8,No,4,No,Medium,No,41-50
EV09868,37,Male,30000.0,Rural,45.9,2,Sedan,0,3,Yes,1,Yes,Low,No,31-40
EV09869,56,Female,117198.0,Urban,57.1,2,Sedan,10,10,No,5,No,Low,No,51-60
EV09870,64,Female,93536.0,Urban,50.7,2,Sedan,5,4,Yes,2,Yes,Low,No,61-70
EV09871,60,Male,90251.0,Urban,35.3,1,SUV,5,16,Yes,5,Yes,Low,No,51-60
EV09872,58,Male,91112.0,Urban,57.9,1,SUV,12,5,No,1,Yes,Medium,No,51-60
EV09873,40,Female,126537.0,Rural,5.0,2,Sedan,1,3,No,4,No,Medium,No,31-40
EV09874,48,Female,30000.0,Rural,41.8,1,Truck,0,0,Yes,1,Yes,Low,No,41-50
EV09875,28,Female,57035.0,Suburban,41.6,1,Sedan,3,8,Yes,5,Yes,Low,No,18-30
EV09876,44,Male,66667.0,Suburban,50.0,2,Sedan,6,6,Yes,4,Yes,Low,No,41-50
EV09877,66,Female,114918.0,Rural,76.9,1,Sedan,1,2,Yes,4,No,Low,No,61-70
EV09878,51,Male,61910.0,Urban,63.9,1,SUV,3,7,Yes,5,Yes,Low,No,51-60
EV09879,43,Male,141115.0,Suburban,18.5,2,Sedan,1,6,No,4,No,Medium,No,41-50
EV09880,65,Male,30000.0,Rural,100.8,3,Sedan,1,2,Yes,4,No,Medium,No,61-70
EV09881,30,Female,61233.0,Urban,28.4,3,Sedan,3,5,No,2,Yes,Low,No,18-30
EV09882,28,Male,89387.0,Rural,66.6,3,Sedan,2,1,Yes,2,Yes,Low,No,18-30
EV09883,39,Male,64575.0,Urban,49.0,3,Hatchback,9,3,Yes,5,Yes,Low,No,31-40
EV09884,41,Female,94328.0,Urban,8.9,2,Sedan,5,8,No,5,Yes,Medium,No,41-50
EV09885,64,Male,51498.0,Rural,24.8,1,Sedan,1,2,Yes,4,No,Low,No,61-70
EV09886,32,Female,73949.0,Suburban,68.3,4,SUV,5,3,Yes,5,No,Low,No,31-40
EV09887,55,Male,108742.0,Suburban,5.0,2,SUV,2,6,Yes,4,Yes,Low,No,51-60
EV09888,35,Male,56845.0,Urban,12.7,4,SUV,7,17,No,2,Yes,Low,No,31-40
EV09889,50,Male,57348.0,Urban,8.6,4,Sedan,14,16,Yes,2,Yes,Low,No,41-50
EV09890,64,Female,79094.0,Suburban,31.5,4,Sedan,4,7,Yes,2,No,Low,No,61-70
EV09891,66,Female,30000.0,Suburban,58.4,3,Sedan,2,8,No,3,Yes,Medium,No,61-70
EV09892,35,Female,86029.0,Suburban,67.5,4,Hatchback,3,1,Yes,1,Yes,Low,No,31-40
EV09893,54,Male,47017.0,Suburban,29.5,2,SUV,3,3,Yes,4,Yes,Low,No,51-60
EV09894,36,Male,111523.0,Urban,64.0,2,SUV,11,9,No,1,Yes,Low,No,31-40
EV09895,61,Male,123870.0,Urban,17.2,2,SUV,5,7,No,5,Yes,Low,No,61-70
EV09896,62,Male,130879.0,Urban,34.3,1,SUV,4,11,Yes,5,Yes,Low,Yes,61-70
EV09897,68,Male,50358.0,Urban,31.6,3,SUV,11,4,No,1,No,Medium,No,61-70
EV09898,60,Male,46779.0,Urban,44.5,1,Sedan,7,13,No,4,Yes,Medium,No,51-60
EV09899,54,Female,71295.0,Urban,22.0,1,Sedan,2,5,Yes,1,Yes,Low,No,51-60
EV09900,37,Female,120035.0,Suburban,20.3,2,Sedan,5,6,No,5,No,Low,No,31-40
EV09901,30,Female,123484.0,Suburban,10.0,2,SUV,6,1,Yes,2,No,Low,No,18-30
EV09902,52,Female,102281.0,Suburban,12.1,2,Sedan,3,3,No,3,Yes,Low,No,51-60
EV09903,60,Female,82386.0,Urban,67.7,2,SUV,3,10,No,2,No,Medium,No,51-60
EV09904,36,Male,119346.0,Urban,36.9,1,SUV,9,8,No,2,No,Low,No,31-40
EV09905,53,Female,90050.0,Urban,38.1,2,Sedan,4,5,Yes,2,No,Low,No,51-60
EV09906,31,Male,90739.0,Urban,73.4,1,SUV,7,19,Yes,3,Yes,Low,Yes,31-40
EV09907,35,Male,51279.0,Suburban,60.0,4,Sedan,7,1,Yes,4,Yes,Low,No,31-40
EV09908,59,Female,35341.0,Urban,73.4,1,Sedan,13,5,Yes,1,Yes,Low,No,51-60
EV09909,68,Male,133823.0,Suburban,55.9,2,Hatchback,0,5,Yes,5,No,Low,No,61-70
EV09910,55,Male,30000.0,Urban,58.0,2,SUV,14,8,Yes,2,No,Low,No,51-60
EV09911,33,Female,94701.0,Urban,59.4,1,Hatchback,9,11,Yes,1,Yes,Low,No,31-40
EV09912,32,Female,98265.0,Urban,58.6,1,SUV,2,10,No,5,No,Low,No,31-40
EV09913,48,Male,112804.0,Urban,34.8,1,SUV,11,16,No,3,Yes,Low,No,41-50
EV09914,41,Male,77274.0,Urban,30.3,2,SUV,3,15,No,4,Yes,Low,No,41-50
EV09915,50,Female,85174.0,Suburban,80.5,3,Sedan,4,5,Yes,1,No,Low,No,41-50
EV09916,65,Male,72429.0,Urban,93.9,1,Sedan,5,8,No,3,No,Medium,No,61-70
EV09917,47,Male,58577.0,Urban,59.0,2,Truck,10,6,Yes,1,Yes,Low,No,41-50
EV09918,67,Male,101229.0,Urban,35.6,1,Hatchback,12,18,Yes,5,No,Low,No,61-70
EV09919,33,Male,93183.0,Urban,70.7,2,Sedan,9,17,Yes,3,Yes,Low,Yes,31-40
EV09920,66,Male,58652.0,Suburban,60.5,1,Hatchback,1,6,Yes,4,Yes,Low,Yes,61-70
EV09921,38,Female,72760.0,Suburban,55.9,2,Sedan,0,6,Yes,1,No,Low,No,31-40
EV09922,58,Female,74313.0,Suburban,19.2,1,Sedan,0,1,No,2,No,Low,No,51-60
EV09923,58,Male,50345.0,Suburban,5.0,1,SUV,7,6,No,3,Yes,Medium,No,51-60
EV09924,56,Male,77582.0,Suburban,16.0,1,SUV,7,6,Yes,3,Yes,Low,No,51-60
EV09925,65,Male,189189.0,Suburban,32.2,1,Sedan,6,8,No,1,Yes,Medium,No,61-70
EV09926,48,Female,92813.0,Urban,41.9,1,Sedan,9,11,Yes,1,Yes,Low,No,41-50
EV09927,51,Female,110085.0,Urban,55.2,2,Sedan,3,12,No,3,No,Low,No,51-60
EV09928,31,Female,43860.0,Suburban,20.8,1,Sedan,1,3,Yes,2,Yes,Low,No,31-40
EV09929,57,Male,65607.0,Rural,16.3,2,Truck,2,2,Yes,3,No,Low,No,51-60
EV09930,69,Female,109320.0,Urban,5.0,2,Sedan,9,4,No,3,Yes,Low,Yes,61-70
EV09931,49,Male,73132.0,Suburban,53.1,4,SUV,0,8,Yes,4,No,Low,No,41-50
EV09932,64,Male,113067.0,Rural,30.9,1,Sedan,0,3,Yes,1,Yes,Low,Yes,61-70
EV09933,52,Female,42131.0,Rural,28.9,2,SUV,0,1,Yes,4,No,Low,No,51-60
EV09934,41,Male,31365.0,Suburban,40.0,2,Sedan,3,1,Yes,3,Yes,Low,No,41-50
EV09935,48,Male,53327.0,Urban,49.6,3,Hatchback,14,16,Yes,3,Yes,Low,Yes,41-50
EV09936,36,Male,61380.0,Suburban,27.2,4,Sedan,3,2,Yes,3,Yes,Low,No,31-40
EV09937,56,Female,46538.0,Rural,27.2,1,Sedan,2,3,Yes,5,Yes,Low,Yes,51-60
EV09938,25,Female,69322.0,Rural,49.8,2,Sedan,1,2,Yes,1,No,Low,No,18-30
EV09939,62,Female,96468.0,Suburban,23.6,1,Sedan,5,8,Yes,3,Yes,Low,No,61-70
EV09940,32,Female,75165.0,Suburban,30.3,3,Sedan,5,8,Yes,4,Yes,Low,Yes,31-40
EV09941,68,Male,78093.0,Urban,7.6,1,SUV,10,18,No,2,No,Low,No,61-70
EV09942,51,Male,137005.0,Urban,39.5,2,Truck,10,12,No,3,Yes,Medium,No,51-60
EV09943,51,Male,106065.0,Urban,11.1,1,Sedan,2,17,Yes,5,Yes,Low,Yes,51-60
EV09944,26,Male,99622.0,Urban,57.5,2,SUV,14,11,No,4,Yes,Low,No,18-30
EV09945,58,Female,66506.0,Suburban,20.6,2,Sedan,0,9,No,3,Yes,Medium,No,51-60
EV09946,30,Male,76543.0,Urban,45.3,1,Sedan,14,14,No,3,No,Low,No,18-30
EV09947,25,Male,86720.0,Rural,21.7,1,Hatchback,1,3,Yes,4,Yes,Low,Yes,18-30
EV09948,41,Male,71164.0,Urban,14.2,3,Sedan,6,15,Yes,5,No,Low,No,41-50
EV09949,35,Female,91607.0,Suburban,82.0,2,SUV,4,5,Yes,3,No,Low,Yes,31-40
EV09950,39,Male,115509.0,Suburban,38.1,1,Sedan,0,4,No,5,Yes,Low,Yes,31-40
EV09951,38,Male,144806.0,Urban,5.0,3,SUV,14,15,No,1,Yes,Low,Yes,31-40
EV09952,50,Male,84708.0,Urban,62.3,1,Hatchback,12,12,No,1,Yes,Low,No,41-50
EV09953,31,Male,128555.0,Suburban,10.8,1,SUV,0,8,No,1,No,Medium,No,31-40
EV09954,36,Female,33596.0,Urban,36.4,1,Sedan,3,13,Yes,4,No,Low,No,31-40
EV09955,27,Female,96912.0,Urban,26.6,1,Hatchback,11,11,Yes,4,No,Low,No,18-30
EV09956,59,Male,94341.0,Suburban,70.0,4,SUV,6,2,No,1,Yes,Low,No,51-60
EV09957,50,Male,115275.0,Suburban,5.0,2,Sedan,6,8,Yes,2,No,Low,No,41-50
EV09958,53,Female,106442.0,Suburban,59.3,2,Sedan,5,9,No,1,No,Low,No,51-60
EV09959,61,Female,92882.0,Urban,32.7,2,Sedan,3,11,No,3,No,Medium,No,61-70
EV09960,51,Female,91518.0,Rural,63.0,2,Sedan,0,1,Yes,5,No,Medium,No,51-60
EV09961,67,Female,119154.0,Urban,34.4,1,Sedan,5,6,No,5,No,Medium,No,61-70
EV09962,32,Female,53996.0,Suburban,45.3,3,Sedan,6,8,No,4,Yes,Low,Yes,31-40
EV09963,32,Male,86270.0,Urban,99.2,1,Hatchback,5,6,Yes,2,Yes,Low,No,31-40
EV09964,39,Female,83307.0,Rural,5.0,2,Sedan,1,2,Yes,1,Yes,Low,No,31-40
EV09965,65,Female,101766.0,Urban,13.2,3,Sedan,13,4,Yes,5,Yes,Low,No,61-70
EV09966,57,Female,107268.0,Suburban,10.3,1,Hatchback,5,2,Yes,5,No,Low,No,51-60
EV09967,45,Male,53972.0,Urban,48.0,2,Sedan,2,10,No,1,No,Low,No,41-50
EV09968,27,Male,105130.0,Rural,14.7,4,Sedan,1,3,Yes,3,Yes,Low,No,18-30
EV09969,53,Female,116400.0,Rural,84.3,1,Sedan,1,0,Yes,2,No,Low,No,51-60
EV09970,66,Female,86991.0,Urban,12.4,1,Sedan,11,6,No,5,Yes,Low,Yes,61-70
EV09971,28,Male,177016.0,Urban,12.4,2,SUV,4,6,No,5,No,Medium,No,18-30
EV09972,48,Male,43858.0,Urban,37.0,3,Hatchback,2,10,No,2,No,Medium,No,41-50
EV09973,33,Female,95708.0,Rural,24.3,2,Sedan,0,3,Yes,1,No,Low,No,31-40
EV09974,55,Female,112562.0,Rural,84.0,1,Truck,1,1,No,3,Yes,High,No,51-60
EV09975,34,Male,52506.0,Suburban,34.5,4,SUV,7,2,No,3,Yes,High,No,31-40
EV09976,43,Female,122349.0,Rural,21.3,2,Sedan,0,1,Yes,1,Yes,Low,No,41-50
EV09977,40,Female,108220.0,Suburban,62.0,2,SUV,1,4,No,3,Yes,High,No,31-40
EV09978,26,Male,96477.0,Urban,20.3,3,Sedan,11,12,Yes,3,Yes,Low,Yes,18-30
EV09979,65,Male,99905.0,Suburban,19.9,2,Sedan,7,9,Yes,3,Yes,Low,No,61-70
EV09980,50,Female,116532.0,Suburban,6.8,2,SUV,2,9,Yes,2,Yes,Low,No,41-50
EV09981,49,Other,70125.0,Urban,31.1,4,Sedan,8,3,No,2,Yes,Low,No,41-50
EV09982,42,Male,54399.0,Urban,20.5,1,Sedan,14,17,No,5,Yes,Low,No,41-50
EV09983,36,Male,90140.0,Suburban,51.8,2,Sedan,2,1,Yes,4,Yes,Low,No,31-40
EV09984,36,Female,90557.0,Urban,59.1,2,Hatchback,4,11,Yes,4,No,Low,No,31-40
EV09985,31,Male,84708.0,Urban,37.6,3,SUV,3,19,No,5,No,Low,No,31-40
EV09986,52,Male,88513.0,Suburban,52.0,1,Sedan,3,1,Yes,5,Yes,Low,Yes,51-60
EV09987,34,Male,85982.0,Urban,33.3,1,Hatchback,9,12,No,2,No,Low,No,31-40
EV09988,56,Male,30000.0,Urban,43.9,2,Truck,12,12,No,2,Yes,Low,No,51-60
EV09989,37,Female,63178.0,Urban,41.6,1,Sedan,7,6,Yes,1,No,Low,No,31-40
EV09990,26,Male,67725.0,Urban,43.4,4,Hatchback,6,16,Yes,2,Yes,Low,No,18-30
EV09991,66,Female,55836.0,Urban,61.1,1,Sedan,7,17,Yes,5,Yes,Low,No,61-70
EV09992,63,Female,113337.0,Rural,73.9,4,SUV,2,3,Yes,5,Yes,Low,Yes,61-70
EV09993,44,Male,33796.0,Suburban,27.1,1,Sedan,1,2,Yes,5,Yes,Low,Yes,41-50
EV09994,33,Female,53862.0,Urban,24.0,1,Sedan,8,4,No,3,Yes,Medium,No,31-40
EV09995,26,Male,91202.0,Urban,5.0,2,Hatchback,11,5,No,3,No,Low,No,18-30
EV09996,50,Male,61279.0,Urban,71.4,1,Sedan,8,3,No,3,Yes,Medium,No,41-50
EV09997,34,Male,108208.0,Urban,48.0,2,Hatchback,9,7,No,5,No,Low,No,31-40
EV09998,60,Female,97743.0,Urban,9.0,2,Sedan,10,3,No,5,Yes,Low,No,51-60
EV09999,31,Female,103628.0,Urban,81.8,2,SUV,10,10,Yes,1,Yes,Low,No,31-40
EV10000,64,Other,59052.0,Suburban,24.0,2,Hatchback,1,9,Yes,5,Yes,Low,No,61-70
